registry_import_batch_id	registry_import_row_number	registry_import_status	source_queue_file	source_queue_row_number	track_record_status	track_id_assignment_status	public_title_decision_status	pix_status	lt_pix_status	kkr_status	ci_status	import_notes	batch_row	source_csv	source_id	source_title	proposed_display_title	artist	album	duration	bpm	genre	url_present	batch_flags	triage_status	triage_reason	working_queue_triage_reason
GPMC-REG-IMPORT-DRAFT-CLEAN-GLOBAL-20260624	1	DRAFT_IMPORT_PENDING_REVIEW	docs/registry/batch-intake-working-queues/gpmc_clean_global_track_working_queue_20260624.tsv	2	TRACK_RECORD_NOT_CREATED	TRACK_ID_NOT_ASSIGNED	PUBLIC_TITLE_DRAFT_ONLY	PIX_NOT_CREATED	LT_PIX_NOT_CREATED	KKR_NOT_STARTED	CI_NOT_CREATED	Generated from conservative clean/global working queue; draft only; no final registry action.	1	gpm_stl.csv	44077375	TIL I'M DYIN' I'M TRYIN' - INSTRO	TIL I'M DYIN' I'M TRYIN' - INSTRO	gputnam	Busting Out	0:03:25	96.0	Rock, Pop, Indie	YES	GLOBAL_INSTRO_STANDARD	GLOBAL_STANDARD_APPLIED	GLOBAL_INSTRO_STANDARD	
GPMC-REG-IMPORT-DRAFT-CLEAN-GLOBAL-20260624	2	DRAFT_IMPORT_PENDING_REVIEW	docs/registry/batch-intake-working-queues/gpmc_clean_global_track_working_queue_20260624.tsv	3	TRACK_RECORD_NOT_CREATED	TRACK_ID_NOT_ASSIGNED	PUBLIC_TITLE_DRAFT_ONLY	PIX_NOT_CREATED	LT_PIX_NOT_CREATED	KKR_NOT_STARTED	CI_NOT_CREATED	Generated from conservative clean/global working queue; draft only; no final registry action.	2	gpm_stl.csv	44080078	IMAGINE IF - INSTRO	IMAGINE IF - INSTRO	G Putnam Music	Remembering Forgetting	0:03:27	61.0	Singer/Songwriter	YES	GLOBAL_INSTRO_STANDARD	GLOBAL_STANDARD_APPLIED	GLOBAL_INSTRO_STANDARD	
GPMC-REG-IMPORT-DRAFT-CLEAN-GLOBAL-20260624	3	DRAFT_IMPORT_PENDING_REVIEW	docs/registry/batch-intake-working-queues/gpmc_clean_global_track_working_queue_20260624.tsv	4	TRACK_RECORD_NOT_CREATED	TRACK_ID_NOT_ASSIGNED	PUBLIC_TITLE_DRAFT_ONLY	PIX_NOT_CREATED	LT_PIX_NOT_CREATED	KKR_NOT_STARTED	CI_NOT_CREATED	Generated from conservative clean/global working queue; draft only; no final registry action.	3	gpm_stl.csv	44080109	SOMEWHERE INSIDE - INSTRO	SOMEWHERE INSIDE - INSTRO	Cindy Youngren	Clearly	0:03:59	69.0	Pop, Indie	YES	GLOBAL_INSTRO_STANDARD	GLOBAL_STANDARD_APPLIED	GLOBAL_INSTRO_STANDARD	
GPMC-REG-IMPORT-DRAFT-CLEAN-GLOBAL-20260624	4	DRAFT_IMPORT_PENDING_REVIEW	docs/registry/batch-intake-working-queues/gpmc_clean_global_track_working_queue_20260624.tsv	5	TRACK_RECORD_NOT_CREATED	TRACK_ID_NOT_ASSIGNED	PUBLIC_TITLE_DRAFT_ONLY	PIX_NOT_CREATED	LT_PIX_NOT_CREATED	KKR_NOT_STARTED	CI_NOT_CREATED	Generated from conservative clean/global working queue; draft only; no final registry action.	4	gpm_stl.csv	63893177	MY BABY LEFT ME - INSTRO	MY BABY LEFT ME - INSTRO	G Putnam Music	Slight Light	0:03:46	71.0	Folk Rock, BGVs-OHs	YES	GLOBAL_INSTRO_STANDARD	GLOBAL_STANDARD_APPLIED	GLOBAL_INSTRO_STANDARD	
GPMC-REG-IMPORT-DRAFT-CLEAN-GLOBAL-20260624	5	DRAFT_IMPORT_PENDING_REVIEW	docs/registry/batch-intake-working-queues/gpmc_clean_global_track_working_queue_20260624.tsv	6	TRACK_RECORD_NOT_CREATED	TRACK_ID_NOT_ASSIGNED	PUBLIC_TITLE_DRAFT_ONLY	PIX_NOT_CREATED	LT_PIX_NOT_CREATED	KKR_NOT_STARTED	CI_NOT_CREATED	Generated from conservative clean/global working queue; draft only; no final registry action.	5	gpm_stl.csv	64057105	TIL I'M DYIN' I'M TRYIN'	TIL I'M DYIN' I'M TRYIN'	Zach Linley	Cowboy Country	0:03:25	96.0	Country	YES		BATCH_CLEAN_PENDING_REVIEW		
GPMC-REG-IMPORT-DRAFT-CLEAN-GLOBAL-20260624	6	DRAFT_IMPORT_PENDING_REVIEW	docs/registry/batch-intake-working-queues/gpmc_clean_global_track_working_queue_20260624.tsv	7	TRACK_RECORD_NOT_CREATED	TRACK_ID_NOT_ASSIGNED	PUBLIC_TITLE_DRAFT_ONLY	PIX_NOT_CREATED	LT_PIX_NOT_CREATED	KKR_NOT_STARTED	CI_NOT_CREATED	Generated from conservative clean/global working queue; draft only; no final registry action.	8	gpm_stl.csv	64057147	FEEL FREE - INSTRO	FEEL FREE - INSTRO	G Putnam Music	Desperate n’ Dirty	0:03:27	114.0	Pop, Country	YES	GLOBAL_INSTRO_STANDARD	GLOBAL_STANDARD_APPLIED	GLOBAL_INSTRO_STANDARD	
GPMC-REG-IMPORT-DRAFT-CLEAN-GLOBAL-20260624	7	DRAFT_IMPORT_PENDING_REVIEW	docs/registry/batch-intake-working-queues/gpmc_clean_global_track_working_queue_20260624.tsv	8	TRACK_RECORD_NOT_CREATED	TRACK_ID_NOT_ASSIGNED	PUBLIC_TITLE_DRAFT_ONLY	PIX_NOT_CREATED	LT_PIX_NOT_CREATED	KKR_NOT_STARTED	CI_NOT_CREATED	Generated from conservative clean/global working queue; draft only; no final registry action.	9	gpm_stl.csv	64057224	MISTY MIDNIGHT BLUE	MISTY MIDNIGHT BLUE	NATU Visinia	NATU Ought To	0:03:19	110.0	Pop/Country	YES		BATCH_CLEAN_PENDING_REVIEW		
GPMC-REG-IMPORT-DRAFT-CLEAN-GLOBAL-20260624	8	DRAFT_IMPORT_PENDING_REVIEW	docs/registry/batch-intake-working-queues/gpmc_clean_global_track_working_queue_20260624.tsv	9	TRACK_RECORD_NOT_CREATED	TRACK_ID_NOT_ASSIGNED	PUBLIC_TITLE_DRAFT_ONLY	PIX_NOT_CREATED	LT_PIX_NOT_CREATED	KKR_NOT_STARTED	CI_NOT_CREATED	Generated from conservative clean/global working queue; draft only; no final registry action.	10	gpm_stl.csv	64057298	OH SO CASUALLY	OH SO CASUALLY	Katie Beste	The Struggle	0:03:22	91.0	Mod Country	YES		BATCH_CLEAN_PENDING_REVIEW		
GPMC-REG-IMPORT-DRAFT-CLEAN-GLOBAL-20260624	9	DRAFT_IMPORT_PENDING_REVIEW	docs/registry/batch-intake-working-queues/gpmc_clean_global_track_working_queue_20260624.tsv	10	TRACK_RECORD_NOT_CREATED	TRACK_ID_NOT_ASSIGNED	PUBLIC_TITLE_DRAFT_ONLY	PIX_NOT_CREATED	LT_PIX_NOT_CREATED	KKR_NOT_STARTED	CI_NOT_CREATED	Generated from conservative clean/global working queue; draft only; no final registry action.	12	gpm_stl.csv	64057483	SWEETER THAN MINE - INSTRO	SWEETER THAN MINE - INSTRO	G Putnam Music	Pretty Pop	0:02:53	168.0	Indie	YES	GLOBAL_INSTRO_STANDARD	GLOBAL_STANDARD_APPLIED	GLOBAL_INSTRO_STANDARD	
GPMC-REG-IMPORT-DRAFT-CLEAN-GLOBAL-20260624	10	DRAFT_IMPORT_PENDING_REVIEW	docs/registry/batch-intake-working-queues/gpmc_clean_global_track_working_queue_20260624.tsv	11	TRACK_RECORD_NOT_CREATED	TRACK_ID_NOT_ASSIGNED	PUBLIC_TITLE_DRAFT_ONLY	PIX_NOT_CREATED	LT_PIX_NOT_CREATED	KKR_NOT_STARTED	CI_NOT_CREATED	Generated from conservative clean/global working queue; draft only; no final registry action.	14	gpm_stl.csv	64059291	THAT'S A HAVE-TO	THAT'S A HAVE-TO	Jade Lotzow	Female	0:03:35	94.0	Pop, Country	YES		BATCH_CLEAN_PENDING_REVIEW		
GPMC-REG-IMPORT-DRAFT-CLEAN-GLOBAL-20260624	11	DRAFT_IMPORT_PENDING_REVIEW	docs/registry/batch-intake-working-queues/gpmc_clean_global_track_working_queue_20260624.tsv	12	TRACK_RECORD_NOT_CREATED	TRACK_ID_NOT_ASSIGNED	PUBLIC_TITLE_DRAFT_ONLY	PIX_NOT_CREATED	LT_PIX_NOT_CREATED	KKR_NOT_STARTED	CI_NOT_CREATED	Generated from conservative clean/global working queue; draft only; no final registry action.	15	gpm_stl.csv	64059503	ESTOY BIEN - INSTRO	ESTOY BIEN - INSTRO	G Putnam Music	TV/Film	0:03:30	113.0	Cinema, Indie	YES	GLOBAL_INSTRO_STANDARD	GLOBAL_STANDARD_APPLIED	GLOBAL_INSTRO_STANDARD	
GPMC-REG-IMPORT-DRAFT-CLEAN-GLOBAL-20260624	12	DRAFT_IMPORT_PENDING_REVIEW	docs/registry/batch-intake-working-queues/gpmc_clean_global_track_working_queue_20260624.tsv	13	TRACK_RECORD_NOT_CREATED	TRACK_ID_NOT_ASSIGNED	PUBLIC_TITLE_DRAFT_ONLY	PIX_NOT_CREATED	LT_PIX_NOT_CREATED	KKR_NOT_STARTED	CI_NOT_CREATED	Generated from conservative clean/global working queue; draft only; no final registry action.	16	gpm_stl.csv	64059506	COME BACK-COME BACK - INSTRO	COME BACK-COME BACK - INSTRO	G Putnam Music	Rock till We Drop	0:03:00	99.0	Rock	YES	GLOBAL_INSTRO_STANDARD	GLOBAL_STANDARD_APPLIED	GLOBAL_INSTRO_STANDARD	
GPMC-REG-IMPORT-DRAFT-CLEAN-GLOBAL-20260624	13	DRAFT_IMPORT_PENDING_REVIEW	docs/registry/batch-intake-working-queues/gpmc_clean_global_track_working_queue_20260624.tsv	14	TRACK_RECORD_NOT_CREATED	TRACK_ID_NOT_ASSIGNED	PUBLIC_TITLE_DRAFT_ONLY	PIX_NOT_CREATED	LT_PIX_NOT_CREATED	KKR_NOT_STARTED	CI_NOT_CREATED	Generated from conservative clean/global working queue; draft only; no final registry action.	18	gpm_stl.csv	64059511	CLAWS - INSTRO	CLAWS - INSTRO	G Putnam Music	Sweet as Sexy	0:03:37	93.0	Indie Rock	YES	GLOBAL_INSTRO_STANDARD	GLOBAL_STANDARD_APPLIED	GLOBAL_INSTRO_STANDARD	
GPMC-REG-IMPORT-DRAFT-CLEAN-GLOBAL-20260624	14	DRAFT_IMPORT_PENDING_REVIEW	docs/registry/batch-intake-working-queues/gpmc_clean_global_track_working_queue_20260624.tsv	15	TRACK_RECORD_NOT_CREATED	TRACK_ID_NOT_ASSIGNED	PUBLIC_TITLE_DRAFT_ONLY	PIX_NOT_CREATED	LT_PIX_NOT_CREATED	KKR_NOT_STARTED	CI_NOT_CREATED	Generated from conservative clean/global working queue; draft only; no final registry action.	19	gpm_stl.csv	64059521	INTO THE LIGHT - INSTRO	INTO THE LIGHT - INSTRO	G Putnam Music	Synth Nymph	0:02:12	95.0	Indie	YES	GLOBAL_INSTRO_STANDARD	GLOBAL_STANDARD_APPLIED	GLOBAL_INSTRO_STANDARD	
GPMC-REG-IMPORT-DRAFT-CLEAN-GLOBAL-20260624	15	DRAFT_IMPORT_PENDING_REVIEW	docs/registry/batch-intake-working-queues/gpmc_clean_global_track_working_queue_20260624.tsv	16	TRACK_RECORD_NOT_CREATED	TRACK_ID_NOT_ASSIGNED	PUBLIC_TITLE_DRAFT_ONLY	PIX_NOT_CREATED	LT_PIX_NOT_CREATED	KKR_NOT_STARTED	CI_NOT_CREATED	Generated from conservative clean/global working queue; draft only; no final registry action.	20	gpm_stl.csv	64059708	SANDMAN'S COMIN' - INSTRO	SANDMAN'S COMIN' - INSTRO	G Putnam Music	Busting Out	0:02:46	90.0	Sync Rock	YES	GLOBAL_INSTRO_STANDARD	GLOBAL_STANDARD_APPLIED	GLOBAL_INSTRO_STANDARD	
GPMC-REG-IMPORT-DRAFT-CLEAN-GLOBAL-20260624	16	DRAFT_IMPORT_PENDING_REVIEW	docs/registry/batch-intake-working-queues/gpmc_clean_global_track_working_queue_20260624.tsv	17	TRACK_RECORD_NOT_CREATED	TRACK_ID_NOT_ASSIGNED	PUBLIC_TITLE_DRAFT_ONLY	PIX_NOT_CREATED	LT_PIX_NOT_CREATED	KKR_NOT_STARTED	CI_NOT_CREATED	Generated from conservative clean/global working queue; draft only; no final registry action.	21	gpm_stl.csv	64059726	CHANGE ME	CHANGE ME	Chris Krause	Change Me	0:03:32	88.0	Folk, Country	YES		BATCH_CLEAN_PENDING_REVIEW		
GPMC-REG-IMPORT-DRAFT-CLEAN-GLOBAL-20260624	17	DRAFT_IMPORT_PENDING_REVIEW	docs/registry/batch-intake-working-queues/gpmc_clean_global_track_working_queue_20260624.tsv	18	TRACK_RECORD_NOT_CREATED	TRACK_ID_NOT_ASSIGNED	PUBLIC_TITLE_DRAFT_ONLY	PIX_NOT_CREATED	LT_PIX_NOT_CREATED	KKR_NOT_STARTED	CI_NOT_CREATED	Generated from conservative clean/global working queue; draft only; no final registry action.	24	gpm_stl.csv	64059773	KENTUCKY IN HER HEART	KENTUCKY IN HER HEART	Alex Fehr	Subtly Simple	0:03:26	150.0	Indie, Country	YES		BATCH_CLEAN_PENDING_REVIEW		
GPMC-REG-IMPORT-DRAFT-CLEAN-GLOBAL-20260624	18	DRAFT_IMPORT_PENDING_REVIEW	docs/registry/batch-intake-working-queues/gpmc_clean_global_track_working_queue_20260624.tsv	19	TRACK_RECORD_NOT_CREATED	TRACK_ID_NOT_ASSIGNED	PUBLIC_TITLE_DRAFT_ONLY	PIX_NOT_CREATED	LT_PIX_NOT_CREATED	KKR_NOT_STARTED	CI_NOT_CREATED	Generated from conservative clean/global working queue; draft only; no final registry action.	28	gpm_stl.csv	68345674	MUSTA BEEN - INSTRO	MUSTA BEEN - INSTRO	G Putnam Music	Synth Nymph	0:02:51	72.0	Sync Indie Pop	YES	GLOBAL_INSTRO_STANDARD	GLOBAL_STANDARD_APPLIED	GLOBAL_INSTRO_STANDARD	
GPMC-REG-IMPORT-DRAFT-CLEAN-GLOBAL-20260624	19	DRAFT_IMPORT_PENDING_REVIEW	docs/registry/batch-intake-working-queues/gpmc_clean_global_track_working_queue_20260624.tsv	20	TRACK_RECORD_NOT_CREATED	TRACK_ID_NOT_ASSIGNED	PUBLIC_TITLE_DRAFT_ONLY	PIX_NOT_CREATED	LT_PIX_NOT_CREATED	KKR_NOT_STARTED	CI_NOT_CREATED	Generated from conservative clean/global working queue; draft only; no final registry action.	29	gpm_stl.csv	68563938	C'MON  COOL - INSTRO	C'MON  COOL - INSTRO	G Putnam Music	Clubbin'	0:02:54	141.0	Swing	YES	GLOBAL_INSTRO_STANDARD	GLOBAL_STANDARD_APPLIED	GLOBAL_INSTRO_STANDARD	
GPMC-REG-IMPORT-DRAFT-CLEAN-GLOBAL-20260624	20	DRAFT_IMPORT_PENDING_REVIEW	docs/registry/batch-intake-working-queues/gpmc_clean_global_track_working_queue_20260624.tsv	21	TRACK_RECORD_NOT_CREATED	TRACK_ID_NOT_ASSIGNED	PUBLIC_TITLE_DRAFT_ONLY	PIX_NOT_CREATED	LT_PIX_NOT_CREATED	KKR_NOT_STARTED	CI_NOT_CREATED	Generated from conservative clean/global working queue; draft only; no final registry action.	30	gpm_stl.csv	68836572	MAYBE TONIGHT - 60s - LOFI	MAYBE TONIGHT - 60s - LOFI	Zach Jackson	Classic Rock	0:02:18	154.0	60's Rock	YES		BATCH_CLEAN_PENDING_REVIEW		
GPMC-REG-IMPORT-DRAFT-CLEAN-GLOBAL-20260624	21	DRAFT_IMPORT_PENDING_REVIEW	docs/registry/batch-intake-working-queues/gpmc_clean_global_track_working_queue_20260624.tsv	22	TRACK_RECORD_NOT_CREATED	TRACK_ID_NOT_ASSIGNED	PUBLIC_TITLE_DRAFT_ONLY	PIX_NOT_CREATED	LT_PIX_NOT_CREATED	KKR_NOT_STARTED	CI_NOT_CREATED	Generated from conservative clean/global working queue; draft only; no final registry action.	31	gpm_stl.csv	68836598	I DO SWEAR	I DO SWEAR	Zach Jackson	Countin’ On Countin’ On	0:03:07	95.0	Indie	YES		BATCH_CLEAN_PENDING_REVIEW		
GPMC-REG-IMPORT-DRAFT-CLEAN-GLOBAL-20260624	22	DRAFT_IMPORT_PENDING_REVIEW	docs/registry/batch-intake-working-queues/gpmc_clean_global_track_working_queue_20260624.tsv	23	TRACK_RECORD_NOT_CREATED	TRACK_ID_NOT_ASSIGNED	PUBLIC_TITLE_DRAFT_ONLY	PIX_NOT_CREATED	LT_PIX_NOT_CREATED	KKR_NOT_STARTED	CI_NOT_CREATED	Generated from conservative clean/global working queue; draft only; no final registry action.	32	gpm_stl.csv	68836687	MAYBE TONIGHT - ELV-ISH	MAYBE TONIGHT - ELV-ISH	Zach Jackson	Classic	0:02:18	154.0	Vintage, Rock	YES		BATCH_CLEAN_PENDING_REVIEW		
GPMC-REG-IMPORT-DRAFT-CLEAN-GLOBAL-20260624	23	DRAFT_IMPORT_PENDING_REVIEW	docs/registry/batch-intake-working-queues/gpmc_clean_global_track_working_queue_20260624.tsv	24	TRACK_RECORD_NOT_CREATED	TRACK_ID_NOT_ASSIGNED	PUBLIC_TITLE_DRAFT_ONLY	PIX_NOT_CREATED	LT_PIX_NOT_CREATED	KKR_NOT_STARTED	CI_NOT_CREATED	Generated from conservative clean/global working queue; draft only; no final registry action.	34	gpm_stl.csv	69008710	OPEN ROAD	OPEN ROAD	G Putnam Music	Cowboy Country	0:03:01	117.0	Pop, Rock	YES		BATCH_CLEAN_PENDING_REVIEW		
GPMC-REG-IMPORT-DRAFT-CLEAN-GLOBAL-20260624	24	DRAFT_IMPORT_PENDING_REVIEW	docs/registry/batch-intake-working-queues/gpmc_clean_global_track_working_queue_20260624.tsv	25	TRACK_RECORD_NOT_CREATED	TRACK_ID_NOT_ASSIGNED	PUBLIC_TITLE_DRAFT_ONLY	PIX_NOT_CREATED	LT_PIX_NOT_CREATED	KKR_NOT_STARTED	CI_NOT_CREATED	Generated from conservative clean/global working queue; draft only; no final registry action.	35	gpm_stl.csv	69008730	TOUGH PEOPLE DO	TOUGH PEOPLE DO	KLEIGH	Dealin’ Feelin'	0:03:50	135.0	Folk/Country	YES		BATCH_CLEAN_PENDING_REVIEW		
GPMC-REG-IMPORT-DRAFT-CLEAN-GLOBAL-20260624	25	DRAFT_IMPORT_PENDING_REVIEW	docs/registry/batch-intake-working-queues/gpmc_clean_global_track_working_queue_20260624.tsv	26	TRACK_RECORD_NOT_CREATED	TRACK_ID_NOT_ASSIGNED	PUBLIC_TITLE_DRAFT_ONLY	PIX_NOT_CREATED	LT_PIX_NOT_CREATED	KKR_NOT_STARTED	CI_NOT_CREATED	Generated from conservative clean/global working queue; draft only; no final registry action.	36	gpm_stl.csv	69167937	BEIN' HER MAN	BEIN' HER MAN	Zach Jackson	Dealin' Feelin'	0:03:29	110.0	AC	YES		BATCH_CLEAN_PENDING_REVIEW		
GPMC-REG-IMPORT-DRAFT-CLEAN-GLOBAL-20260624	26	DRAFT_IMPORT_PENDING_REVIEW	docs/registry/batch-intake-working-queues/gpmc_clean_global_track_working_queue_20260624.tsv	27	TRACK_RECORD_NOT_CREATED	TRACK_ID_NOT_ASSIGNED	PUBLIC_TITLE_DRAFT_ONLY	PIX_NOT_CREATED	LT_PIX_NOT_CREATED	KKR_NOT_STARTED	CI_NOT_CREATED	Generated from conservative clean/global working queue; draft only; no final registry action.	37	gpm_stl.csv	69167992	YOU AIN'T SAYIN'	YOU AIN'T SAYIN'	Kris Bradley	Growing Stronger	0:04:03	88.0	Country, Pop	YES		BATCH_CLEAN_PENDING_REVIEW		
GPMC-REG-IMPORT-DRAFT-CLEAN-GLOBAL-20260624	27	DRAFT_IMPORT_PENDING_REVIEW	docs/registry/batch-intake-working-queues/gpmc_clean_global_track_working_queue_20260624.tsv	28	TRACK_RECORD_NOT_CREATED	TRACK_ID_NOT_ASSIGNED	PUBLIC_TITLE_DRAFT_ONLY	PIX_NOT_CREATED	LT_PIX_NOT_CREATED	KKR_NOT_STARTED	CI_NOT_CREATED	Generated from conservative clean/global working queue; draft only; no final registry action.	38	gpm_stl.csv	69167999	IN THE END	IN THE END	Aaron Lotzow	Comin’ Through	0:03:30	88.0	Country, Folk	YES		BATCH_CLEAN_PENDING_REVIEW		
GPMC-REG-IMPORT-DRAFT-CLEAN-GLOBAL-20260624	28	DRAFT_IMPORT_PENDING_REVIEW	docs/registry/batch-intake-working-queues/gpmc_clean_global_track_working_queue_20260624.tsv	29	TRACK_RECORD_NOT_CREATED	TRACK_ID_NOT_ASSIGNED	PUBLIC_TITLE_DRAFT_ONLY	PIX_NOT_CREATED	LT_PIX_NOT_CREATED	KKR_NOT_STARTED	CI_NOT_CREATED	Generated from conservative clean/global working queue; draft only; no final registry action.	40	gpm_stl.csv	69168036	REMEMBER A TIME - INSTRO	REMEMBER A TIME - INSTRO	G Putnam Music	Rembering Forgetting	0:03:39	96.0	Vintage Acoustic	YES	GLOBAL_INSTRO_STANDARD	GLOBAL_STANDARD_APPLIED	GLOBAL_INSTRO_STANDARD	
GPMC-REG-IMPORT-DRAFT-CLEAN-GLOBAL-20260624	29	DRAFT_IMPORT_PENDING_REVIEW	docs/registry/batch-intake-working-queues/gpmc_clean_global_track_working_queue_20260624.tsv	30	TRACK_RECORD_NOT_CREATED	TRACK_ID_NOT_ASSIGNED	PUBLIC_TITLE_DRAFT_ONLY	PIX_NOT_CREATED	LT_PIX_NOT_CREATED	KKR_NOT_STARTED	CI_NOT_CREATED	Generated from conservative clean/global working queue; draft only; no final registry action.	41	gpm_stl.csv	69168047	REMEMBER A TIME	REMEMBER A TIME	Patrik J Sheridan	Vintage	0:03:09	96.0	Folk, Indie	YES		BATCH_CLEAN_PENDING_REVIEW		
GPMC-REG-IMPORT-DRAFT-CLEAN-GLOBAL-20260624	30	DRAFT_IMPORT_PENDING_REVIEW	docs/registry/batch-intake-working-queues/gpmc_clean_global_track_working_queue_20260624.tsv	31	TRACK_RECORD_NOT_CREATED	TRACK_ID_NOT_ASSIGNED	PUBLIC_TITLE_DRAFT_ONLY	PIX_NOT_CREATED	LT_PIX_NOT_CREATED	KKR_NOT_STARTED	CI_NOT_CREATED	Generated from conservative clean/global working queue; draft only; no final registry action.	42	gpm_stl.csv	69168053	SOMETIMES	SOMETIMES	Billy Harper	Change Me	0:03:30	92.0	Rock, Country	YES		BATCH_CLEAN_PENDING_REVIEW		
GPMC-REG-IMPORT-DRAFT-CLEAN-GLOBAL-20260624	31	DRAFT_IMPORT_PENDING_REVIEW	docs/registry/batch-intake-working-queues/gpmc_clean_global_track_working_queue_20260624.tsv	32	TRACK_RECORD_NOT_CREATED	TRACK_ID_NOT_ASSIGNED	PUBLIC_TITLE_DRAFT_ONLY	PIX_NOT_CREATED	LT_PIX_NOT_CREATED	KKR_NOT_STARTED	CI_NOT_CREATED	Generated from conservative clean/global working queue; draft only; no final registry action.	43	gpm_stl.csv	69168056	SOMEWHERE INSIDE	SOMEWHERE INSIDE	Cindy Youngren	Clearly	0:03:59	69.0	Pop, Indie	YES		BATCH_CLEAN_PENDING_REVIEW		
GPMC-REG-IMPORT-DRAFT-CLEAN-GLOBAL-20260624	32	DRAFT_IMPORT_PENDING_REVIEW	docs/registry/batch-intake-working-queues/gpmc_clean_global_track_working_queue_20260624.tsv	33	TRACK_RECORD_NOT_CREATED	TRACK_ID_NOT_ASSIGNED	PUBLIC_TITLE_DRAFT_ONLY	PIX_NOT_CREATED	LT_PIX_NOT_CREATED	KKR_NOT_STARTED	CI_NOT_CREATED	Generated from conservative clean/global working queue; draft only; no final registry action.	45	gpm_stl.csv	69168066	THERE IS HERE	THERE IS HERE	Chris Krause	Cowboy Country	0:03:03	102.0	Americana	YES		BATCH_CLEAN_PENDING_REVIEW		
GPMC-REG-IMPORT-DRAFT-CLEAN-GLOBAL-20260624	33	DRAFT_IMPORT_PENDING_REVIEW	docs/registry/batch-intake-working-queues/gpmc_clean_global_track_working_queue_20260624.tsv	34	TRACK_RECORD_NOT_CREATED	TRACK_ID_NOT_ASSIGNED	PUBLIC_TITLE_DRAFT_ONLY	PIX_NOT_CREATED	LT_PIX_NOT_CREATED	KKR_NOT_STARTED	CI_NOT_CREATED	Generated from conservative clean/global working queue; draft only; no final registry action.	46	gpm_stl.csv	69169419	C'MON CHRISTMAS!	C'MON CHRISTMAS!	G Putnam Music	Christmas	0:02:54	141.0	Christmas, Cinematic, Film	YES		BATCH_CLEAN_PENDING_REVIEW		
GPMC-REG-IMPORT-DRAFT-CLEAN-GLOBAL-20260624	34	DRAFT_IMPORT_PENDING_REVIEW	docs/registry/batch-intake-working-queues/gpmc_clean_global_track_working_queue_20260624.tsv	35	TRACK_RECORD_NOT_CREATED	TRACK_ID_NOT_ASSIGNED	PUBLIC_TITLE_DRAFT_ONLY	PIX_NOT_CREATED	LT_PIX_NOT_CREATED	KKR_NOT_STARTED	CI_NOT_CREATED	Generated from conservative clean/global working queue; draft only; no final registry action.	47	gpm_stl.csv	69206210	FEEL FREE	FEEL FREE	Ashleigh Brucker	An Ash Bash	0:03:27	114.0	Pop, Country	YES		BATCH_CLEAN_PENDING_REVIEW		
GPMC-REG-IMPORT-DRAFT-CLEAN-GLOBAL-20260624	35	DRAFT_IMPORT_PENDING_REVIEW	docs/registry/batch-intake-working-queues/gpmc_clean_global_track_working_queue_20260624.tsv	36	TRACK_RECORD_NOT_CREATED	TRACK_ID_NOT_ASSIGNED	PUBLIC_TITLE_DRAFT_ONLY	PIX_NOT_CREATED	LT_PIX_NOT_CREATED	KKR_NOT_STARTED	CI_NOT_CREATED	Generated from conservative clean/global working queue; draft only; no final registry action.	48	gpm_stl.csv	69206292	GIVE ME A KISS - Ash	GIVE ME A KISS - Ash	Ashleigh Brucker	Sassy Sweet	0:03:37	72.0	Singer-Songwriter, Rock, Country	YES		BATCH_CLEAN_PENDING_REVIEW		
GPMC-REG-IMPORT-DRAFT-CLEAN-GLOBAL-20260624	36	DRAFT_IMPORT_PENDING_REVIEW	docs/registry/batch-intake-working-queues/gpmc_clean_global_track_working_queue_20260624.tsv	37	TRACK_RECORD_NOT_CREATED	TRACK_ID_NOT_ASSIGNED	PUBLIC_TITLE_DRAFT_ONLY	PIX_NOT_CREATED	LT_PIX_NOT_CREATED	KKR_NOT_STARTED	CI_NOT_CREATED	Generated from conservative clean/global working queue; draft only; no final registry action.	49	gpm_stl.csv	69206458	IMAGINE IF	IMAGINE IF	Alex Wahlbert	Growing Stronger	0:03:27	61.0	Singer/Songwriter, FOLK	YES		BATCH_CLEAN_PENDING_REVIEW		
GPMC-REG-IMPORT-DRAFT-CLEAN-GLOBAL-20260624	37	DRAFT_IMPORT_PENDING_REVIEW	docs/registry/batch-intake-working-queues/gpmc_clean_global_track_working_queue_20260624.tsv	38	TRACK_RECORD_NOT_CREATED	TRACK_ID_NOT_ASSIGNED	PUBLIC_TITLE_DRAFT_ONLY	PIX_NOT_CREATED	LT_PIX_NOT_CREATED	KKR_NOT_STARTED	CI_NOT_CREATED	Generated from conservative clean/global working queue; draft only; no final registry action.	50	gpm_stl.csv	69206646	KEEPIN' IT COUNTRY	KEEPIN' IT COUNTRY	Elle Christine	Elle’s Bells	0:03:13	122.0	Americana, Country	YES		BATCH_CLEAN_PENDING_REVIEW		
GPMC-REG-IMPORT-DRAFT-CLEAN-GLOBAL-20260624	38	DRAFT_IMPORT_PENDING_REVIEW	docs/registry/batch-intake-working-queues/gpmc_clean_global_track_working_queue_20260624.tsv	39	TRACK_RECORD_NOT_CREATED	TRACK_ID_NOT_ASSIGNED	PUBLIC_TITLE_DRAFT_ONLY	PIX_NOT_CREATED	LT_PIX_NOT_CREATED	KKR_NOT_STARTED	CI_NOT_CREATED	Generated from conservative clean/global working queue; draft only; no final registry action.	51	gpm_stl.csv	69207118	NEVER BEEN	NEVER BEEN	G Putnam Music	Sexy Swagger	0:03:20	127.0	Alt Rock, Country	YES		BATCH_CLEAN_PENDING_REVIEW		
GPMC-REG-IMPORT-DRAFT-CLEAN-GLOBAL-20260624	39	DRAFT_IMPORT_PENDING_REVIEW	docs/registry/batch-intake-working-queues/gpmc_clean_global_track_working_queue_20260624.tsv	40	TRACK_RECORD_NOT_CREATED	TRACK_ID_NOT_ASSIGNED	PUBLIC_TITLE_DRAFT_ONLY	PIX_NOT_CREATED	LT_PIX_NOT_CREATED	KKR_NOT_STARTED	CI_NOT_CREATED	Generated from conservative clean/global working queue; draft only; no final registry action.	53	gpm_stl.csv	69207261	LIFE NEW	LIFE NEW	Anjanel Folkens	Change Me	0:03:36	84.0	Rock, Country	YES		BATCH_CLEAN_PENDING_REVIEW		
GPMC-REG-IMPORT-DRAFT-CLEAN-GLOBAL-20260624	40	DRAFT_IMPORT_PENDING_REVIEW	docs/registry/batch-intake-working-queues/gpmc_clean_global_track_working_queue_20260624.tsv	41	TRACK_RECORD_NOT_CREATED	TRACK_ID_NOT_ASSIGNED	PUBLIC_TITLE_DRAFT_ONLY	PIX_NOT_CREATED	LT_PIX_NOT_CREATED	KKR_NOT_STARTED	CI_NOT_CREATED	Generated from conservative clean/global working queue; draft only; no final registry action.	54	gpm_stl.csv	69207383	PAWN SHOP	PAWN SHOP	Elle Christine	Clearly	0:03:16	84.0	Country/Pop	YES		BATCH_CLEAN_PENDING_REVIEW		
GPMC-REG-IMPORT-DRAFT-CLEAN-GLOBAL-20260624	41	DRAFT_IMPORT_PENDING_REVIEW	docs/registry/batch-intake-working-queues/gpmc_clean_global_track_working_queue_20260624.tsv	42	TRACK_RECORD_NOT_CREATED	TRACK_ID_NOT_ASSIGNED	PUBLIC_TITLE_DRAFT_ONLY	PIX_NOT_CREATED	LT_PIX_NOT_CREATED	KKR_NOT_STARTED	CI_NOT_CREATED	Generated from conservative clean/global working queue; draft only; no final registry action.	55	gpm_stl.csv	69207533	GOT ME SMOKIN' - '24	GOT ME SMOKIN' - '24	Lilli O'Dowd	Lovin' with Lilli	0:03:24	138.0	Pop, Indie	YES		BATCH_CLEAN_PENDING_REVIEW		
GPMC-REG-IMPORT-DRAFT-CLEAN-GLOBAL-20260624	42	DRAFT_IMPORT_PENDING_REVIEW	docs/registry/batch-intake-working-queues/gpmc_clean_global_track_working_queue_20260624.tsv	43	TRACK_RECORD_NOT_CREATED	TRACK_ID_NOT_ASSIGNED	PUBLIC_TITLE_DRAFT_ONLY	PIX_NOT_CREATED	LT_PIX_NOT_CREATED	KKR_NOT_STARTED	CI_NOT_CREATED	Generated from conservative clean/global working queue; draft only; no final registry action.	56	gpm_stl.csv	70130394	LEARNIN' LIFE - INSTRO	LEARNIN' LIFE - INSTRO	G Putnam Music	Dance Steady	0:03:28	85.0	Rock, Pop, Indie, Country, Blues, BVGs	YES	GLOBAL_INSTRO_STANDARD	GLOBAL_STANDARD_APPLIED	GLOBAL_INSTRO_STANDARD	
GPMC-REG-IMPORT-DRAFT-CLEAN-GLOBAL-20260624	43	DRAFT_IMPORT_PENDING_REVIEW	docs/registry/batch-intake-working-queues/gpmc_clean_global_track_working_queue_20260624.tsv	44	TRACK_RECORD_NOT_CREATED	TRACK_ID_NOT_ASSIGNED	PUBLIC_TITLE_DRAFT_ONLY	PIX_NOT_CREATED	LT_PIX_NOT_CREATED	KKR_NOT_STARTED	CI_NOT_CREATED	Generated from conservative clean/global working queue; draft only; no final registry action.	57	gpm_stl.csv	70319514	NOTHING MEANS NOTHING - INSTRO	NOTHING MEANS NOTHING - INSTRO	G Putnam Music	Clubbin'	0:02:55	108.0	Upbeat Synth	YES	GLOBAL_INSTRO_STANDARD	GLOBAL_STANDARD_APPLIED	GLOBAL_INSTRO_STANDARD	
GPMC-REG-IMPORT-DRAFT-CLEAN-GLOBAL-20260624	44	DRAFT_IMPORT_PENDING_REVIEW	docs/registry/batch-intake-working-queues/gpmc_clean_global_track_working_queue_20260624.tsv	45	TRACK_RECORD_NOT_CREATED	TRACK_ID_NOT_ASSIGNED	PUBLIC_TITLE_DRAFT_ONLY	PIX_NOT_CREATED	LT_PIX_NOT_CREATED	KKR_NOT_STARTED	CI_NOT_CREATED	Generated from conservative clean/global working queue; draft only; no final registry action.	58	gpm_stl.csv	71084622	CHASER  (NASCAR)	CHASER  (NASCAR)	NATU Visinia	Sexy Swagger	0:02:40	82.0	Country, Pop	YES		BATCH_CLEAN_PENDING_REVIEW		
GPMC-REG-IMPORT-DRAFT-CLEAN-GLOBAL-20260624	45	DRAFT_IMPORT_PENDING_REVIEW	docs/registry/batch-intake-working-queues/gpmc_clean_global_track_working_queue_20260624.tsv	46	TRACK_RECORD_NOT_CREATED	TRACK_ID_NOT_ASSIGNED	PUBLIC_TITLE_DRAFT_ONLY	PIX_NOT_CREATED	LT_PIX_NOT_CREATED	KKR_NOT_STARTED	CI_NOT_CREATED	Generated from conservative clean/global working queue; draft only; no final registry action.	59	gpm_stl.csv	71121598	TIME KEEPS ON MOVIN'	TIME KEEPS ON MOVIN'	Emily Hope	Clearly	0:02:50	79.0	Indie	YES		BATCH_CLEAN_PENDING_REVIEW		
GPMC-REG-IMPORT-DRAFT-CLEAN-GLOBAL-20260624	46	DRAFT_IMPORT_PENDING_REVIEW	docs/registry/batch-intake-working-queues/gpmc_clean_global_track_working_queue_20260624.tsv	47	TRACK_RECORD_NOT_CREATED	TRACK_ID_NOT_ASSIGNED	PUBLIC_TITLE_DRAFT_ONLY	PIX_NOT_CREATED	LT_PIX_NOT_CREATED	KKR_NOT_STARTED	CI_NOT_CREATED	Generated from conservative clean/global working queue; draft only; no final registry action.	60	gpm_stl.csv	71303470	HOME IS SUNNY - INSTRO ONLY	HOME IS SUNNY - INSTRO ONLY - INSTRO	G Putnam Music	Banjo	0:03:09	84.0	Film	YES	GLOBAL_INSTRO_STANDARD	GLOBAL_STANDARD_APPLIED	GLOBAL_INSTRO_STANDARD	
GPMC-REG-IMPORT-DRAFT-CLEAN-GLOBAL-20260624	47	DRAFT_IMPORT_PENDING_REVIEW	docs/registry/batch-intake-working-queues/gpmc_clean_global_track_working_queue_20260624.tsv	48	TRACK_RECORD_NOT_CREATED	TRACK_ID_NOT_ASSIGNED	PUBLIC_TITLE_DRAFT_ONLY	PIX_NOT_CREATED	LT_PIX_NOT_CREATED	KKR_NOT_STARTED	CI_NOT_CREATED	Generated from conservative clean/global working queue; draft only; no final registry action.	61	gpm_stl.csv	71305650	MIDNIGHT HIRE - INSTRO	MIDNIGHT HIRE - INSTRO	G Putnam Music	Synth Nymph	0:02:27	63.0	Ambient	YES	GLOBAL_INSTRO_STANDARD	GLOBAL_STANDARD_APPLIED	GLOBAL_INSTRO_STANDARD	
GPMC-REG-IMPORT-DRAFT-CLEAN-GLOBAL-20260624	48	DRAFT_IMPORT_PENDING_REVIEW	docs/registry/batch-intake-working-queues/gpmc_clean_global_track_working_queue_20260624.tsv	49	TRACK_RECORD_NOT_CREATED	TRACK_ID_NOT_ASSIGNED	PUBLIC_TITLE_DRAFT_ONLY	PIX_NOT_CREATED	LT_PIX_NOT_CREATED	KKR_NOT_STARTED	CI_NOT_CREATED	Generated from conservative clean/global working queue; draft only; no final registry action.	62	gpm_stl.csv	71352924	I LIVE FOR THIS - INSTRO	I LIVE FOR THIS - INSTRO	G Putnam Music	Desperate & Dirty	0:03:10	90.0	Americana	YES	GLOBAL_INSTRO_STANDARD	GLOBAL_STANDARD_APPLIED	GLOBAL_INSTRO_STANDARD	
GPMC-REG-IMPORT-DRAFT-CLEAN-GLOBAL-20260624	49	DRAFT_IMPORT_PENDING_REVIEW	docs/registry/batch-intake-working-queues/gpmc_clean_global_track_working_queue_20260624.tsv	50	TRACK_RECORD_NOT_CREATED	TRACK_ID_NOT_ASSIGNED	PUBLIC_TITLE_DRAFT_ONLY	PIX_NOT_CREATED	LT_PIX_NOT_CREATED	KKR_NOT_STARTED	CI_NOT_CREATED	Generated from conservative clean/global working queue; draft only; no final registry action.	63	gpm_stl.csv	72435003	DARK CLOUD - 3 - SYNTH	DARK CLOUD - 3 - SYNTH	Olivia Joy	Subtly Simple	0:02:36	130.0	Indie	YES		BATCH_CLEAN_PENDING_REVIEW		
GPMC-REG-IMPORT-DRAFT-CLEAN-GLOBAL-20260624	50	DRAFT_IMPORT_PENDING_REVIEW	docs/registry/batch-intake-working-queues/gpmc_clean_global_track_working_queue_20260624.tsv	51	TRACK_RECORD_NOT_CREATED	TRACK_ID_NOT_ASSIGNED	PUBLIC_TITLE_DRAFT_ONLY	PIX_NOT_CREATED	LT_PIX_NOT_CREATED	KKR_NOT_STARTED	CI_NOT_CREATED	Generated from conservative clean/global working queue; draft only; no final registry action.	65	gpm_stl.csv	72479226	SANDMAN'S COMIN'	SANDMAN'S COMIN'	Elliot Sedgwick	Sports of Sorts	0:02:46	89.0	Rock	YES		BATCH_CLEAN_PENDING_REVIEW		
GPMC-REG-IMPORT-DRAFT-CLEAN-GLOBAL-20260624	51	DRAFT_IMPORT_PENDING_REVIEW	docs/registry/batch-intake-working-queues/gpmc_clean_global_track_working_queue_20260624.tsv	52	TRACK_RECORD_NOT_CREATED	TRACK_ID_NOT_ASSIGNED	PUBLIC_TITLE_DRAFT_ONLY	PIX_NOT_CREATED	LT_PIX_NOT_CREATED	KKR_NOT_STARTED	CI_NOT_CREATED	Generated from conservative clean/global working queue; draft only; no final registry action.	66	gpm_stl.csv	72565024	COME BACK - COME BACK - NATU	COME BACK - COME BACK - NATU	NATU Visinia	Change Me	0:03:00	99.0	Country, Pop	YES		BATCH_CLEAN_PENDING_REVIEW		
GPMC-REG-IMPORT-DRAFT-CLEAN-GLOBAL-20260624	52	DRAFT_IMPORT_PENDING_REVIEW	docs/registry/batch-intake-working-queues/gpmc_clean_global_track_working_queue_20260624.tsv	53	TRACK_RECORD_NOT_CREATED	TRACK_ID_NOT_ASSIGNED	PUBLIC_TITLE_DRAFT_ONLY	PIX_NOT_CREATED	LT_PIX_NOT_CREATED	KKR_NOT_STARTED	CI_NOT_CREATED	Generated from conservative clean/global working queue; draft only; no final registry action.	68	gpm_stl.csv	72661952	GOIN' NOWHERE	GOIN' NOWHERE	Ashleigh Brucker	Change Me	0:03:14	142.0	Rock Blues	YES		BATCH_CLEAN_PENDING_REVIEW		
GPMC-REG-IMPORT-DRAFT-CLEAN-GLOBAL-20260624	53	DRAFT_IMPORT_PENDING_REVIEW	docs/registry/batch-intake-working-queues/gpmc_clean_global_track_working_queue_20260624.tsv	54	TRACK_RECORD_NOT_CREATED	TRACK_ID_NOT_ASSIGNED	PUBLIC_TITLE_DRAFT_ONLY	PIX_NOT_CREATED	LT_PIX_NOT_CREATED	KKR_NOT_STARTED	CI_NOT_CREATED	Generated from conservative clean/global working queue; draft only; no final registry action.	69	gpm_stl.csv	72663658	HAVE-TO - DUET	HAVE-TO - DUET	Aaron & Jade Lotzow	DUET	0:03:40	84.0	Mod Country	YES		BATCH_CLEAN_PENDING_REVIEW		
GPMC-REG-IMPORT-DRAFT-CLEAN-GLOBAL-20260624	54	DRAFT_IMPORT_PENDING_REVIEW	docs/registry/batch-intake-working-queues/gpmc_clean_global_track_working_queue_20260624.tsv	55	TRACK_RECORD_NOT_CREATED	TRACK_ID_NOT_ASSIGNED	PUBLIC_TITLE_DRAFT_ONLY	PIX_NOT_CREATED	LT_PIX_NOT_CREATED	KKR_NOT_STARTED	CI_NOT_CREATED	Generated from conservative clean/global working queue; draft only; no final registry action.	70	gpm_stl.csv	72663750	WORLD OF WORDS — DUET	WORLD OF WORDS — DUET	Sam Masini, Zach Jackson	DUET	0:03:12	76.0	Indie	YES		BATCH_CLEAN_PENDING_REVIEW		
GPMC-REG-IMPORT-DRAFT-CLEAN-GLOBAL-20260624	55	DRAFT_IMPORT_PENDING_REVIEW	docs/registry/batch-intake-working-queues/gpmc_clean_global_track_working_queue_20260624.tsv	56	TRACK_RECORD_NOT_CREATED	TRACK_ID_NOT_ASSIGNED	PUBLIC_TITLE_DRAFT_ONLY	PIX_NOT_CREATED	LT_PIX_NOT_CREATED	KKR_NOT_STARTED	CI_NOT_CREATED	Generated from conservative clean/global working queue; draft only; no final registry action.	71	gpm_stl.csv	73205191	I WANT YOU - 70s - Neil YoungISH	I WANT YOU - 70s - Neil YoungISH	Zach Jackson	Classic	0:03:00	125.0	70s Rock	YES		BATCH_CLEAN_PENDING_REVIEW		
GPMC-REG-IMPORT-DRAFT-CLEAN-GLOBAL-20260624	56	DRAFT_IMPORT_PENDING_REVIEW	docs/registry/batch-intake-working-queues/gpmc_clean_global_track_working_queue_20260624.tsv	57	TRACK_RECORD_NOT_CREATED	TRACK_ID_NOT_ASSIGNED	PUBLIC_TITLE_DRAFT_ONLY	PIX_NOT_CREATED	LT_PIX_NOT_CREATED	KKR_NOT_STARTED	CI_NOT_CREATED	Generated from conservative clean/global working queue; draft only; no final registry action.	72	gpm_stl.csv	73263359	BELIEVE IN ME	BELIEVE IN ME	Chris Krause	Trad RICH n’ All	0:03:22	76.0	Country, MINIMAL, Story	YES		BATCH_CLEAN_PENDING_REVIEW		
GPMC-REG-IMPORT-DRAFT-CLEAN-GLOBAL-20260624	57	DRAFT_IMPORT_PENDING_REVIEW	docs/registry/batch-intake-working-queues/gpmc_clean_global_track_working_queue_20260624.tsv	58	TRACK_RECORD_NOT_CREATED	TRACK_ID_NOT_ASSIGNED	PUBLIC_TITLE_DRAFT_ONLY	PIX_NOT_CREATED	LT_PIX_NOT_CREATED	KKR_NOT_STARTED	CI_NOT_CREATED	Generated from conservative clean/global working queue; draft only; no final registry action.	73	gpm_stl.csv	73277502	SPARK THE FLAME	SPARK THE FLAME	Tyler Houk	Sexy Swagger	0:03:13	80.0	Country	YES		BATCH_CLEAN_PENDING_REVIEW		
GPMC-REG-IMPORT-DRAFT-CLEAN-GLOBAL-20260624	58	DRAFT_IMPORT_PENDING_REVIEW	docs/registry/batch-intake-working-queues/gpmc_clean_global_track_working_queue_20260624.tsv	59	TRACK_RECORD_NOT_CREATED	TRACK_ID_NOT_ASSIGNED	PUBLIC_TITLE_DRAFT_ONLY	PIX_NOT_CREATED	LT_PIX_NOT_CREATED	KKR_NOT_STARTED	CI_NOT_CREATED	Generated from conservative clean/global working queue; draft only; no final registry action.	74	gpm_stl.csv	73294620	HELLO MELLOW - INSTRO	HELLO MELLOW - INSTRO	Michael Scherer	Scherer Delight	0:03:34	130.0	HipHop R&B	YES	GLOBAL_INSTRO_STANDARD	GLOBAL_STANDARD_APPLIED	GLOBAL_INSTRO_STANDARD	
GPMC-REG-IMPORT-DRAFT-CLEAN-GLOBAL-20260624	59	DRAFT_IMPORT_PENDING_REVIEW	docs/registry/batch-intake-working-queues/gpmc_clean_global_track_working_queue_20260624.tsv	60	TRACK_RECORD_NOT_CREATED	TRACK_ID_NOT_ASSIGNED	PUBLIC_TITLE_DRAFT_ONLY	PIX_NOT_CREATED	LT_PIX_NOT_CREATED	KKR_NOT_STARTED	CI_NOT_CREATED	Generated from conservative clean/global working queue; draft only; no final registry action.	75	gpm_stl.csv	73295720	CHANGE FOR THE BETTER - INSTRO	CHANGE FOR THE BETTER - INSTRO	Michael Scherer	He Has Jazz	0:04:49	98.0	FILM, CINEMATIC, R&B, Jazz	YES	GLOBAL_INSTRO_STANDARD	GLOBAL_STANDARD_APPLIED	GLOBAL_INSTRO_STANDARD	
GPMC-REG-IMPORT-DRAFT-CLEAN-GLOBAL-20260624	60	DRAFT_IMPORT_PENDING_REVIEW	docs/registry/batch-intake-working-queues/gpmc_clean_global_track_working_queue_20260624.tsv	61	TRACK_RECORD_NOT_CREATED	TRACK_ID_NOT_ASSIGNED	PUBLIC_TITLE_DRAFT_ONLY	PIX_NOT_CREATED	LT_PIX_NOT_CREATED	KKR_NOT_STARTED	CI_NOT_CREATED	Generated from conservative clean/global working queue; draft only; no final registry action.	78	gpm_stl.csv	73598276	DARK CLOUD - 4	DARK CLOUD - 4	Olivia Joy	Growing Stronger	0:02:33	130.0	Electronic, Dance, Pop	YES		BATCH_CLEAN_PENDING_REVIEW		
GPMC-REG-IMPORT-DRAFT-CLEAN-GLOBAL-20260624	61	DRAFT_IMPORT_PENDING_REVIEW	docs/registry/batch-intake-working-queues/gpmc_clean_global_track_working_queue_20260624.tsv	62	TRACK_RECORD_NOT_CREATED	TRACK_ID_NOT_ASSIGNED	PUBLIC_TITLE_DRAFT_ONLY	PIX_NOT_CREATED	LT_PIX_NOT_CREATED	KKR_NOT_STARTED	CI_NOT_CREATED	Generated from conservative clean/global working queue; draft only; no final registry action.	79	gpm_stl.csv	73598281	DARK CLOUD - 4 - El Remix - INSTRO	DARK CLOUD - 4 - El Remix - INSTRO	G Putnam Music	Crawlin' Not Fallin'	0:02:33	130.0	Electronic, Dance, Pop	YES	GLOBAL_INSTRO_STANDARD	GLOBAL_STANDARD_APPLIED	GLOBAL_INSTRO_STANDARD	
GPMC-REG-IMPORT-DRAFT-CLEAN-GLOBAL-20260624	62	DRAFT_IMPORT_PENDING_REVIEW	docs/registry/batch-intake-working-queues/gpmc_clean_global_track_working_queue_20260624.tsv	63	TRACK_RECORD_NOT_CREATED	TRACK_ID_NOT_ASSIGNED	PUBLIC_TITLE_DRAFT_ONLY	PIX_NOT_CREATED	LT_PIX_NOT_CREATED	KKR_NOT_STARTED	CI_NOT_CREATED	Generated from conservative clean/global working queue; draft only; no final registry action.	80	gpm_stl.csv	73701169	MAYBE TONIGHT - ROCK INSTRO	MAYBE TONIGHT - ROCK - INSTRO	G Putnam Music	Rock Till We Drop	0:03:19	154.0	Classic Rock	YES	GLOBAL_INSTRO_STANDARD	GLOBAL_STANDARD_APPLIED	GLOBAL_INSTRO_STANDARD	
GPMC-REG-IMPORT-DRAFT-CLEAN-GLOBAL-20260624	63	DRAFT_IMPORT_PENDING_REVIEW	docs/registry/batch-intake-working-queues/gpmc_clean_global_track_working_queue_20260624.tsv	64	TRACK_RECORD_NOT_CREATED	TRACK_ID_NOT_ASSIGNED	PUBLIC_TITLE_DRAFT_ONLY	PIX_NOT_CREATED	LT_PIX_NOT_CREATED	KKR_NOT_STARTED	CI_NOT_CREATED	Generated from conservative clean/global working queue; draft only; no final registry action.	81	gpm_stl.csv	73701299	ESTOY BIEN	ESTOY BIEN	NATU Visinia	Festive	0:02:54	113.0	Indie Rock	YES		BATCH_CLEAN_PENDING_REVIEW		
GPMC-REG-IMPORT-DRAFT-CLEAN-GLOBAL-20260624	64	DRAFT_IMPORT_PENDING_REVIEW	docs/registry/batch-intake-working-queues/gpmc_clean_global_track_working_queue_20260624.tsv	65	TRACK_RECORD_NOT_CREATED	TRACK_ID_NOT_ASSIGNED	PUBLIC_TITLE_DRAFT_ONLY	PIX_NOT_CREATED	LT_PIX_NOT_CREATED	KKR_NOT_STARTED	CI_NOT_CREATED	Generated from conservative clean/global working queue; draft only; no final registry action.	84	gpm_stl.csv	73907259	DARK CLOUD - 2 - Cello	DARK CLOUD - 2 - Cello	G Putnam Music	Soft Female Country	0:03:27	70.0	Alt Country	YES		BATCH_CLEAN_PENDING_REVIEW		
GPMC-REG-IMPORT-DRAFT-CLEAN-GLOBAL-20260624	65	DRAFT_IMPORT_PENDING_REVIEW	docs/registry/batch-intake-working-queues/gpmc_clean_global_track_working_queue_20260624.tsv	66	TRACK_RECORD_NOT_CREATED	TRACK_ID_NOT_ASSIGNED	PUBLIC_TITLE_DRAFT_ONLY	PIX_NOT_CREATED	LT_PIX_NOT_CREATED	KKR_NOT_STARTED	CI_NOT_CREATED	Generated from conservative clean/global working queue; draft only; no final registry action.	85	gpm_stl.csv	73928045	TOO SOON	TOO SOON	Cindy Youngren	Vintage 90s	0:02:46	93.0	Rock	YES		BATCH_CLEAN_PENDING_REVIEW		
GPMC-REG-IMPORT-DRAFT-CLEAN-GLOBAL-20260624	66	DRAFT_IMPORT_PENDING_REVIEW	docs/registry/batch-intake-working-queues/gpmc_clean_global_track_working_queue_20260624.tsv	67	TRACK_RECORD_NOT_CREATED	TRACK_ID_NOT_ASSIGNED	PUBLIC_TITLE_DRAFT_ONLY	PIX_NOT_CREATED	LT_PIX_NOT_CREATED	KKR_NOT_STARTED	CI_NOT_CREATED	Generated from conservative clean/global working queue; draft only; no final registry action.	86	gpm_stl.csv	73971801	COOL - HUMOROUS	COOL - HUMOROUS	Anjanel Folkens	Trad RICH n’ All	0:03:06	141.0	Americana, Blues, Country	YES		BATCH_CLEAN_PENDING_REVIEW		
GPMC-REG-IMPORT-DRAFT-CLEAN-GLOBAL-20260624	67	DRAFT_IMPORT_PENDING_REVIEW	docs/registry/batch-intake-working-queues/gpmc_clean_global_track_working_queue_20260624.tsv	68	TRACK_RECORD_NOT_CREATED	TRACK_ID_NOT_ASSIGNED	PUBLIC_TITLE_DRAFT_ONLY	PIX_NOT_CREATED	LT_PIX_NOT_CREATED	KKR_NOT_STARTED	CI_NOT_CREATED	Generated from conservative clean/global working queue; draft only; no final registry action.	87	gpm_stl.csv	73980318	HEART'S OFF BREAK - INSTRO	HEART'S OFF BREAK - INSTRO	G Putnam Music	Dance Steady	0:03:09	95.0	Soul, Pop	YES	GLOBAL_INSTRO_STANDARD	GLOBAL_STANDARD_APPLIED	GLOBAL_INSTRO_STANDARD	
GPMC-REG-IMPORT-DRAFT-CLEAN-GLOBAL-20260624	68	DRAFT_IMPORT_PENDING_REVIEW	docs/registry/batch-intake-working-queues/gpmc_clean_global_track_working_queue_20260624.tsv	69	TRACK_RECORD_NOT_CREATED	TRACK_ID_NOT_ASSIGNED	PUBLIC_TITLE_DRAFT_ONLY	PIX_NOT_CREATED	LT_PIX_NOT_CREATED	KKR_NOT_STARTED	CI_NOT_CREATED	Generated from conservative clean/global working queue; draft only; no final registry action.	88	gpm_stl.csv	73997218	SAYIN' GOODBYE	SAYIN' GOODBYE	Ashleigh Brucker	An Ash Bash	0:03:25	88.0	Country	YES		BATCH_CLEAN_PENDING_REVIEW		
GPMC-REG-IMPORT-DRAFT-CLEAN-GLOBAL-20260624	69	DRAFT_IMPORT_PENDING_REVIEW	docs/registry/batch-intake-working-queues/gpmc_clean_global_track_working_queue_20260624.tsv	70	TRACK_RECORD_NOT_CREATED	TRACK_ID_NOT_ASSIGNED	PUBLIC_TITLE_DRAFT_ONLY	PIX_NOT_CREATED	LT_PIX_NOT_CREATED	KKR_NOT_STARTED	CI_NOT_CREATED	Generated from conservative clean/global working queue; draft only; no final registry action.	89	gpm_stl.csv	74053220	CHASER - INSTRO	CHASER - INSTRO	G Putnam Music	Sweet as Sexy	0:02:40	82.0	Rock, Pop	YES	GLOBAL_INSTRO_STANDARD	GLOBAL_STANDARD_APPLIED	GLOBAL_INSTRO_STANDARD	
GPMC-REG-IMPORT-DRAFT-CLEAN-GLOBAL-20260624	70	DRAFT_IMPORT_PENDING_REVIEW	docs/registry/batch-intake-working-queues/gpmc_clean_global_track_working_queue_20260624.tsv	71	TRACK_RECORD_NOT_CREATED	TRACK_ID_NOT_ASSIGNED	PUBLIC_TITLE_DRAFT_ONLY	PIX_NOT_CREATED	LT_PIX_NOT_CREATED	KKR_NOT_STARTED	CI_NOT_CREATED	Generated from conservative clean/global working queue; draft only; no final registry action.	90	gpm_stl.csv	74170651	INTO THE LIGHT - DUO Harmonies	INTO THE LIGHT - DUO Harmonies	Emily Hope, Erik W Nelson	Crawling NOT Falling	0:02:12	95.0	Indie	YES		BATCH_CLEAN_PENDING_REVIEW		
GPMC-REG-IMPORT-DRAFT-CLEAN-GLOBAL-20260624	71	DRAFT_IMPORT_PENDING_REVIEW	docs/registry/batch-intake-working-queues/gpmc_clean_global_track_working_queue_20260624.tsv	72	TRACK_RECORD_NOT_CREATED	TRACK_ID_NOT_ASSIGNED	PUBLIC_TITLE_DRAFT_ONLY	PIX_NOT_CREATED	LT_PIX_NOT_CREATED	KKR_NOT_STARTED	CI_NOT_CREATED	Generated from conservative clean/global working queue; draft only; no final registry action.	91	gpm_stl.csv	74291994	CRUISIN' ALONG - INSTRO	CRUISIN' ALONG - INSTRO	Michael Scherer	Scherer Delight	0:02:42	123.0	CINEMATIC, FILM, Blues Piano	YES	GLOBAL_INSTRO_STANDARD	GLOBAL_STANDARD_APPLIED	GLOBAL_INSTRO_STANDARD	
GPMC-REG-IMPORT-DRAFT-CLEAN-GLOBAL-20260624	72	DRAFT_IMPORT_PENDING_REVIEW	docs/registry/batch-intake-working-queues/gpmc_clean_global_track_working_queue_20260624.tsv	73	TRACK_RECORD_NOT_CREATED	TRACK_ID_NOT_ASSIGNED	PUBLIC_TITLE_DRAFT_ONLY	PIX_NOT_CREATED	LT_PIX_NOT_CREATED	KKR_NOT_STARTED	CI_NOT_CREATED	Generated from conservative clean/global working queue; draft only; no final registry action.	92	gpm_stl.csv	74361966	FRIGHT FLIGHT - INSTRO	FRIGHT FLIGHT - INSTRO	Michael Scherer	Scherer Desire	0:03:07	99.0	Hip Hop	YES	GLOBAL_INSTRO_STANDARD	GLOBAL_STANDARD_APPLIED	GLOBAL_INSTRO_STANDARD	
GPMC-REG-IMPORT-DRAFT-CLEAN-GLOBAL-20260624	73	DRAFT_IMPORT_PENDING_REVIEW	docs/registry/batch-intake-working-queues/gpmc_clean_global_track_working_queue_20260624.tsv	74	TRACK_RECORD_NOT_CREATED	TRACK_ID_NOT_ASSIGNED	PUBLIC_TITLE_DRAFT_ONLY	PIX_NOT_CREATED	LT_PIX_NOT_CREATED	KKR_NOT_STARTED	CI_NOT_CREATED	Generated from conservative clean/global working queue; draft only; no final registry action.	93	gpm_stl.csv	74405498	LIGHT IT UP - INSTRO	LIGHT IT UP - INSTRO	Michael Scherer	Scherer Delight	0:03:38	98.0	HipHop, Electronic , BVGs	YES	GLOBAL_INSTRO_STANDARD	GLOBAL_STANDARD_APPLIED	GLOBAL_INSTRO_STANDARD	
GPMC-REG-IMPORT-DRAFT-CLEAN-GLOBAL-20260624	74	DRAFT_IMPORT_PENDING_REVIEW	docs/registry/batch-intake-working-queues/gpmc_clean_global_track_working_queue_20260624.tsv	75	TRACK_RECORD_NOT_CREATED	TRACK_ID_NOT_ASSIGNED	PUBLIC_TITLE_DRAFT_ONLY	PIX_NOT_CREATED	LT_PIX_NOT_CREATED	KKR_NOT_STARTED	CI_NOT_CREATED	Generated from conservative clean/global working queue; draft only; no final registry action.	95	gpm_stl.csv	75014508	RIDIN' CLOUD 10	RIDIN' CLOUD 10	NATU Visinia	NATU Ought To	0:02:58	81.0	Pop, Country	YES		BATCH_CLEAN_PENDING_REVIEW		
GPMC-REG-IMPORT-DRAFT-CLEAN-GLOBAL-20260624	75	DRAFT_IMPORT_PENDING_REVIEW	docs/registry/batch-intake-working-queues/gpmc_clean_global_track_working_queue_20260624.tsv	76	TRACK_RECORD_NOT_CREATED	TRACK_ID_NOT_ASSIGNED	PUBLIC_TITLE_DRAFT_ONLY	PIX_NOT_CREATED	LT_PIX_NOT_CREATED	KKR_NOT_STARTED	CI_NOT_CREATED	Generated from conservative clean/global working queue; draft only; no final registry action.	96	gpm_stl.csv	75958831	WAY DEEP	WAY DEEP	Billy Harper	Cowboy Country	0:03:16	123.0	Country	YES		BATCH_CLEAN_PENDING_REVIEW		
GPMC-REG-IMPORT-DRAFT-CLEAN-GLOBAL-20260624	76	DRAFT_IMPORT_PENDING_REVIEW	docs/registry/batch-intake-working-queues/gpmc_clean_global_track_working_queue_20260624.tsv	77	TRACK_RECORD_NOT_CREATED	TRACK_ID_NOT_ASSIGNED	PUBLIC_TITLE_DRAFT_ONLY	PIX_NOT_CREATED	LT_PIX_NOT_CREATED	KKR_NOT_STARTED	CI_NOT_CREATED	Generated from conservative clean/global working queue; draft only; no final registry action.	97	gpm_stl.csv	76135655	MY ROCK	MY ROCK	Zach Jackson	Clearly	0:03:40	76.0	Indie Rock	YES		BATCH_CLEAN_PENDING_REVIEW		
GPMC-REG-IMPORT-DRAFT-CLEAN-GLOBAL-20260624	77	DRAFT_IMPORT_PENDING_REVIEW	docs/registry/batch-intake-working-queues/gpmc_clean_global_track_working_queue_20260624.tsv	78	TRACK_RECORD_NOT_CREATED	TRACK_ID_NOT_ASSIGNED	PUBLIC_TITLE_DRAFT_ONLY	PIX_NOT_CREATED	LT_PIX_NOT_CREATED	KKR_NOT_STARTED	CI_NOT_CREATED	Generated from conservative clean/global working queue; draft only; no final registry action.	98	gpm_stl.csv	76197222	RENEGADE - Rock - Sports/Life	RENEGADE - Rock - Sports/Life	Elliot Sedgwick	Sports of Sorts	0:02:24	68.0	Rock	YES		BATCH_CLEAN_PENDING_REVIEW		
GPMC-REG-IMPORT-DRAFT-CLEAN-GLOBAL-20260624	78	DRAFT_IMPORT_PENDING_REVIEW	docs/registry/batch-intake-working-queues/gpmc_clean_global_track_working_queue_20260624.tsv	79	TRACK_RECORD_NOT_CREATED	TRACK_ID_NOT_ASSIGNED	PUBLIC_TITLE_DRAFT_ONLY	PIX_NOT_CREATED	LT_PIX_NOT_CREATED	KKR_NOT_STARTED	CI_NOT_CREATED	Generated from conservative clean/global working queue; draft only; no final registry action.	99	gpm_stl.csv	76659341	GIVE ME A KISS	GIVE ME A KISS	Cindy Youngren	Sassy Sweet	0:03:33	73.0	Retro Pop	YES		BATCH_CLEAN_PENDING_REVIEW		
GPMC-REG-IMPORT-DRAFT-CLEAN-GLOBAL-20260624	79	DRAFT_IMPORT_PENDING_REVIEW	docs/registry/batch-intake-working-queues/gpmc_clean_global_track_working_queue_20260624.tsv	80	TRACK_RECORD_NOT_CREATED	TRACK_ID_NOT_ASSIGNED	PUBLIC_TITLE_DRAFT_ONLY	PIX_NOT_CREATED	LT_PIX_NOT_CREATED	KKR_NOT_STARTED	CI_NOT_CREATED	Generated from conservative clean/global working queue; draft only; no final registry action.	100	gpm_stl.csv	77252390	CUTS THROUGH ICE -  INSTRO	CUTS THROUGH ICE - INSTRO	G Putnam Music	Synth Nymph	0:02:54	75.0	Haunting Soundscape	YES	GLOBAL_INSTRO_STANDARD	GLOBAL_STANDARD_APPLIED	GLOBAL_INSTRO_STANDARD	
GPMC-REG-IMPORT-DRAFT-CLEAN-GLOBAL-20260624	80	DRAFT_IMPORT_PENDING_REVIEW	docs/registry/batch-intake-working-queues/gpmc_clean_global_track_working_queue_20260624.tsv	81	TRACK_RECORD_NOT_CREATED	TRACK_ID_NOT_ASSIGNED	PUBLIC_TITLE_DRAFT_ONLY	PIX_NOT_CREATED	LT_PIX_NOT_CREATED	KKR_NOT_STARTED	CI_NOT_CREATED	Generated from conservative clean/global working queue; draft only; no final registry action.	102	gpm_stl.csv	77376011	BLAME SAME - NEO-PUNK	BLAME SAME - NEO-PUNK	Zack Jackson	Dealin' Feelin'	0:02:31	99.0	Punk Rock	YES		BATCH_CLEAN_PENDING_REVIEW		
GPMC-REG-IMPORT-DRAFT-CLEAN-GLOBAL-20260624	81	DRAFT_IMPORT_PENDING_REVIEW	docs/registry/batch-intake-working-queues/gpmc_clean_global_track_working_queue_20260624.tsv	82	TRACK_RECORD_NOT_CREATED	TRACK_ID_NOT_ASSIGNED	PUBLIC_TITLE_DRAFT_ONLY	PIX_NOT_CREATED	LT_PIX_NOT_CREATED	KKR_NOT_STARTED	CI_NOT_CREATED	Generated from conservative clean/global working queue; draft only; no final registry action.	105	gpm_stl.csv	79811236	I AM A FIGHTER - Liv - Indie	I AM A FIGHTER - Liv - Indie	Olivia Joy	Pretty Pop	0:03:14	120.0	Indie Pop/Rock	YES		BATCH_CLEAN_PENDING_REVIEW		
GPMC-REG-IMPORT-DRAFT-CLEAN-GLOBAL-20260624	82	DRAFT_IMPORT_PENDING_REVIEW	docs/registry/batch-intake-working-queues/gpmc_clean_global_track_working_queue_20260624.tsv	83	TRACK_RECORD_NOT_CREATED	TRACK_ID_NOT_ASSIGNED	PUBLIC_TITLE_DRAFT_ONLY	PIX_NOT_CREATED	LT_PIX_NOT_CREATED	KKR_NOT_STARTED	CI_NOT_CREATED	Generated from conservative clean/global working queue; draft only; no final registry action.	106	gpm_stl.csv	79896283	RENEGADE - INSTRO	RENEGADE - INSTRO	G Putnam Music	Crashin’ NOT Fallin'	0:02:24	68.0	Rock	YES	GLOBAL_INSTRO_STANDARD	GLOBAL_STANDARD_APPLIED	GLOBAL_INSTRO_STANDARD	
GPMC-REG-IMPORT-DRAFT-CLEAN-GLOBAL-20260624	83	DRAFT_IMPORT_PENDING_REVIEW	docs/registry/batch-intake-working-queues/gpmc_clean_global_track_working_queue_20260624.tsv	84	TRACK_RECORD_NOT_CREATED	TRACK_ID_NOT_ASSIGNED	PUBLIC_TITLE_DRAFT_ONLY	PIX_NOT_CREATED	LT_PIX_NOT_CREATED	KKR_NOT_STARTED	CI_NOT_CREATED	Generated from conservative clean/global working queue; draft only; no final registry action.	107	gpm_stl.csv	80362440	COME ON  OUT - Jingle for Outside at Home	COME ON  OUT - Jingle for Outside at Home	G Putnam Music	Jingle	0:01:34	168.0	Pop	YES		BATCH_CLEAN_PENDING_REVIEW		
GPMC-REG-IMPORT-DRAFT-CLEAN-GLOBAL-20260624	84	DRAFT_IMPORT_PENDING_REVIEW	docs/registry/batch-intake-working-queues/gpmc_clean_global_track_working_queue_20260624.tsv	85	TRACK_RECORD_NOT_CREATED	TRACK_ID_NOT_ASSIGNED	PUBLIC_TITLE_DRAFT_ONLY	PIX_NOT_CREATED	LT_PIX_NOT_CREATED	KKR_NOT_STARTED	CI_NOT_CREATED	Generated from conservative clean/global working queue; draft only; no final registry action.	108	gpm_stl.csv	80962200	THAT'S MY GIRL	THAT'S MY GIRL	NATU Visinia	NATU Ought To	0:02:48	92.0	Country Pop	YES		BATCH_CLEAN_PENDING_REVIEW		
GPMC-REG-IMPORT-DRAFT-CLEAN-GLOBAL-20260624	85	DRAFT_IMPORT_PENDING_REVIEW	docs/registry/batch-intake-working-queues/gpmc_clean_global_track_working_queue_20260624.tsv	86	TRACK_RECORD_NOT_CREATED	TRACK_ID_NOT_ASSIGNED	PUBLIC_TITLE_DRAFT_ONLY	PIX_NOT_CREATED	LT_PIX_NOT_CREATED	KKR_NOT_STARTED	CI_NOT_CREATED	Generated from conservative clean/global working queue; draft only; no final registry action.	109	gpm_stl.csv	80973568	MAKE THAT CLIMB	MAKE THAT CLIMB	NATU Visinia	NATU Ought To	0:03:09	129.0	Country Pop	YES		BATCH_CLEAN_PENDING_REVIEW		
GPMC-REG-IMPORT-DRAFT-CLEAN-GLOBAL-20260624	86	DRAFT_IMPORT_PENDING_REVIEW	docs/registry/batch-intake-working-queues/gpmc_clean_global_track_working_queue_20260624.tsv	87	TRACK_RECORD_NOT_CREATED	TRACK_ID_NOT_ASSIGNED	PUBLIC_TITLE_DRAFT_ONLY	PIX_NOT_CREATED	LT_PIX_NOT_CREATED	KKR_NOT_STARTED	CI_NOT_CREATED	Generated from conservative clean/global working queue; draft only; no final registry action.	110	gpm_stl.csv	81242052	WORLD TURNIN'	WORLD TURNIN'	NATU Visinia	NATU Ought To	0:03:27	144.0	Country Pop DEMO	YES		BATCH_CLEAN_PENDING_REVIEW		
GPMC-REG-IMPORT-DRAFT-CLEAN-GLOBAL-20260624	87	DRAFT_IMPORT_PENDING_REVIEW	docs/registry/batch-intake-working-queues/gpmc_clean_global_track_working_queue_20260624.tsv	88	TRACK_RECORD_NOT_CREATED	TRACK_ID_NOT_ASSIGNED	PUBLIC_TITLE_DRAFT_ONLY	PIX_NOT_CREATED	LT_PIX_NOT_CREATED	KKR_NOT_STARTED	CI_NOT_CREATED	Generated from conservative clean/global working queue; draft only; no final registry action.	111	gpm_stl.csv	81857951	YOUR TOUCH  - Sexy	YOUR TOUCH  - Sexy	G Putnam Music	Sassy Sweet	0:02:50	215.0	Indie	YES		BATCH_CLEAN_PENDING_REVIEW		
GPMC-REG-IMPORT-DRAFT-CLEAN-GLOBAL-20260624	88	DRAFT_IMPORT_PENDING_REVIEW	docs/registry/batch-intake-working-queues/gpmc_clean_global_track_working_queue_20260624.tsv	89	TRACK_RECORD_NOT_CREATED	TRACK_ID_NOT_ASSIGNED	PUBLIC_TITLE_DRAFT_ONLY	PIX_NOT_CREATED	LT_PIX_NOT_CREATED	KKR_NOT_STARTED	CI_NOT_CREATED	Generated from conservative clean/global working queue; draft only; no final registry action.	112	gpm_stl.csv	82040474	GOT ME SMOKIN' - INSTRO	GOT ME SMOKIN' - INSTRO	G Putnam Music	Sweet as Sexy	0:03:22	138.0	Indie Pop	YES	GLOBAL_INSTRO_STANDARD	GLOBAL_STANDARD_APPLIED	GLOBAL_INSTRO_STANDARD	
GPMC-REG-IMPORT-DRAFT-CLEAN-GLOBAL-20260624	89	DRAFT_IMPORT_PENDING_REVIEW	docs/registry/batch-intake-working-queues/gpmc_clean_global_track_working_queue_20260624.tsv	90	TRACK_RECORD_NOT_CREATED	TRACK_ID_NOT_ASSIGNED	PUBLIC_TITLE_DRAFT_ONLY	PIX_NOT_CREATED	LT_PIX_NOT_CREATED	KKR_NOT_STARTED	CI_NOT_CREATED	Generated from conservative clean/global working queue; draft only; no final registry action.	113	gpm_stl.csv	82043654	MAYBE TONIGHT	MAYBE TONIGHT	G Putnam Music	80s/90s Root Rock	0:03:26	154.0	Classic Rock	YES		BATCH_CLEAN_PENDING_REVIEW		
GPMC-REG-IMPORT-DRAFT-CLEAN-GLOBAL-20260624	90	DRAFT_IMPORT_PENDING_REVIEW	docs/registry/batch-intake-working-queues/gpmc_clean_global_track_working_queue_20260624.tsv	91	TRACK_RECORD_NOT_CREATED	TRACK_ID_NOT_ASSIGNED	PUBLIC_TITLE_DRAFT_ONLY	PIX_NOT_CREATED	LT_PIX_NOT_CREATED	KKR_NOT_STARTED	CI_NOT_CREATED	Generated from conservative clean/global working queue; draft only; no final registry action.	115	gpm_stl.csv	82908355	RUN RUN RUN	RUN RUN RUN	G Putnam Music	SPORTS OF SORTS	0:02:33	102.0	Youth	YES		BATCH_CLEAN_PENDING_REVIEW		
GPMC-REG-IMPORT-DRAFT-CLEAN-GLOBAL-20260624	91	DRAFT_IMPORT_PENDING_REVIEW	docs/registry/batch-intake-working-queues/gpmc_clean_global_track_working_queue_20260624.tsv	92	TRACK_RECORD_NOT_CREATED	TRACK_ID_NOT_ASSIGNED	PUBLIC_TITLE_DRAFT_ONLY	PIX_NOT_CREATED	LT_PIX_NOT_CREATED	KKR_NOT_STARTED	CI_NOT_CREATED	Generated from conservative clean/global working queue; draft only; no final registry action.	116	gpm_stl.csv	83735625	IN THE BLEAK MID-WINTER	IN THE BLEAK MID-WINTER	Cindy Youngren	Christmas	0:03:41	62.0	Pop	YES		BATCH_CLEAN_PENDING_REVIEW		
GPMC-REG-IMPORT-DRAFT-CLEAN-GLOBAL-20260624	92	DRAFT_IMPORT_PENDING_REVIEW	docs/registry/batch-intake-working-queues/gpmc_clean_global_track_working_queue_20260624.tsv	93	TRACK_RECORD_NOT_CREATED	TRACK_ID_NOT_ASSIGNED	PUBLIC_TITLE_DRAFT_ONLY	PIX_NOT_CREATED	LT_PIX_NOT_CREATED	KKR_NOT_STARTED	CI_NOT_CREATED	Generated from conservative clean/global working queue; draft only; no final registry action.	120	gpm_stl.csv	84325799	TONIGHT	TONIGHT	G Putnam Music	- ROMANTIC, SEXY, ADORING	0:03:45	95.0	Indie Pop/Rock	YES		BATCH_CLEAN_PENDING_REVIEW		
GPMC-REG-IMPORT-DRAFT-CLEAN-GLOBAL-20260624	93	DRAFT_IMPORT_PENDING_REVIEW	docs/registry/batch-intake-working-queues/gpmc_clean_global_track_working_queue_20260624.tsv	94	TRACK_RECORD_NOT_CREATED	TRACK_ID_NOT_ASSIGNED	PUBLIC_TITLE_DRAFT_ONLY	PIX_NOT_CREATED	LT_PIX_NOT_CREATED	KKR_NOT_STARTED	CI_NOT_CREATED	Generated from conservative clean/global working queue; draft only; no final registry action.	121	gpm_stl.csv	84522273	COMIN' TRUE - INSTRO	COMIN' TRUE - INSTRO	G Putnam Music	Dance Steady	0:02:20	76.5	Indie Pop	YES	GLOBAL_INSTRO_STANDARD	GLOBAL_STANDARD_APPLIED	GLOBAL_INSTRO_STANDARD	
GPMC-REG-IMPORT-DRAFT-CLEAN-GLOBAL-20260624	94	DRAFT_IMPORT_PENDING_REVIEW	docs/registry/batch-intake-working-queues/gpmc_clean_global_track_working_queue_20260624.tsv	95	TRACK_RECORD_NOT_CREATED	TRACK_ID_NOT_ASSIGNED	PUBLIC_TITLE_DRAFT_ONLY	PIX_NOT_CREATED	LT_PIX_NOT_CREATED	KKR_NOT_STARTED	CI_NOT_CREATED	Generated from conservative clean/global working queue; draft only; no final registry action.	122	gpm_stl.csv	84628320	BLINKIN' 'BOUT YOU	BLINKIN' 'BOUT YOU	G Putnam Music	Scherer Desire	0:01:01	130.0	Jazz	YES		BATCH_CLEAN_PENDING_REVIEW		
GPMC-REG-IMPORT-DRAFT-CLEAN-GLOBAL-20260624	95	DRAFT_IMPORT_PENDING_REVIEW	docs/registry/batch-intake-working-queues/gpmc_clean_global_track_working_queue_20260624.tsv	96	TRACK_RECORD_NOT_CREATED	TRACK_ID_NOT_ASSIGNED	PUBLIC_TITLE_DRAFT_ONLY	PIX_NOT_CREATED	LT_PIX_NOT_CREATED	KKR_NOT_STARTED	CI_NOT_CREATED	Generated from conservative clean/global working queue; draft only; no final registry action.	123	gpm_stl.csv	84628321	AM MISSING YOU - INSTRO	AM MISSING YOU - INSTRO	G Putnam Music	Film/TV	0:02:25	95.0	R&B, HipHop, Soul	YES	GLOBAL_INSTRO_STANDARD	GLOBAL_STANDARD_APPLIED	GLOBAL_INSTRO_STANDARD	
GPMC-REG-IMPORT-DRAFT-CLEAN-GLOBAL-20260624	96	DRAFT_IMPORT_PENDING_REVIEW	docs/registry/batch-intake-working-queues/gpmc_clean_global_track_working_queue_20260624.tsv	97	TRACK_RECORD_NOT_CREATED	TRACK_ID_NOT_ASSIGNED	PUBLIC_TITLE_DRAFT_ONLY	PIX_NOT_CREATED	LT_PIX_NOT_CREATED	KKR_NOT_STARTED	CI_NOT_CREATED	Generated from conservative clean/global working queue; draft only; no final registry action.	124	gpm_stl.csv	84638659	I DO SWEAR - INSTRO	I DO SWEAR - INSTRO	G Putnam Music	Slight Light	0:03:07	95.0	Indie	YES	GLOBAL_INSTRO_STANDARD	GLOBAL_STANDARD_APPLIED	GLOBAL_INSTRO_STANDARD	
GPMC-REG-IMPORT-DRAFT-CLEAN-GLOBAL-20260624	97	DRAFT_IMPORT_PENDING_REVIEW	docs/registry/batch-intake-working-queues/gpmc_clean_global_track_working_queue_20260624.tsv	98	TRACK_RECORD_NOT_CREATED	TRACK_ID_NOT_ASSIGNED	PUBLIC_TITLE_DRAFT_ONLY	PIX_NOT_CREATED	LT_PIX_NOT_CREATED	KKR_NOT_STARTED	CI_NOT_CREATED	Generated from conservative clean/global working queue; draft only; no final registry action.	125	gpm_stl.csv	84644555	IN THE END - INSTRO	IN THE END - INSTRO	G Putnam Music	Desperate & Dirty	0:02:13	88.0	Country, Folk	YES	GLOBAL_INSTRO_STANDARD	GLOBAL_STANDARD_APPLIED	GLOBAL_INSTRO_STANDARD	
GPMC-REG-IMPORT-DRAFT-CLEAN-GLOBAL-20260624	98	DRAFT_IMPORT_PENDING_REVIEW	docs/registry/batch-intake-working-queues/gpmc_clean_global_track_working_queue_20260624.tsv	99	TRACK_RECORD_NOT_CREATED	TRACK_ID_NOT_ASSIGNED	PUBLIC_TITLE_DRAFT_ONLY	PIX_NOT_CREATED	LT_PIX_NOT_CREATED	KKR_NOT_STARTED	CI_NOT_CREATED	Generated from conservative clean/global working queue; draft only; no final registry action.	126	gpm_stl.csv	84884072	SEARCHIN' - INSTRO	SEARCHIN' - INSTRO	G Putnam Music	Remembering Forgetting	0:03:20	84.0	Rock Indie Folk	YES	GLOBAL_INSTRO_STANDARD	GLOBAL_STANDARD_APPLIED	GLOBAL_INSTRO_STANDARD	
GPMC-REG-IMPORT-DRAFT-CLEAN-GLOBAL-20260624	99	DRAFT_IMPORT_PENDING_REVIEW	docs/registry/batch-intake-working-queues/gpmc_clean_global_track_working_queue_20260624.tsv	100	TRACK_RECORD_NOT_CREATED	TRACK_ID_NOT_ASSIGNED	PUBLIC_TITLE_DRAFT_ONLY	PIX_NOT_CREATED	LT_PIX_NOT_CREATED	KKR_NOT_STARTED	CI_NOT_CREATED	Generated from conservative clean/global working queue; draft only; no final registry action.	127	gpm_stl.csv	84884455	SPARK THE FLAME - INSTRO	SPARK THE FLAME - INSTRO	G Putnam Music	Sweet as Sexy	0:03:19	80.0	Country	YES	GLOBAL_INSTRO_STANDARD	GLOBAL_STANDARD_APPLIED	GLOBAL_INSTRO_STANDARD	
GPMC-REG-IMPORT-DRAFT-CLEAN-GLOBAL-20260624	100	DRAFT_IMPORT_PENDING_REVIEW	docs/registry/batch-intake-working-queues/gpmc_clean_global_track_working_queue_20260624.tsv	101	TRACK_RECORD_NOT_CREATED	TRACK_ID_NOT_ASSIGNED	PUBLIC_TITLE_DRAFT_ONLY	PIX_NOT_CREATED	LT_PIX_NOT_CREATED	KKR_NOT_STARTED	CI_NOT_CREATED	Generated from conservative clean/global working queue; draft only; no final registry action.	128	gpm_stl.csv	84884606	SWIPE RIGHT - INSTRO	SWIPE RIGHT - INSTRO	G Putnam Music	Sweet as Sexy	0:02:44	85.0	Indie Pop	YES	GLOBAL_INSTRO_STANDARD	GLOBAL_STANDARD_APPLIED	GLOBAL_INSTRO_STANDARD	
GPMC-REG-IMPORT-DRAFT-CLEAN-GLOBAL-20260624	101	DRAFT_IMPORT_PENDING_REVIEW	docs/registry/batch-intake-working-queues/gpmc_clean_global_track_working_queue_20260624.tsv	102	TRACK_RECORD_NOT_CREATED	TRACK_ID_NOT_ASSIGNED	PUBLIC_TITLE_DRAFT_ONLY	PIX_NOT_CREATED	LT_PIX_NOT_CREATED	KKR_NOT_STARTED	CI_NOT_CREATED	Generated from conservative clean/global working queue; draft only; no final registry action.	129	gpm_stl.csv	84885853	TIME KEEPS ON MOVIN - INSTRO	TIME KEEPS ON MOVIN - INSTRO	G Putnam Music	Slight Light	0:02:50	79.0	Indie	YES	GLOBAL_INSTRO_STANDARD	GLOBAL_STANDARD_APPLIED	GLOBAL_INSTRO_STANDARD	
GPMC-REG-IMPORT-DRAFT-CLEAN-GLOBAL-20260624	102	DRAFT_IMPORT_PENDING_REVIEW	docs/registry/batch-intake-working-queues/gpmc_clean_global_track_working_queue_20260624.tsv	103	TRACK_RECORD_NOT_CREATED	TRACK_ID_NOT_ASSIGNED	PUBLIC_TITLE_DRAFT_ONLY	PIX_NOT_CREATED	LT_PIX_NOT_CREATED	KKR_NOT_STARTED	CI_NOT_CREATED	Generated from conservative clean/global working queue; draft only; no final registry action.	130	gpm_stl.csv	85598810	I LIKE TO LIKE - INSTRO	I LIKE TO LIKE - INSTRO	Michael Scherer	Scherer Delight	0:03:06	99.0	HipHop/BVGs	YES	GLOBAL_INSTRO_STANDARD	GLOBAL_STANDARD_APPLIED	GLOBAL_INSTRO_STANDARD	
GPMC-REG-IMPORT-DRAFT-CLEAN-GLOBAL-20260624	103	DRAFT_IMPORT_PENDING_REVIEW	docs/registry/batch-intake-working-queues/gpmc_clean_global_track_working_queue_20260624.tsv	104	TRACK_RECORD_NOT_CREATED	TRACK_ID_NOT_ASSIGNED	PUBLIC_TITLE_DRAFT_ONLY	PIX_NOT_CREATED	LT_PIX_NOT_CREATED	KKR_NOT_STARTED	CI_NOT_CREATED	Generated from conservative clean/global working queue; draft only; no final registry action.	131	gpm_stl.csv	85638364	MISTY MIDNIGHT BLUE - SINGER SONGWRITER MIX	MISTY MIDNIGHT BLUE - SINGER SONGWRITER MIX	Natu Visinia	Growing Stronger	0:03:19	110.0	Singer-Songwriter	YES		BATCH_CLEAN_PENDING_REVIEW		
GPMC-REG-IMPORT-DRAFT-CLEAN-GLOBAL-20260624	104	DRAFT_IMPORT_PENDING_REVIEW	docs/registry/batch-intake-working-queues/gpmc_clean_global_track_working_queue_20260624.tsv	105	TRACK_RECORD_NOT_CREATED	TRACK_ID_NOT_ASSIGNED	PUBLIC_TITLE_DRAFT_ONLY	PIX_NOT_CREATED	LT_PIX_NOT_CREATED	KKR_NOT_STARTED	CI_NOT_CREATED	Generated from conservative clean/global working queue; draft only; no final registry action.	132	gpm_stl.csv	86475082	STAY IN MY WAY	STAY IN MY WAY	NATU Visinia	NATU Ought To	0:02:59	117.0	Cont Country	YES		BATCH_CLEAN_PENDING_REVIEW		
GPMC-REG-IMPORT-DRAFT-CLEAN-GLOBAL-20260624	105	DRAFT_IMPORT_PENDING_REVIEW	docs/registry/batch-intake-working-queues/gpmc_clean_global_track_working_queue_20260624.tsv	106	TRACK_RECORD_NOT_CREATED	TRACK_ID_NOT_ASSIGNED	PUBLIC_TITLE_DRAFT_ONLY	PIX_NOT_CREATED	LT_PIX_NOT_CREATED	KKR_NOT_STARTED	CI_NOT_CREATED	Generated from conservative clean/global working queue; draft only; no final registry action.	133	gpm_stl.csv	86744337	UH OH HERE WE GO	UH OH HERE WE GO	Erik W Nelson	Sports of Sorts	0:02:24	95.0	Rockabilly	YES		BATCH_CLEAN_PENDING_REVIEW		
GPMC-REG-IMPORT-DRAFT-CLEAN-GLOBAL-20260624	106	DRAFT_IMPORT_PENDING_REVIEW	docs/registry/batch-intake-working-queues/gpmc_clean_global_track_working_queue_20260624.tsv	107	TRACK_RECORD_NOT_CREATED	TRACK_ID_NOT_ASSIGNED	PUBLIC_TITLE_DRAFT_ONLY	PIX_NOT_CREATED	LT_PIX_NOT_CREATED	KKR_NOT_STARTED	CI_NOT_CREATED	Generated from conservative clean/global working queue; draft only; no final registry action.	134	gpm_stl.csv	87044144	COOL JAZZ JIVIN' - INSTRO	COOL JAZZ JIVIN' - INSTRO	Michael Scherer	Scherer Delight	0:02:23	112.0	Jazz	YES	GLOBAL_INSTRO_STANDARD	GLOBAL_STANDARD_APPLIED	GLOBAL_INSTRO_STANDARD	
GPMC-REG-IMPORT-DRAFT-CLEAN-GLOBAL-20260624	107	DRAFT_IMPORT_PENDING_REVIEW	docs/registry/batch-intake-working-queues/gpmc_clean_global_track_working_queue_20260624.tsv	108	TRACK_RECORD_NOT_CREATED	TRACK_ID_NOT_ASSIGNED	PUBLIC_TITLE_DRAFT_ONLY	PIX_NOT_CREATED	LT_PIX_NOT_CREATED	KKR_NOT_STARTED	CI_NOT_CREATED	Generated from conservative clean/global working queue; draft only; no final registry action.	135	gpm_stl.csv	87044146	GROOVIN' SOUL - INSTRO	GROOVIN' SOUL - INSTRO	Michael Scherer	Scherer Delight	0:03:13	129.0	Jazz	YES	GLOBAL_INSTRO_STANDARD	GLOBAL_STANDARD_APPLIED	GLOBAL_INSTRO_STANDARD	
GPMC-REG-IMPORT-DRAFT-CLEAN-GLOBAL-20260624	108	DRAFT_IMPORT_PENDING_REVIEW	docs/registry/batch-intake-working-queues/gpmc_clean_global_track_working_queue_20260624.tsv	109	TRACK_RECORD_NOT_CREATED	TRACK_ID_NOT_ASSIGNED	PUBLIC_TITLE_DRAFT_ONLY	PIX_NOT_CREATED	LT_PIX_NOT_CREATED	KKR_NOT_STARTED	CI_NOT_CREATED	Generated from conservative clean/global working queue; draft only; no final registry action.	136	gpm_stl.csv	87044152	STRUTTIN' SAM - Short - INSTRO	STRUTTIN' SAM - Short - INSTRO	Michael Scherer	He Has Jazz	0:00:32		Jazz	YES	GLOBAL_INSTRO_STANDARD	GLOBAL_STANDARD_APPLIED	GLOBAL_INSTRO_STANDARD	
GPMC-REG-IMPORT-DRAFT-CLEAN-GLOBAL-20260624	109	DRAFT_IMPORT_PENDING_REVIEW	docs/registry/batch-intake-working-queues/gpmc_clean_global_track_working_queue_20260624.tsv	110	TRACK_RECORD_NOT_CREATED	TRACK_ID_NOT_ASSIGNED	PUBLIC_TITLE_DRAFT_ONLY	PIX_NOT_CREATED	LT_PIX_NOT_CREATED	KKR_NOT_STARTED	CI_NOT_CREATED	Generated from conservative clean/global working queue; draft only; no final registry action.	137	gpm_stl.csv	87044155	TAKIN' THE TIME - INSTRO	TAKIN' THE TIME - INSTRO	Michael Scherer	He Has Jazz	0:01:01	140.0	Jazz	YES	GLOBAL_INSTRO_STANDARD	GLOBAL_STANDARD_APPLIED	GLOBAL_INSTRO_STANDARD	
GPMC-REG-IMPORT-DRAFT-CLEAN-GLOBAL-20260624	110	DRAFT_IMPORT_PENDING_REVIEW	docs/registry/batch-intake-working-queues/gpmc_clean_global_track_working_queue_20260624.tsv	111	TRACK_RECORD_NOT_CREATED	TRACK_ID_NOT_ASSIGNED	PUBLIC_TITLE_DRAFT_ONLY	PIX_NOT_CREATED	LT_PIX_NOT_CREATED	KKR_NOT_STARTED	CI_NOT_CREATED	Generated from conservative clean/global working queue; draft only; no final registry action.	138	gpm_stl.csv	87048508	WHERE ARE THE SMILES - INSTRO	WHERE ARE THE SMILES - INSTRO	Michael Scherer	He Has Jazz	0:02:42		Jazz	YES	GLOBAL_INSTRO_STANDARD	GLOBAL_STANDARD_APPLIED	GLOBAL_INSTRO_STANDARD	
GPMC-REG-IMPORT-DRAFT-CLEAN-GLOBAL-20260624	111	DRAFT_IMPORT_PENDING_REVIEW	docs/registry/batch-intake-working-queues/gpmc_clean_global_track_working_queue_20260624.tsv	112	TRACK_RECORD_NOT_CREATED	TRACK_ID_NOT_ASSIGNED	PUBLIC_TITLE_DRAFT_ONLY	PIX_NOT_CREATED	LT_PIX_NOT_CREATED	KKR_NOT_STARTED	CI_NOT_CREATED	Generated from conservative clean/global working queue; draft only; no final registry action.	139	gpm_stl.csv	87364619	TRIPLE TREAT - INSTRO	TRIPLE TREAT - INSTRO	Michael Scherer	Scherer Desire	0:00:32	130.0	HipHop R&B	YES	GLOBAL_INSTRO_STANDARD	GLOBAL_STANDARD_APPLIED	GLOBAL_INSTRO_STANDARD	
GPMC-REG-IMPORT-DRAFT-CLEAN-GLOBAL-20260624	112	DRAFT_IMPORT_PENDING_REVIEW	docs/registry/batch-intake-working-queues/gpmc_clean_global_track_working_queue_20260624.tsv	113	TRACK_RECORD_NOT_CREATED	TRACK_ID_NOT_ASSIGNED	PUBLIC_TITLE_DRAFT_ONLY	PIX_NOT_CREATED	LT_PIX_NOT_CREATED	KKR_NOT_STARTED	CI_NOT_CREATED	Generated from conservative clean/global working queue; draft only; no final registry action.	142	gpm_stl.csv	88459348	MY EYES TELL IT ALL - INSTRO	MY EYES TELL IT ALL - INSTRO	G Putnam Music	Desperate & Dirty	0:04:52	82.0	Alt Blues	YES	GLOBAL_INSTRO_STANDARD	GLOBAL_STANDARD_APPLIED	GLOBAL_INSTRO_STANDARD	
GPMC-REG-IMPORT-DRAFT-CLEAN-GLOBAL-20260624	113	DRAFT_IMPORT_PENDING_REVIEW	docs/registry/batch-intake-working-queues/gpmc_clean_global_track_working_queue_20260624.tsv	114	TRACK_RECORD_NOT_CREATED	TRACK_ID_NOT_ASSIGNED	PUBLIC_TITLE_DRAFT_ONLY	PIX_NOT_CREATED	LT_PIX_NOT_CREATED	KKR_NOT_STARTED	CI_NOT_CREATED	Generated from conservative clean/global working queue; draft only; no final registry action.	143	gpm_stl.csv	88735944	YOUR TOUCH - INSTRUMENTAL	YOUR TOUCH - INSTRO	G Putnam Music	Sweet as Sexy	0:02:50	108.0	Latin Flavor	YES	GLOBAL_INSTRO_STANDARD	GLOBAL_STANDARD_APPLIED	GLOBAL_INSTRO_STANDARD	
GPMC-REG-IMPORT-DRAFT-CLEAN-GLOBAL-20260624	114	DRAFT_IMPORT_PENDING_REVIEW	docs/registry/batch-intake-working-queues/gpmc_clean_global_track_working_queue_20260624.tsv	115	TRACK_RECORD_NOT_CREATED	TRACK_ID_NOT_ASSIGNED	PUBLIC_TITLE_DRAFT_ONLY	PIX_NOT_CREATED	LT_PIX_NOT_CREATED	KKR_NOT_STARTED	CI_NOT_CREATED	Generated from conservative clean/global working queue; draft only; no final registry action.	144	gpm_stl.csv	88820597	SOMETIMES - INSTRO	SOMETIMES - INSTRO	G Putnam Music	Desperate & Dirty	0:03:30	92.0	Rock, Country	YES	GLOBAL_INSTRO_STANDARD	GLOBAL_STANDARD_APPLIED	GLOBAL_INSTRO_STANDARD	
GPMC-REG-IMPORT-DRAFT-CLEAN-GLOBAL-20260624	115	DRAFT_IMPORT_PENDING_REVIEW	docs/registry/batch-intake-working-queues/gpmc_clean_global_track_working_queue_20260624.tsv	116	TRACK_RECORD_NOT_CREATED	TRACK_ID_NOT_ASSIGNED	PUBLIC_TITLE_DRAFT_ONLY	PIX_NOT_CREATED	LT_PIX_NOT_CREATED	KKR_NOT_STARTED	CI_NOT_CREATED	Generated from conservative clean/global working queue; draft only; no final registry action.	145	gpm_stl.csv	88839181	CAN'T STOP MY EYES - TRAILER	CAN'T STOP MY EYES - TRAILER	G Putnam Music	Synth Nymph	0:02:15	78.0	Rock	YES		BATCH_CLEAN_PENDING_REVIEW		
GPMC-REG-IMPORT-DRAFT-CLEAN-GLOBAL-20260624	116	DRAFT_IMPORT_PENDING_REVIEW	docs/registry/batch-intake-working-queues/gpmc_clean_global_track_working_queue_20260624.tsv	117	TRACK_RECORD_NOT_CREATED	TRACK_ID_NOT_ASSIGNED	PUBLIC_TITLE_DRAFT_ONLY	PIX_NOT_CREATED	LT_PIX_NOT_CREATED	KKR_NOT_STARTED	CI_NOT_CREATED	Generated from conservative clean/global working queue; draft only; no final registry action.	146	gpm_stl.csv	89000077	UH OH HERE WE GO - INSTRO	UH OH HERE WE GO - INSTRO	G Putnam Music	Sports of Sorts	0:02:24	95.0	Alt Rock	YES	GLOBAL_INSTRO_STANDARD	GLOBAL_STANDARD_APPLIED	GLOBAL_INSTRO_STANDARD	
GPMC-REG-IMPORT-DRAFT-CLEAN-GLOBAL-20260624	117	DRAFT_IMPORT_PENDING_REVIEW	docs/registry/batch-intake-working-queues/gpmc_clean_global_track_working_queue_20260624.tsv	118	TRACK_RECORD_NOT_CREATED	TRACK_ID_NOT_ASSIGNED	PUBLIC_TITLE_DRAFT_ONLY	PIX_NOT_CREATED	LT_PIX_NOT_CREATED	KKR_NOT_STARTED	CI_NOT_CREATED	Generated from conservative clean/global working queue; draft only; no final registry action.	147	gpm_stl.csv	89051849	THE FOUNDATION - DEMOCRACY	THE FOUNDATION - DEMOCRACY	Elliot Sedgwick	The Struggle	0:03:38	112.0	Americana	YES		BATCH_CLEAN_PENDING_REVIEW		
GPMC-REG-IMPORT-DRAFT-CLEAN-GLOBAL-20260624	118	DRAFT_IMPORT_PENDING_REVIEW	docs/registry/batch-intake-working-queues/gpmc_clean_global_track_working_queue_20260624.tsv	119	TRACK_RECORD_NOT_CREATED	TRACK_ID_NOT_ASSIGNED	PUBLIC_TITLE_DRAFT_ONLY	PIX_NOT_CREATED	LT_PIX_NOT_CREATED	KKR_NOT_STARTED	CI_NOT_CREATED	Generated from conservative clean/global working queue; draft only; no final registry action.	148	gpm_stl.csv	89073169	NO! WON'T DO IT AGAIN  - INSTRO	NO! WON'T DO IT AGAIN - INSTRO	G Putnam Music	Synth Nymph	0:02:36	80.0	Upbeat Dark	YES	GLOBAL_INSTRO_STANDARD	GLOBAL_STANDARD_APPLIED	GLOBAL_INSTRO_STANDARD	
GPMC-REG-IMPORT-DRAFT-CLEAN-GLOBAL-20260624	119	DRAFT_IMPORT_PENDING_REVIEW	docs/registry/batch-intake-working-queues/gpmc_clean_global_track_working_queue_20260624.tsv	120	TRACK_RECORD_NOT_CREATED	TRACK_ID_NOT_ASSIGNED	PUBLIC_TITLE_DRAFT_ONLY	PIX_NOT_CREATED	LT_PIX_NOT_CREATED	KKR_NOT_STARTED	CI_NOT_CREATED	Generated from conservative clean/global working queue; draft only; no final registry action.	149	gpm_stl.csv	89083504	TIME'S PRESENT -  INSTRO	TIME'S PRESENT - INSTRO	G Putnam Music	Bustin’ Out	0:02:41	124.0	Indie Pop	YES	GLOBAL_INSTRO_STANDARD	GLOBAL_STANDARD_APPLIED	GLOBAL_INSTRO_STANDARD	
GPMC-REG-IMPORT-DRAFT-CLEAN-GLOBAL-20260624	120	DRAFT_IMPORT_PENDING_REVIEW	docs/registry/batch-intake-working-queues/gpmc_clean_global_track_working_queue_20260624.tsv	121	TRACK_RECORD_NOT_CREATED	TRACK_ID_NOT_ASSIGNED	PUBLIC_TITLE_DRAFT_ONLY	PIX_NOT_CREATED	LT_PIX_NOT_CREATED	KKR_NOT_STARTED	CI_NOT_CREATED	Generated from conservative clean/global working queue; draft only; no final registry action.	150	gpm_stl.csv	89145838	RIGHT HERE SOMEHOW - INSTRO	RIGHT HERE SOMEHOW - INSTRO	G Putnam Music	CLUBBIN'	0:02:18	130.0	Reimagined	YES	GLOBAL_INSTRO_STANDARD	GLOBAL_STANDARD_APPLIED	GLOBAL_INSTRO_STANDARD	
GPMC-REG-IMPORT-DRAFT-CLEAN-GLOBAL-20260624	121	DRAFT_IMPORT_PENDING_REVIEW	docs/registry/batch-intake-working-queues/gpmc_clean_global_track_working_queue_20260624.tsv	122	TRACK_RECORD_NOT_CREATED	TRACK_ID_NOT_ASSIGNED	PUBLIC_TITLE_DRAFT_ONLY	PIX_NOT_CREATED	LT_PIX_NOT_CREATED	KKR_NOT_STARTED	CI_NOT_CREATED	Generated from conservative clean/global working queue; draft only; no final registry action.	151	gpm_stl.csv	89280768	PILLS OR PAIN - INSTRO	PILLS OR PAIN - INSTRO	G Putnam Music	Desperate & Dirty	0:03:42	69.0	Rodeo	YES	GLOBAL_INSTRO_STANDARD	GLOBAL_STANDARD_APPLIED	GLOBAL_INSTRO_STANDARD	
GPMC-REG-IMPORT-DRAFT-CLEAN-GLOBAL-20260624	122	DRAFT_IMPORT_PENDING_REVIEW	docs/registry/batch-intake-working-queues/gpmc_clean_global_track_working_queue_20260624.tsv	123	TRACK_RECORD_NOT_CREATED	TRACK_ID_NOT_ASSIGNED	PUBLIC_TITLE_DRAFT_ONLY	PIX_NOT_CREATED	LT_PIX_NOT_CREATED	KKR_NOT_STARTED	CI_NOT_CREATED	Generated from conservative clean/global working queue; draft only; no final registry action.	152	gpm_stl.csv	89439950	ASK ME TO DANCE	ASK ME TO DANCE	G Putnam Music	Dance Steady	0:02:43	130.0	Indie Pop	YES		BATCH_CLEAN_PENDING_REVIEW		
GPMC-REG-IMPORT-DRAFT-CLEAN-GLOBAL-20260624	123	DRAFT_IMPORT_PENDING_REVIEW	docs/registry/batch-intake-working-queues/gpmc_clean_global_track_working_queue_20260624.tsv	124	TRACK_RECORD_NOT_CREATED	TRACK_ID_NOT_ASSIGNED	PUBLIC_TITLE_DRAFT_ONLY	PIX_NOT_CREATED	LT_PIX_NOT_CREATED	KKR_NOT_STARTED	CI_NOT_CREATED	Generated from conservative clean/global working queue; draft only; no final registry action.	153	gpm_stl.csv	89654189	HEARTS 💕  LIKE MINE	HEARTS 💕  LIKE MINE	Michael Schere	Coming Through	0:03:10	140.0	R&B Pop Electric	YES		BATCH_CLEAN_PENDING_REVIEW		
GPMC-REG-IMPORT-DRAFT-CLEAN-GLOBAL-20260624	124	DRAFT_IMPORT_PENDING_REVIEW	docs/registry/batch-intake-working-queues/gpmc_clean_global_track_working_queue_20260624.tsv	125	TRACK_RECORD_NOT_CREATED	TRACK_ID_NOT_ASSIGNED	PUBLIC_TITLE_DRAFT_ONLY	PIX_NOT_CREATED	LT_PIX_NOT_CREATED	KKR_NOT_STARTED	CI_NOT_CREATED	Generated from conservative clean/global working queue; draft only; no final registry action.	154	gpm_stl.csv	89784762	LA BUENA VIDA - INSTRO	LA BUENA VIDA - INSTRO	Michael Scherer	Scherer Desire	0:03:33	126.0	Jazz, BGVS	YES	GLOBAL_INSTRO_STANDARD	GLOBAL_STANDARD_APPLIED	GLOBAL_INSTRO_STANDARD	
GPMC-REG-IMPORT-DRAFT-CLEAN-GLOBAL-20260624	125	DRAFT_IMPORT_PENDING_REVIEW	docs/registry/batch-intake-working-queues/gpmc_clean_global_track_working_queue_20260624.tsv	126	TRACK_RECORD_NOT_CREATED	TRACK_ID_NOT_ASSIGNED	PUBLIC_TITLE_DRAFT_ONLY	PIX_NOT_CREATED	LT_PIX_NOT_CREATED	KKR_NOT_STARTED	CI_NOT_CREATED	Generated from conservative clean/global working queue; draft only; no final registry action.	155	gpm_stl.csv	89784763	ALL NIGHT LONG - INSTRO	ALL NIGHT LONG - INSTRO	G Putnam Music	Scherer Desire	0:04:36	74.0	Jazz, Instrumental	YES	GLOBAL_INSTRO_STANDARD	GLOBAL_STANDARD_APPLIED	GLOBAL_INSTRO_STANDARD	
GPMC-REG-IMPORT-DRAFT-CLEAN-GLOBAL-20260624	126	DRAFT_IMPORT_PENDING_REVIEW	docs/registry/batch-intake-working-queues/gpmc_clean_global_track_working_queue_20260624.tsv	127	TRACK_RECORD_NOT_CREATED	TRACK_ID_NOT_ASSIGNED	PUBLIC_TITLE_DRAFT_ONLY	PIX_NOT_CREATED	LT_PIX_NOT_CREATED	KKR_NOT_STARTED	CI_NOT_CREATED	Generated from conservative clean/global working queue; draft only; no final registry action.	156	gpm_stl.csv	89784764	CRUISIN' LITE - INSTRO	CRUISIN' LITE - INSTRO	G Putnam Music	He Has Jazz	0:03:59	100.0	Jazz, Instrumental	YES	GLOBAL_INSTRO_STANDARD	GLOBAL_STANDARD_APPLIED	GLOBAL_INSTRO_STANDARD	
GPMC-REG-IMPORT-DRAFT-CLEAN-GLOBAL-20260624	127	DRAFT_IMPORT_PENDING_REVIEW	docs/registry/batch-intake-working-queues/gpmc_clean_global_track_working_queue_20260624.tsv	128	TRACK_RECORD_NOT_CREATED	TRACK_ID_NOT_ASSIGNED	PUBLIC_TITLE_DRAFT_ONLY	PIX_NOT_CREATED	LT_PIX_NOT_CREATED	KKR_NOT_STARTED	CI_NOT_CREATED	Generated from conservative clean/global working queue; draft only; no final registry action.	157	gpm_stl.csv	89784778	WALK IN THE PARK	WALK IN THE PARK	Michael Scherer	He Has Jazz	0:02:24	198.0	Jazz, Instrumental	YES		BATCH_CLEAN_PENDING_REVIEW		
GPMC-REG-IMPORT-DRAFT-CLEAN-GLOBAL-20260624	128	DRAFT_IMPORT_PENDING_REVIEW	docs/registry/batch-intake-working-queues/gpmc_clean_global_track_working_queue_20260624.tsv	129	TRACK_RECORD_NOT_CREATED	TRACK_ID_NOT_ASSIGNED	PUBLIC_TITLE_DRAFT_ONLY	PIX_NOT_CREATED	LT_PIX_NOT_CREATED	KKR_NOT_STARTED	CI_NOT_CREATED	Generated from conservative clean/global working queue; draft only; no final registry action.	158	gpm_stl.csv	89784779	THAT'S THE LIFE - INSTRO	THAT'S THE LIFE - INSTRO	Michael Scherer	Scherer Desire	0:04:15	131.0	Folk, Indie, Pop, Punk, Rock	YES	GLOBAL_INSTRO_STANDARD	GLOBAL_STANDARD_APPLIED	GLOBAL_INSTRO_STANDARD	
GPMC-REG-IMPORT-DRAFT-CLEAN-GLOBAL-20260624	129	DRAFT_IMPORT_PENDING_REVIEW	docs/registry/batch-intake-working-queues/gpmc_clean_global_track_working_queue_20260624.tsv	130	TRACK_RECORD_NOT_CREATED	TRACK_ID_NOT_ASSIGNED	PUBLIC_TITLE_DRAFT_ONLY	PIX_NOT_CREATED	LT_PIX_NOT_CREATED	KKR_NOT_STARTED	CI_NOT_CREATED	Generated from conservative clean/global working queue; draft only; no final registry action.	159	gpm_stl.csv	90227828	SALT OF THE EARTH	SALT OF THE EARTH	Lu	The Struggle	0:05:23	95.0	Folk	YES		BATCH_CLEAN_PENDING_REVIEW		
GPMC-REG-IMPORT-DRAFT-CLEAN-GLOBAL-20260624	130	DRAFT_IMPORT_PENDING_REVIEW	docs/registry/batch-intake-working-queues/gpmc_clean_global_track_working_queue_20260624.tsv	131	TRACK_RECORD_NOT_CREATED	TRACK_ID_NOT_ASSIGNED	PUBLIC_TITLE_DRAFT_ONLY	PIX_NOT_CREATED	LT_PIX_NOT_CREATED	KKR_NOT_STARTED	CI_NOT_CREATED	Generated from conservative clean/global working queue; draft only; no final registry action.	160	gpm_stl.csv	90866202	RUN RUN RUN - INSTRO	RUN RUN RUN - INSTRO	G Putnam Music	BUSTING OUT	0:02:33	102.0	ROCK	YES	GLOBAL_INSTRO_STANDARD	GLOBAL_STANDARD_APPLIED	GLOBAL_INSTRO_STANDARD	
GPMC-REG-IMPORT-DRAFT-CLEAN-GLOBAL-20260624	131	DRAFT_IMPORT_PENDING_REVIEW	docs/registry/batch-intake-working-queues/gpmc_clean_global_track_working_queue_20260624.tsv	132	TRACK_RECORD_NOT_CREATED	TRACK_ID_NOT_ASSIGNED	PUBLIC_TITLE_DRAFT_ONLY	PIX_NOT_CREATED	LT_PIX_NOT_CREATED	KKR_NOT_STARTED	CI_NOT_CREATED	Generated from conservative clean/global working queue; draft only; no final registry action.	161	gpm_stl.csv	91880347	ASK ME TO DANCE - INSTRO	ASK ME TO DANCE - INSTRO	G Putnam Music	Film/TV	0:02:43	130.0	Indie Pop	YES	GLOBAL_INSTRO_STANDARD	GLOBAL_STANDARD_APPLIED	GLOBAL_INSTRO_STANDARD	
GPMC-REG-IMPORT-DRAFT-CLEAN-GLOBAL-20260624	132	DRAFT_IMPORT_PENDING_REVIEW	docs/registry/batch-intake-working-queues/gpmc_clean_global_track_working_queue_20260624.tsv	133	TRACK_RECORD_NOT_CREATED	TRACK_ID_NOT_ASSIGNED	PUBLIC_TITLE_DRAFT_ONLY	PIX_NOT_CREATED	LT_PIX_NOT_CREATED	KKR_NOT_STARTED	CI_NOT_CREATED	Generated from conservative clean/global working queue; draft only; no final registry action.	162	gpm_stl.csv	91923415	YOUR TIME	YOUR TIME	Brandon Howard	- FAMILY, TIME, TRUST	0:04:02	85.0	Folk	YES		BATCH_CLEAN_PENDING_REVIEW		
GPMC-REG-IMPORT-DRAFT-CLEAN-GLOBAL-20260624	133	DRAFT_IMPORT_PENDING_REVIEW	docs/registry/batch-intake-working-queues/gpmc_clean_global_track_working_queue_20260624.tsv	134	TRACK_RECORD_NOT_CREATED	TRACK_ID_NOT_ASSIGNED	PUBLIC_TITLE_DRAFT_ONLY	PIX_NOT_CREATED	LT_PIX_NOT_CREATED	KKR_NOT_STARTED	CI_NOT_CREATED	Generated from conservative clean/global working queue; draft only; no final registry action.	163	gpm_stl.csv	91923430	BLUE JEANS N' BEER 2009	BLUE JEANS N' BEER 2009	G Putnam Music	Bar Rock	0:03:09	117.0	Americana	YES		BATCH_CLEAN_PENDING_REVIEW		
GPMC-REG-IMPORT-DRAFT-CLEAN-GLOBAL-20260624	134	DRAFT_IMPORT_PENDING_REVIEW	docs/registry/batch-intake-working-queues/gpmc_clean_global_track_working_queue_20260624.tsv	135	TRACK_RECORD_NOT_CREATED	TRACK_ID_NOT_ASSIGNED	PUBLIC_TITLE_DRAFT_ONLY	PIX_NOT_CREATED	LT_PIX_NOT_CREATED	KKR_NOT_STARTED	CI_NOT_CREATED	Generated from conservative clean/global working queue; draft only; no final registry action.	164	gpm_stl.csv	92181388	BEIN' WITHOUT YOU	BEIN' WITHOUT YOU	G Putnam Music	Crawlin' NOT Fallin'	0:02:51	143.0	Indie Pop	YES		BATCH_CLEAN_PENDING_REVIEW		
GPMC-REG-IMPORT-DRAFT-CLEAN-GLOBAL-20260624	135	DRAFT_IMPORT_PENDING_REVIEW	docs/registry/batch-intake-working-queues/gpmc_clean_global_track_working_queue_20260624.tsv	136	TRACK_RECORD_NOT_CREATED	TRACK_ID_NOT_ASSIGNED	PUBLIC_TITLE_DRAFT_ONLY	PIX_NOT_CREATED	LT_PIX_NOT_CREATED	KKR_NOT_STARTED	CI_NOT_CREATED	Generated from conservative clean/global working queue; draft only; no final registry action.	165	gpm_stl.csv	92295626	MOVIN' ALONG - INSTRO	MOVIN' ALONG - INSTRO	G Putnam Music	Slight Light	0:03:55		Folk Rock - Fiddle	YES	GLOBAL_INSTRO_STANDARD	GLOBAL_STANDARD_APPLIED	GLOBAL_INSTRO_STANDARD	
GPMC-REG-IMPORT-DRAFT-CLEAN-GLOBAL-20260624	136	DRAFT_IMPORT_PENDING_REVIEW	docs/registry/batch-intake-working-queues/gpmc_clean_global_track_working_queue_20260624.tsv	137	TRACK_RECORD_NOT_CREATED	TRACK_ID_NOT_ASSIGNED	PUBLIC_TITLE_DRAFT_ONLY	PIX_NOT_CREATED	LT_PIX_NOT_CREATED	KKR_NOT_STARTED	CI_NOT_CREATED	Generated from conservative clean/global working queue; draft only; no final registry action.	166	gpm_stl.csv	92578600	BEIN' WITHOUT YOU - INSTRO	BEIN' WITHOUT YOU - INSTRO	G Putnam Music	Desperate & Dirty	0:02:51	72.0	Indie Pop	YES	GLOBAL_INSTRO_STANDARD	GLOBAL_STANDARD_APPLIED	GLOBAL_INSTRO_STANDARD	
GPMC-REG-IMPORT-DRAFT-CLEAN-GLOBAL-20260624	137	DRAFT_IMPORT_PENDING_REVIEW	docs/registry/batch-intake-working-queues/gpmc_clean_global_track_working_queue_20260624.tsv	138	TRACK_RECORD_NOT_CREATED	TRACK_ID_NOT_ASSIGNED	PUBLIC_TITLE_DRAFT_ONLY	PIX_NOT_CREATED	LT_PIX_NOT_CREATED	KKR_NOT_STARTED	CI_NOT_CREATED	Generated from conservative clean/global working queue; draft only; no final registry action.	167	gpm_stl.csv	92582460	HOPE YOU KNOW	HOPE YOU KNOW	Chris Krause	Cowboy Country	0:03:31	151.0	Rodeo/Cowboy	YES		BATCH_CLEAN_PENDING_REVIEW		
GPMC-REG-IMPORT-DRAFT-CLEAN-GLOBAL-20260624	138	DRAFT_IMPORT_PENDING_REVIEW	docs/registry/batch-intake-working-queues/gpmc_clean_global_track_working_queue_20260624.tsv	139	TRACK_RECORD_NOT_CREATED	TRACK_ID_NOT_ASSIGNED	PUBLIC_TITLE_DRAFT_ONLY	PIX_NOT_CREATED	LT_PIX_NOT_CREATED	KKR_NOT_STARTED	CI_NOT_CREATED	Generated from conservative clean/global working queue; draft only; no final registry action.	168	gpm_stl.csv	94642662	BOUNCE ALONG - INSTRO	BOUNCE ALONG - INSTRO	G Putnam Music	Scherer Delight	0:02:33	115.0	Pop Funk	YES	GLOBAL_INSTRO_STANDARD	GLOBAL_STANDARD_APPLIED	GLOBAL_INSTRO_STANDARD	
GPMC-REG-IMPORT-DRAFT-CLEAN-GLOBAL-20260624	139	DRAFT_IMPORT_PENDING_REVIEW	docs/registry/batch-intake-working-queues/gpmc_clean_global_track_working_queue_20260624.tsv	140	TRACK_RECORD_NOT_CREATED	TRACK_ID_NOT_ASSIGNED	PUBLIC_TITLE_DRAFT_ONLY	PIX_NOT_CREATED	LT_PIX_NOT_CREATED	KKR_NOT_STARTED	CI_NOT_CREATED	Generated from conservative clean/global working queue; draft only; no final registry action.	169	gpm_stl.csv	94642663	FAST LANES - INSTRO	FAST LANES - INSTRO	Michael Scherer	Dance Steady	0:02:04	120.0	Pop Dance	YES	GLOBAL_INSTRO_STANDARD	GLOBAL_STANDARD_APPLIED	GLOBAL_INSTRO_STANDARD	
GPMC-REG-IMPORT-DRAFT-CLEAN-GLOBAL-20260624	140	DRAFT_IMPORT_PENDING_REVIEW	docs/registry/batch-intake-working-queues/gpmc_clean_global_track_working_queue_20260624.tsv	141	TRACK_RECORD_NOT_CREATED	TRACK_ID_NOT_ASSIGNED	PUBLIC_TITLE_DRAFT_ONLY	PIX_NOT_CREATED	LT_PIX_NOT_CREATED	KKR_NOT_STARTED	CI_NOT_CREATED	Generated from conservative clean/global working queue; draft only; no final registry action.	171	gpm_stl.csv	96302148	SUNSHINE IN THE MEADOW	SUNSHINE IN THE MEADOW	Michael Scherer	Scherer Delight	0:03:28	58.0	Jazz	YES		BATCH_CLEAN_PENDING_REVIEW		
GPMC-REG-IMPORT-DRAFT-CLEAN-GLOBAL-20260624	141	DRAFT_IMPORT_PENDING_REVIEW	docs/registry/batch-intake-working-queues/gpmc_clean_global_track_working_queue_20260624.tsv	142	TRACK_RECORD_NOT_CREATED	TRACK_ID_NOT_ASSIGNED	PUBLIC_TITLE_DRAFT_ONLY	PIX_NOT_CREATED	LT_PIX_NOT_CREATED	KKR_NOT_STARTED	CI_NOT_CREATED	Generated from conservative clean/global working queue; draft only; no final registry action.	172	gpm_stl.csv	96302338	REFLECTION - INSTRO	REFLECTION - INSTRO	Michael Scherer	Scherer Delight	0:06:24	58.0	Jazz	YES	GLOBAL_INSTRO_STANDARD	GLOBAL_STANDARD_APPLIED	GLOBAL_INSTRO_STANDARD	
GPMC-REG-IMPORT-DRAFT-CLEAN-GLOBAL-20260624	142	DRAFT_IMPORT_PENDING_REVIEW	docs/registry/batch-intake-working-queues/gpmc_clean_global_track_working_queue_20260624.tsv	143	TRACK_RECORD_NOT_CREATED	TRACK_ID_NOT_ASSIGNED	PUBLIC_TITLE_DRAFT_ONLY	PIX_NOT_CREATED	LT_PIX_NOT_CREATED	KKR_NOT_STARTED	CI_NOT_CREATED	Generated from conservative clean/global working queue; draft only; no final registry action.	173	gpm_stl.csv	99145042	HAZY CRAZY - INSTRO	HAZY CRAZY - INSTRO	G Putnam Music	Coming Up!	0:02:43	134.0	Singer/Songwriter	YES	GLOBAL_INSTRO_STANDARD	GLOBAL_STANDARD_APPLIED	GLOBAL_INSTRO_STANDARD	
GPMC-REG-IMPORT-DRAFT-CLEAN-GLOBAL-20260624	143	DRAFT_IMPORT_PENDING_REVIEW	docs/registry/batch-intake-working-queues/gpmc_clean_global_track_working_queue_20260624.tsv	144	TRACK_RECORD_NOT_CREATED	TRACK_ID_NOT_ASSIGNED	PUBLIC_TITLE_DRAFT_ONLY	PIX_NOT_CREATED	LT_PIX_NOT_CREATED	KKR_NOT_STARTED	CI_NOT_CREATED	Generated from conservative clean/global working queue; draft only; no final registry action.	176	gpm_stl.csv	99484833	RIDIN' CLOUD 10 - INSTRO	RIDIN' CLOUD 10 - INSTRO	G Putnam Music	Crashin’ NOT Fallin'	0:02:58	81.0	Pop, Country	YES	GLOBAL_INSTRO_STANDARD	GLOBAL_STANDARD_APPLIED	GLOBAL_INSTRO_STANDARD	
GPMC-REG-IMPORT-DRAFT-CLEAN-GLOBAL-20260624	144	DRAFT_IMPORT_PENDING_REVIEW	docs/registry/batch-intake-working-queues/gpmc_clean_global_track_working_queue_20260624.tsv	145	TRACK_RECORD_NOT_CREATED	TRACK_ID_NOT_ASSIGNED	PUBLIC_TITLE_DRAFT_ONLY	PIX_NOT_CREATED	LT_PIX_NOT_CREATED	KKR_NOT_STARTED	CI_NOT_CREATED	Generated from conservative clean/global working queue; draft only; no final registry action.	177	gpm_stl.csv	99642523	CAN'T TAKE MY EYES ON U - INSTRO	CAN'T TAKE MY EYES ON U - INSTRO	G Putnam Music	Synth Nymph	0:02:15	78.0	Trailer, FILM, CINEMA	YES	GLOBAL_INSTRO_STANDARD	GLOBAL_STANDARD_APPLIED	GLOBAL_INSTRO_STANDARD	
GPMC-REG-IMPORT-DRAFT-CLEAN-GLOBAL-20260624	145	DRAFT_IMPORT_PENDING_REVIEW	docs/registry/batch-intake-working-queues/gpmc_clean_global_track_working_queue_20260624.tsv	146	TRACK_RECORD_NOT_CREATED	TRACK_ID_NOT_ASSIGNED	PUBLIC_TITLE_DRAFT_ONLY	PIX_NOT_CREATED	LT_PIX_NOT_CREATED	KKR_NOT_STARTED	CI_NOT_CREATED	Generated from conservative clean/global working queue; draft only; no final registry action.	178	gpm_stl.csv	99642604	Take Me to the Lake-INST	Take Me to the Lake-INST	G Putnam Music	Instrumental	0:03:20	136.0	Americana	YES		BATCH_CLEAN_PENDING_REVIEW		
GPMC-REG-IMPORT-DRAFT-CLEAN-GLOBAL-20260624	146	DRAFT_IMPORT_PENDING_REVIEW	docs/registry/batch-intake-working-queues/gpmc_clean_global_track_working_queue_20260624.tsv	147	TRACK_RECORD_NOT_CREATED	TRACK_ID_NOT_ASSIGNED	PUBLIC_TITLE_DRAFT_ONLY	PIX_NOT_CREATED	LT_PIX_NOT_CREATED	KKR_NOT_STARTED	CI_NOT_CREATED	Generated from conservative clean/global working queue; draft only; no final registry action.	179	gpm_stl.csv	99647011	LIVIN' IN A CRAZY BIG WAY	LIVIN' IN A CRAZY BIG WAY	Andre Brown	Sexy Swagger	0:02:55	123.0	Folk, Rock	YES		BATCH_CLEAN_PENDING_REVIEW		
GPMC-REG-IMPORT-DRAFT-CLEAN-GLOBAL-20260624	147	DRAFT_IMPORT_PENDING_REVIEW	docs/registry/batch-intake-working-queues/gpmc_clean_global_track_working_queue_20260624.tsv	148	TRACK_RECORD_NOT_CREATED	TRACK_ID_NOT_ASSIGNED	PUBLIC_TITLE_DRAFT_ONLY	PIX_NOT_CREATED	LT_PIX_NOT_CREATED	KKR_NOT_STARTED	CI_NOT_CREATED	Generated from conservative clean/global working queue; draft only; no final registry action.	180	gpm_stl.csv	99647322	OH SO CASUALLY - INSTRO	OH SO CASUALLY - INSTRO	G Putnam Music	Desperate & Dirty	0:03:22	91.0	Pop, Rock	YES	GLOBAL_INSTRO_STANDARD	GLOBAL_STANDARD_APPLIED	GLOBAL_INSTRO_STANDARD	
GPMC-REG-IMPORT-DRAFT-CLEAN-GLOBAL-20260624	148	DRAFT_IMPORT_PENDING_REVIEW	docs/registry/batch-intake-working-queues/gpmc_clean_global_track_working_queue_20260624.tsv	149	TRACK_RECORD_NOT_CREATED	TRACK_ID_NOT_ASSIGNED	PUBLIC_TITLE_DRAFT_ONLY	PIX_NOT_CREATED	LT_PIX_NOT_CREATED	KKR_NOT_STARTED	CI_NOT_CREATED	Generated from conservative clean/global working queue; draft only; no final registry action.	181	gpm_stl.csv	99647441	OH SO CASUALLY (STRIPPED)	OH SO CASUALLY (STRIPPED)	Rachel Scharnette	Subtly Simple	0:03:22	91.0	Pop, Rock	YES		BATCH_CLEAN_PENDING_REVIEW		
GPMC-REG-IMPORT-DRAFT-CLEAN-GLOBAL-20260624	149	DRAFT_IMPORT_PENDING_REVIEW	docs/registry/batch-intake-working-queues/gpmc_clean_global_track_working_queue_20260624.tsv	150	TRACK_RECORD_NOT_CREATED	TRACK_ID_NOT_ASSIGNED	PUBLIC_TITLE_DRAFT_ONLY	PIX_NOT_CREATED	LT_PIX_NOT_CREATED	KKR_NOT_STARTED	CI_NOT_CREATED	Generated from conservative clean/global working queue; draft only; no final registry action.	182	gpm_stl.csv	99647594	TIMES LIKE THESE	TIMES LIKE THESE	Scotty Alexander	Festive	0:02:48	101.0	MOD COUNTRY	YES		BATCH_CLEAN_PENDING_REVIEW		
GPMC-REG-IMPORT-DRAFT-CLEAN-GLOBAL-20260624	150	DRAFT_IMPORT_PENDING_REVIEW	docs/registry/batch-intake-working-queues/gpmc_clean_global_track_working_queue_20260624.tsv	151	TRACK_RECORD_NOT_CREATED	TRACK_ID_NOT_ASSIGNED	PUBLIC_TITLE_DRAFT_ONLY	PIX_NOT_CREATED	LT_PIX_NOT_CREATED	KKR_NOT_STARTED	CI_NOT_CREATED	Generated from conservative clean/global working queue; draft only; no final registry action.	183	gpm_stl.csv	99647598	TODAY WANTS TO BE A GOOD ONE	TODAY WANTS TO BE A GOOD ONE	Simon Webb	Dance Steady	0:03:23	135.0	Americana	YES		BATCH_CLEAN_PENDING_REVIEW		
GPMC-REG-IMPORT-DRAFT-CLEAN-GLOBAL-20260624	151	DRAFT_IMPORT_PENDING_REVIEW	docs/registry/batch-intake-working-queues/gpmc_clean_global_track_working_queue_20260624.tsv	152	TRACK_RECORD_NOT_CREATED	TRACK_ID_NOT_ASSIGNED	PUBLIC_TITLE_DRAFT_ONLY	PIX_NOT_CREATED	LT_PIX_NOT_CREATED	KKR_NOT_STARTED	CI_NOT_CREATED	Generated from conservative clean/global working queue; draft only; no final registry action.	184	gpm_stl.csv	99647936	WHISP'RIN' IN THE WIND - INSTRO	WHISP'RIN' IN THE WIND - INSTRO	G Putnam Music	Clubbin'	0:04:52		Blues	YES	GLOBAL_INSTRO_STANDARD	GLOBAL_STANDARD_APPLIED	GLOBAL_INSTRO_STANDARD	
GPMC-REG-IMPORT-DRAFT-CLEAN-GLOBAL-20260624	152	DRAFT_IMPORT_PENDING_REVIEW	docs/registry/batch-intake-working-queues/gpmc_clean_global_track_working_queue_20260624.tsv	153	TRACK_RECORD_NOT_CREATED	TRACK_ID_NOT_ASSIGNED	PUBLIC_TITLE_DRAFT_ONLY	PIX_NOT_CREATED	LT_PIX_NOT_CREATED	KKR_NOT_STARTED	CI_NOT_CREATED	Generated from conservative clean/global working queue; draft only; no final registry action.	185	gpm_stl.csv	99648680	HOW 'BOUT ANOTHER DANCE	HOW 'BOUT ANOTHER DANCE	NATU Visinia	Sexy Swagger	0:03:04	87.0	Mod Country	YES		BATCH_CLEAN_PENDING_REVIEW		
GPMC-REG-IMPORT-DRAFT-CLEAN-GLOBAL-20260624	153	DRAFT_IMPORT_PENDING_REVIEW	docs/registry/batch-intake-working-queues/gpmc_clean_global_track_working_queue_20260624.tsv	154	TRACK_RECORD_NOT_CREATED	TRACK_ID_NOT_ASSIGNED	PUBLIC_TITLE_DRAFT_ONLY	PIX_NOT_CREATED	LT_PIX_NOT_CREATED	KKR_NOT_STARTED	CI_NOT_CREATED	Generated from conservative clean/global working queue; draft only; no final registry action.	186	gpm_stl.csv	99700326	GO AS YOU WERE - INSTRO	GO AS YOU WERE - INSTRO	G Putnam Music	Synth Nymph	0:03:01	75.0	Reimagined	YES	GLOBAL_INSTRO_STANDARD	GLOBAL_STANDARD_APPLIED	GLOBAL_INSTRO_STANDARD	
GPMC-REG-IMPORT-DRAFT-CLEAN-GLOBAL-20260624	154	DRAFT_IMPORT_PENDING_REVIEW	docs/registry/batch-intake-working-queues/gpmc_clean_global_track_working_queue_20260624.tsv	155	TRACK_RECORD_NOT_CREATED	TRACK_ID_NOT_ASSIGNED	PUBLIC_TITLE_DRAFT_ONLY	PIX_NOT_CREATED	LT_PIX_NOT_CREATED	KKR_NOT_STARTED	CI_NOT_CREATED	Generated from conservative clean/global working queue; draft only; no final registry action.	187	gpm_stl.csv	99723606	I JUST WANT SOMEONE - INSTRO	I JUST WANT SOMEONE - INSTRO	G Putnam Music	Remembering Forgetting	0:03:37	85.0	Soul, Rock, Pop	YES	GLOBAL_INSTRO_STANDARD	GLOBAL_STANDARD_APPLIED	GLOBAL_INSTRO_STANDARD	
GPMC-REG-IMPORT-DRAFT-CLEAN-GLOBAL-20260624	155	DRAFT_IMPORT_PENDING_REVIEW	docs/registry/batch-intake-working-queues/gpmc_clean_global_track_working_queue_20260624.tsv	156	TRACK_RECORD_NOT_CREATED	TRACK_ID_NOT_ASSIGNED	PUBLIC_TITLE_DRAFT_ONLY	PIX_NOT_CREATED	LT_PIX_NOT_CREATED	KKR_NOT_STARTED	CI_NOT_CREATED	Generated from conservative clean/global working queue; draft only; no final registry action.	188	gpm_stl.csv	99725286	PAST TENNESSEE - INSTRO	PAST TENNESSEE - INSTRO	G Putnam Music	Downhome	0:03:29	151.0	Country	YES	GLOBAL_INSTRO_STANDARD	GLOBAL_STANDARD_APPLIED	GLOBAL_INSTRO_STANDARD	
GPMC-REG-IMPORT-DRAFT-CLEAN-GLOBAL-20260624	156	DRAFT_IMPORT_PENDING_REVIEW	docs/registry/batch-intake-working-queues/gpmc_clean_global_track_working_queue_20260624.tsv	157	TRACK_RECORD_NOT_CREATED	TRACK_ID_NOT_ASSIGNED	PUBLIC_TITLE_DRAFT_ONLY	PIX_NOT_CREATED	LT_PIX_NOT_CREATED	KKR_NOT_STARTED	CI_NOT_CREATED	Generated from conservative clean/global working queue; draft only; no final registry action.	189	gpm_stl.csv	99805456	HAVE TO - INSTRO	HAVE TO - INSTRO	G Putnam Music	Slight Light	0:03:35	94.0	Banjo	YES	GLOBAL_INSTRO_STANDARD	GLOBAL_STANDARD_APPLIED	GLOBAL_INSTRO_STANDARD	
GPMC-REG-IMPORT-DRAFT-CLEAN-GLOBAL-20260624	157	DRAFT_IMPORT_PENDING_REVIEW	docs/registry/batch-intake-working-queues/gpmc_clean_global_track_working_queue_20260624.tsv	158	TRACK_RECORD_NOT_CREATED	TRACK_ID_NOT_ASSIGNED	PUBLIC_TITLE_DRAFT_ONLY	PIX_NOT_CREATED	LT_PIX_NOT_CREATED	KKR_NOT_STARTED	CI_NOT_CREATED	Generated from conservative clean/global working queue; draft only; no final registry action.	191	gpm_stl.csv	102327167	CHRISTMAS STAR - MOD	CHRISTMAS STAR - MOD	Zach Jackson	Christmas	0:02:14	145.0	Christmas	YES		BATCH_CLEAN_PENDING_REVIEW		
GPMC-REG-IMPORT-DRAFT-CLEAN-GLOBAL-20260624	158	DRAFT_IMPORT_PENDING_REVIEW	docs/registry/batch-intake-working-queues/gpmc_clean_global_track_working_queue_20260624.tsv	159	TRACK_RECORD_NOT_CREATED	TRACK_ID_NOT_ASSIGNED	PUBLIC_TITLE_DRAFT_ONLY	PIX_NOT_CREATED	LT_PIX_NOT_CREATED	KKR_NOT_STARTED	CI_NOT_CREATED	Generated from conservative clean/global working queue; draft only; no final registry action.	192	gpm_stl.csv	102342935	Easy Living - INSTRO	Easy Living - INSTRO	G Putnam Music	Scherer Desire	0:04:05	130.0	Christmas	YES	GLOBAL_INSTRO_STANDARD	GLOBAL_STANDARD_APPLIED	GLOBAL_INSTRO_STANDARD	
GPMC-REG-IMPORT-DRAFT-CLEAN-GLOBAL-20260624	159	DRAFT_IMPORT_PENDING_REVIEW	docs/registry/batch-intake-working-queues/gpmc_clean_global_track_working_queue_20260624.tsv	160	TRACK_RECORD_NOT_CREATED	TRACK_ID_NOT_ASSIGNED	PUBLIC_TITLE_DRAFT_ONLY	PIX_NOT_CREATED	LT_PIX_NOT_CREATED	KKR_NOT_STARTED	CI_NOT_CREATED	Generated from conservative clean/global working queue; draft only; no final registry action.	193	gpm_stl.csv	102536428	GOIN’ OFF THE DEEP END - TV MIX INSTRO	GOIN’ OFF THE DEEP END - TV MIX - INSTRO	G Putnam Music	Caught Off Guard	0:03:09	140.0	Acoustic Rock	YES	GLOBAL_INSTRO_STANDARD	GLOBAL_STANDARD_APPLIED	GLOBAL_INSTRO_STANDARD	
GPMC-REG-IMPORT-DRAFT-CLEAN-GLOBAL-20260624	160	DRAFT_IMPORT_PENDING_REVIEW	docs/registry/batch-intake-working-queues/gpmc_clean_global_track_working_queue_20260624.tsv	161	TRACK_RECORD_NOT_CREATED	TRACK_ID_NOT_ASSIGNED	PUBLIC_TITLE_DRAFT_ONLY	PIX_NOT_CREATED	LT_PIX_NOT_CREATED	KKR_NOT_STARTED	CI_NOT_CREATED	Generated from conservative clean/global working queue; draft only; no final registry action.	194	gpm_stl.csv	103274220	BORN WHO YOU ARE	BORN WHO YOU ARE	Mick Fury	COWBOY Country	0:03:20		Cowboy Country	YES		BATCH_CLEAN_PENDING_REVIEW		
GPMC-REG-IMPORT-DRAFT-CLEAN-GLOBAL-20260624	161	DRAFT_IMPORT_PENDING_REVIEW	docs/registry/batch-intake-working-queues/gpmc_clean_global_track_working_queue_20260624.tsv	162	TRACK_RECORD_NOT_CREATED	TRACK_ID_NOT_ASSIGNED	PUBLIC_TITLE_DRAFT_ONLY	PIX_NOT_CREATED	LT_PIX_NOT_CREATED	KKR_NOT_STARTED	CI_NOT_CREATED	Generated from conservative clean/global working queue; draft only; no final registry action.	195	gpm_stl.csv	103312297	OPEN ROAD - INSTRO	OPEN ROAD - INSTRO	G Putnam Music	Crashin’ NOT Fallin'	0:03:23	117.0	Pop, Rock, BVGs	YES	GLOBAL_INSTRO_STANDARD	GLOBAL_STANDARD_APPLIED	GLOBAL_INSTRO_STANDARD	
GPMC-REG-IMPORT-DRAFT-CLEAN-GLOBAL-20260624	162	DRAFT_IMPORT_PENDING_REVIEW	docs/registry/batch-intake-working-queues/gpmc_clean_global_track_working_queue_20260624.tsv	163	TRACK_RECORD_NOT_CREATED	TRACK_ID_NOT_ASSIGNED	PUBLIC_TITLE_DRAFT_ONLY	PIX_NOT_CREATED	LT_PIX_NOT_CREATED	KKR_NOT_STARTED	CI_NOT_CREATED	Generated from conservative clean/global working queue; draft only; no final registry action.	196	gpm_stl.csv	103333194	OFF-SIDES - INSTRO ONLY	OFF-SIDES - INSTRO ONLY - INSTRO	G Putnam Music	Sports of Sorts	0:02:08		Rock	YES	GLOBAL_INSTRO_STANDARD	GLOBAL_STANDARD_APPLIED	GLOBAL_INSTRO_STANDARD	
GPMC-REG-IMPORT-DRAFT-CLEAN-GLOBAL-20260624	163	DRAFT_IMPORT_PENDING_REVIEW	docs/registry/batch-intake-working-queues/gpmc_clean_global_track_working_queue_20260624.tsv	164	TRACK_RECORD_NOT_CREATED	TRACK_ID_NOT_ASSIGNED	PUBLIC_TITLE_DRAFT_ONLY	PIX_NOT_CREATED	LT_PIX_NOT_CREATED	KKR_NOT_STARTED	CI_NOT_CREATED	Generated from conservative clean/global working queue; draft only; no final registry action.	197	gpm_stl.csv	103551014	DARK CLOUD - 5 - 50s AM Radio-Like	DARK CLOUD - 5 - 50s AM Radio-Like	G Putnam Music	Trad RICH n’ All	0:02:35	70.0	Alt Country	YES		BATCH_CLEAN_PENDING_REVIEW		
GPMC-REG-IMPORT-DRAFT-CLEAN-GLOBAL-20260624	164	DRAFT_IMPORT_PENDING_REVIEW	docs/registry/batch-intake-working-queues/gpmc_clean_global_track_working_queue_20260624.tsv	165	TRACK_RECORD_NOT_CREATED	TRACK_ID_NOT_ASSIGNED	PUBLIC_TITLE_DRAFT_ONLY	PIX_NOT_CREATED	LT_PIX_NOT_CREATED	KKR_NOT_STARTED	CI_NOT_CREATED	Generated from conservative clean/global working queue; draft only; no final registry action.	198	gpm_stl.csv	103575096	I JUST WANT SOMEONE	I JUST WANT SOMEONE	Elle Christine	Elle’s Bells	0:03:42	85.0	Soul, Rock, Pop	YES		BATCH_CLEAN_PENDING_REVIEW		
GPMC-REG-IMPORT-DRAFT-CLEAN-GLOBAL-20260624	165	DRAFT_IMPORT_PENDING_REVIEW	docs/registry/batch-intake-working-queues/gpmc_clean_global_track_working_queue_20260624.tsv	166	TRACK_RECORD_NOT_CREATED	TRACK_ID_NOT_ASSIGNED	PUBLIC_TITLE_DRAFT_ONLY	PIX_NOT_CREATED	LT_PIX_NOT_CREATED	KKR_NOT_STARTED	CI_NOT_CREATED	Generated from conservative clean/global working queue; draft only; no final registry action.	199	gpm_stl.csv	103578063	BABY WE'RE THROUGH	BABY WE'RE THROUGH	Mick Fury	Cowboy Country	0:02:59	112.0	Cowboy Country	YES		BATCH_CLEAN_PENDING_REVIEW		
GPMC-REG-IMPORT-DRAFT-CLEAN-GLOBAL-20260624	166	DRAFT_IMPORT_PENDING_REVIEW	docs/registry/batch-intake-working-queues/gpmc_clean_global_track_working_queue_20260624.tsv	167	TRACK_RECORD_NOT_CREATED	TRACK_ID_NOT_ASSIGNED	PUBLIC_TITLE_DRAFT_ONLY	PIX_NOT_CREATED	LT_PIX_NOT_CREATED	KKR_NOT_STARTED	CI_NOT_CREATED	Generated from conservative clean/global working queue; draft only; no final registry action.	200	gpm_stl.csv	104026631	PARTY LIKE PIRATES	PARTY LIKE PIRATES	Mick Fury	Sexy Swagger	0:03:24	82.0	American/Caribbean, ndie Acoustic	YES		BATCH_CLEAN_PENDING_REVIEW		
GPMC-REG-IMPORT-DRAFT-CLEAN-GLOBAL-20260624	167	DRAFT_IMPORT_PENDING_REVIEW	docs/registry/batch-intake-working-queues/gpmc_clean_global_track_working_queue_20260624.tsv	168	TRACK_RECORD_NOT_CREATED	TRACK_ID_NOT_ASSIGNED	PUBLIC_TITLE_DRAFT_ONLY	PIX_NOT_CREATED	LT_PIX_NOT_CREATED	KKR_NOT_STARTED	CI_NOT_CREATED	Generated from conservative clean/global working queue; draft only; no final registry action.	201	gpm_stl.csv	104069113	DARK CLOUD 1 - Piano	DARK CLOUD 1 - Piano	Katie Beste	Sassy Sweet	0:03:17	70.0	Alt Country	YES		BATCH_CLEAN_PENDING_REVIEW		
GPMC-REG-IMPORT-DRAFT-CLEAN-GLOBAL-20260624	168	DRAFT_IMPORT_PENDING_REVIEW	docs/registry/batch-intake-working-queues/gpmc_clean_global_track_working_queue_20260624.tsv	169	TRACK_RECORD_NOT_CREATED	TRACK_ID_NOT_ASSIGNED	PUBLIC_TITLE_DRAFT_ONLY	PIX_NOT_CREATED	LT_PIX_NOT_CREATED	KKR_NOT_STARTED	CI_NOT_CREATED	Generated from conservative clean/global working queue; draft only; no final registry action.	202	gpm_stl.csv	104266968	Hang On - INSTRO	Hang On - INSTRO	G Putnam Music	Film	0:03:23	98.0	AHs	YES	GLOBAL_INSTRO_STANDARD	GLOBAL_STANDARD_APPLIED	GLOBAL_INSTRO_STANDARD	
GPMC-REG-IMPORT-DRAFT-CLEAN-GLOBAL-20260624	169	DRAFT_IMPORT_PENDING_REVIEW	docs/registry/batch-intake-working-queues/gpmc_clean_global_track_working_queue_20260624.tsv	170	TRACK_RECORD_NOT_CREATED	TRACK_ID_NOT_ASSIGNED	PUBLIC_TITLE_DRAFT_ONLY	PIX_NOT_CREATED	LT_PIX_NOT_CREATED	KKR_NOT_STARTED	CI_NOT_CREATED	Generated from conservative clean/global working queue; draft only; no final registry action.	203	gpm_stl.csv	104282855	THIS TIME IT'S LOVE	THIS TIME IT'S LOVE	Zach Jackson	Clearly	0:04:17	95.0	Indie	YES		BATCH_CLEAN_PENDING_REVIEW		
GPMC-REG-IMPORT-DRAFT-CLEAN-GLOBAL-20260624	170	DRAFT_IMPORT_PENDING_REVIEW	docs/registry/batch-intake-working-queues/gpmc_clean_global_track_working_queue_20260624.tsv	171	TRACK_RECORD_NOT_CREATED	TRACK_ID_NOT_ASSIGNED	PUBLIC_TITLE_DRAFT_ONLY	PIX_NOT_CREATED	LT_PIX_NOT_CREATED	KKR_NOT_STARTED	CI_NOT_CREATED	Generated from conservative clean/global working queue; draft only; no final registry action.	204	gpm_stl.csv	104283183	YOURS N' MINE	YOURS N' MINE	Zach Linley	Cowboy Country	0:03:29	117.0	Cont Country	YES		BATCH_CLEAN_PENDING_REVIEW		
GPMC-REG-IMPORT-DRAFT-CLEAN-GLOBAL-20260624	171	DRAFT_IMPORT_PENDING_REVIEW	docs/registry/batch-intake-working-queues/gpmc_clean_global_track_working_queue_20260624.tsv	172	TRACK_RECORD_NOT_CREATED	TRACK_ID_NOT_ASSIGNED	PUBLIC_TITLE_DRAFT_ONLY	PIX_NOT_CREATED	LT_PIX_NOT_CREATED	KKR_NOT_STARTED	CI_NOT_CREATED	Generated from conservative clean/global working queue; draft only; no final registry action.	206	gpm_stl.csv	104835505	TRICKS OR TREATS	TRICKS OR TREATS	G Putnam Music	HALLOWEEN	0:00:30	126.0	Halloween	YES		BATCH_CLEAN_PENDING_REVIEW		
GPMC-REG-IMPORT-DRAFT-CLEAN-GLOBAL-20260624	172	DRAFT_IMPORT_PENDING_REVIEW	docs/registry/batch-intake-working-queues/gpmc_clean_global_track_working_queue_20260624.tsv	173	TRACK_RECORD_NOT_CREATED	TRACK_ID_NOT_ASSIGNED	PUBLIC_TITLE_DRAFT_ONLY	PIX_NOT_CREATED	LT_PIX_NOT_CREATED	KKR_NOT_STARTED	CI_NOT_CREATED	Generated from conservative clean/global working queue; draft only; no final registry action.	207	gpm_stl.csv	104846325	EMPTY OF HATE	EMPTY OF HATE	Zach Jackson	Countin’ On Countin’ On	0:03:43	124.0	Pop	YES		BATCH_CLEAN_PENDING_REVIEW		
GPMC-REG-IMPORT-DRAFT-CLEAN-GLOBAL-20260624	173	DRAFT_IMPORT_PENDING_REVIEW	docs/registry/batch-intake-working-queues/gpmc_clean_global_track_working_queue_20260624.tsv	174	TRACK_RECORD_NOT_CREATED	TRACK_ID_NOT_ASSIGNED	PUBLIC_TITLE_DRAFT_ONLY	PIX_NOT_CREATED	LT_PIX_NOT_CREATED	KKR_NOT_STARTED	CI_NOT_CREATED	Generated from conservative clean/global working queue; draft only; no final registry action.	208	gpm_stl.csv	105131577	NEW ORLEANS PIANO TRIO 1	NEW ORLEANS PIANO TRIO 1	Michael Scherer	He Has Jazz	0:01:14	100.0	Instrumental - New Orleans	YES		BATCH_CLEAN_PENDING_REVIEW		
GPMC-REG-IMPORT-DRAFT-CLEAN-GLOBAL-20260624	174	DRAFT_IMPORT_PENDING_REVIEW	docs/registry/batch-intake-working-queues/gpmc_clean_global_track_working_queue_20260624.tsv	175	TRACK_RECORD_NOT_CREATED	TRACK_ID_NOT_ASSIGNED	PUBLIC_TITLE_DRAFT_ONLY	PIX_NOT_CREATED	LT_PIX_NOT_CREATED	KKR_NOT_STARTED	CI_NOT_CREATED	Generated from conservative clean/global working queue; draft only; no final registry action.	209	gpm_stl.csv	105132267	NEW ORLEANS PIANO TRIO 2	NEW ORLEANS PIANO TRIO 2	Michael Scherer	He Has Jazz	0:01:13	125.0	Instrumental - New Orleans	YES		BATCH_CLEAN_PENDING_REVIEW		
GPMC-REG-IMPORT-DRAFT-CLEAN-GLOBAL-20260624	175	DRAFT_IMPORT_PENDING_REVIEW	docs/registry/batch-intake-working-queues/gpmc_clean_global_track_working_queue_20260624.tsv	176	TRACK_RECORD_NOT_CREATED	TRACK_ID_NOT_ASSIGNED	PUBLIC_TITLE_DRAFT_ONLY	PIX_NOT_CREATED	LT_PIX_NOT_CREATED	KKR_NOT_STARTED	CI_NOT_CREATED	Generated from conservative clean/global working queue; draft only; no final registry action.	210	gpm_stl.csv	105132415	NEW ORLEANS PIANO TRIO 3	NEW ORLEANS PIANO TRIO 3	Michael Scherer	He Has Jazz	0:00:54	125.0	Instrumental - New Orleans	YES		BATCH_CLEAN_PENDING_REVIEW		
GPMC-REG-IMPORT-DRAFT-CLEAN-GLOBAL-20260624	176	DRAFT_IMPORT_PENDING_REVIEW	docs/registry/batch-intake-working-queues/gpmc_clean_global_track_working_queue_20260624.tsv	177	TRACK_RECORD_NOT_CREATED	TRACK_ID_NOT_ASSIGNED	PUBLIC_TITLE_DRAFT_ONLY	PIX_NOT_CREATED	LT_PIX_NOT_CREATED	KKR_NOT_STARTED	CI_NOT_CREATED	Generated from conservative clean/global working queue; draft only; no final registry action.	211	gpm_stl.csv	105229515	PUT DOWN THE PHONE	PUT DOWN THE PHONE	G Putnam Music	Ukranian	0:03:06	95.0	Alt Country	YES		BATCH_CLEAN_PENDING_REVIEW		
GPMC-REG-IMPORT-DRAFT-CLEAN-GLOBAL-20260624	177	DRAFT_IMPORT_PENDING_REVIEW	docs/registry/batch-intake-working-queues/gpmc_clean_global_track_working_queue_20260624.tsv	178	TRACK_RECORD_NOT_CREATED	TRACK_ID_NOT_ASSIGNED	PUBLIC_TITLE_DRAFT_ONLY	PIX_NOT_CREATED	LT_PIX_NOT_CREATED	KKR_NOT_STARTED	CI_NOT_CREATED	Generated from conservative clean/global working queue; draft only; no final registry action.	212	gpm_stl.csv	105229977	THAT EMPTY CHAIR	THAT EMPTY CHAIR	Lloyd G Miller	Cowboy’s Country	0:04:19	75.0	Cont Country	YES		BATCH_CLEAN_PENDING_REVIEW		
GPMC-REG-IMPORT-DRAFT-CLEAN-GLOBAL-20260624	178	DRAFT_IMPORT_PENDING_REVIEW	docs/registry/batch-intake-working-queues/gpmc_clean_global_track_working_queue_20260624.tsv	179	TRACK_RECORD_NOT_CREATED	TRACK_ID_NOT_ASSIGNED	PUBLIC_TITLE_DRAFT_ONLY	PIX_NOT_CREATED	LT_PIX_NOT_CREATED	KKR_NOT_STARTED	CI_NOT_CREATED	Generated from conservative clean/global working queue; draft only; no final registry action.	213	gpm_stl.csv	105521350	THAT EMPTY CHAIR - INSTRO	THAT EMPTY CHAIR - INSTRO	G Putnam Music	Slight Light	0:03:34	75.0	Cont Country	YES	GLOBAL_INSTRO_STANDARD	GLOBAL_STANDARD_APPLIED	GLOBAL_INSTRO_STANDARD	
GPMC-REG-IMPORT-DRAFT-CLEAN-GLOBAL-20260624	179	DRAFT_IMPORT_PENDING_REVIEW	docs/registry/batch-intake-working-queues/gpmc_clean_global_track_working_queue_20260624.tsv	180	TRACK_RECORD_NOT_CREATED	TRACK_ID_NOT_ASSIGNED	PUBLIC_TITLE_DRAFT_ONLY	PIX_NOT_CREATED	LT_PIX_NOT_CREATED	KKR_NOT_STARTED	CI_NOT_CREATED	Generated from conservative clean/global working queue; draft only; no final registry action.	214	gpm_stl.csv	105529524	A LOVE LIKE THAT	A LOVE LIKE THAT	Lloyd G Miller	Lloyd's Void	0:03:16	107.0	Singer/Songwriter-Indie-Folk	YES		BATCH_CLEAN_PENDING_REVIEW		
GPMC-REG-IMPORT-DRAFT-CLEAN-GLOBAL-20260624	180	DRAFT_IMPORT_PENDING_REVIEW	docs/registry/batch-intake-working-queues/gpmc_clean_global_track_working_queue_20260624.tsv	181	TRACK_RECORD_NOT_CREATED	TRACK_ID_NOT_ASSIGNED	PUBLIC_TITLE_DRAFT_ONLY	PIX_NOT_CREATED	LT_PIX_NOT_CREATED	KKR_NOT_STARTED	CI_NOT_CREATED	Generated from conservative clean/global working queue; draft only; no final registry action.	215	gpm_stl.csv	105564272	SOFTEN YOUR EYES - JAZZ TRIO	SOFTEN YOUR EYES - JAZZ TRIO	Michael Scherer	He Has Jazz	0:01:24	100.0	Jazz	YES		BATCH_CLEAN_PENDING_REVIEW		
GPMC-REG-IMPORT-DRAFT-CLEAN-GLOBAL-20260624	181	DRAFT_IMPORT_PENDING_REVIEW	docs/registry/batch-intake-working-queues/gpmc_clean_global_track_working_queue_20260624.tsv	182	TRACK_RECORD_NOT_CREATED	TRACK_ID_NOT_ASSIGNED	PUBLIC_TITLE_DRAFT_ONLY	PIX_NOT_CREATED	LT_PIX_NOT_CREATED	KKR_NOT_STARTED	CI_NOT_CREATED	Generated from conservative clean/global working queue; draft only; no final registry action.	216	gpm_stl.csv	105850701	THAT EMPTY CHAIR - RADIO EDIT	THAT EMPTY CHAIR - RADIO EDIT	G Putnam Music	Slight Light	0:03:34	75.0	Cont Country	YES		BATCH_CLEAN_PENDING_REVIEW		
GPMC-REG-IMPORT-DRAFT-CLEAN-GLOBAL-20260624	182	DRAFT_IMPORT_PENDING_REVIEW	docs/registry/batch-intake-working-queues/gpmc_clean_global_track_working_queue_20260624.tsv	183	TRACK_RECORD_NOT_CREATED	TRACK_ID_NOT_ASSIGNED	PUBLIC_TITLE_DRAFT_ONLY	PIX_NOT_CREATED	LT_PIX_NOT_CREATED	KKR_NOT_STARTED	CI_NOT_CREATED	Generated from conservative clean/global working queue; draft only; no final registry action.	217	gpm_stl.csv	105852568	THE NEW SUNSET	THE NEW SUNSET	Lloyd G Miller	Cowboy Country	0:03:50	107.0	Country	YES		BATCH_CLEAN_PENDING_REVIEW		
GPMC-REG-IMPORT-DRAFT-CLEAN-GLOBAL-20260624	183	DRAFT_IMPORT_PENDING_REVIEW	docs/registry/batch-intake-working-queues/gpmc_clean_global_track_working_queue_20260624.tsv	184	TRACK_RECORD_NOT_CREATED	TRACK_ID_NOT_ASSIGNED	PUBLIC_TITLE_DRAFT_ONLY	PIX_NOT_CREATED	LT_PIX_NOT_CREATED	KKR_NOT_STARTED	CI_NOT_CREATED	Generated from conservative clean/global working queue; draft only; no final registry action.	218	gpm_stl.csv	106146929	ODE TO THE ELVES	ODE TO THE ELVES	KLEIGH	Chrstmas	0:02:30	143.0	Christmas	YES		BATCH_CLEAN_PENDING_REVIEW		
GPMC-REG-IMPORT-DRAFT-CLEAN-GLOBAL-20260624	184	DRAFT_IMPORT_PENDING_REVIEW	docs/registry/batch-intake-working-queues/gpmc_clean_global_track_working_queue_20260624.tsv	185	TRACK_RECORD_NOT_CREATED	TRACK_ID_NOT_ASSIGNED	PUBLIC_TITLE_DRAFT_ONLY	PIX_NOT_CREATED	LT_PIX_NOT_CREATED	KKR_NOT_STARTED	CI_NOT_CREATED	Generated from conservative clean/global working queue; draft only; no final registry action.	219	gpm_stl.csv	106166739	GET LUCKY TONIGHT	GET LUCKY TONIGHT	NATU Visinia	Sexy Swagger	0:03:01	116.0	Indie, Country	YES		BATCH_CLEAN_PENDING_REVIEW		
GPMC-REG-IMPORT-DRAFT-CLEAN-GLOBAL-20260624	185	DRAFT_IMPORT_PENDING_REVIEW	docs/registry/batch-intake-working-queues/gpmc_clean_global_track_working_queue_20260624.tsv	186	TRACK_RECORD_NOT_CREATED	TRACK_ID_NOT_ASSIGNED	PUBLIC_TITLE_DRAFT_ONLY	PIX_NOT_CREATED	LT_PIX_NOT_CREATED	KKR_NOT_STARTED	CI_NOT_CREATED	Generated from conservative clean/global working queue; draft only; no final registry action.	220	gpm_stl.csv	106755533	I AM A FIGHTER	I AM A FIGHTER	Olivia Joy	Sexy Swagger	0:03:47	120.0	Electronic, Indie Pop	YES		BATCH_CLEAN_PENDING_REVIEW		
GPMC-REG-IMPORT-DRAFT-CLEAN-GLOBAL-20260624	186	DRAFT_IMPORT_PENDING_REVIEW	docs/registry/batch-intake-working-queues/gpmc_clean_global_track_working_queue_20260624.tsv	187	TRACK_RECORD_NOT_CREATED	TRACK_ID_NOT_ASSIGNED	PUBLIC_TITLE_DRAFT_ONLY	PIX_NOT_CREATED	LT_PIX_NOT_CREATED	KKR_NOT_STARTED	CI_NOT_CREATED	Generated from conservative clean/global working queue; draft only; no final registry action.	221	gpm_stl.csv	106756243	LOOK AT ME	LOOK AT ME	Simon Webb	Clearly	0:03:41			YES		BATCH_CLEAN_PENDING_REVIEW		
GPMC-REG-IMPORT-DRAFT-CLEAN-GLOBAL-20260624	187	DRAFT_IMPORT_PENDING_REVIEW	docs/registry/batch-intake-working-queues/gpmc_clean_global_track_working_queue_20260624.tsv	188	TRACK_RECORD_NOT_CREATED	TRACK_ID_NOT_ASSIGNED	PUBLIC_TITLE_DRAFT_ONLY	PIX_NOT_CREATED	LT_PIX_NOT_CREATED	KKR_NOT_STARTED	CI_NOT_CREATED	Generated from conservative clean/global working queue; draft only; no final registry action.	222	gpm_stl.csv	106757197	SNIPPET	SNIPPET	G Putnam Music	Snippet	0:00:20	82.0	Youth, Halloween	YES		BATCH_CLEAN_PENDING_REVIEW		
GPMC-REG-IMPORT-DRAFT-CLEAN-GLOBAL-20260624	188	DRAFT_IMPORT_PENDING_REVIEW	docs/registry/batch-intake-working-queues/gpmc_clean_global_track_working_queue_20260624.tsv	189	TRACK_RECORD_NOT_CREATED	TRACK_ID_NOT_ASSIGNED	PUBLIC_TITLE_DRAFT_ONLY	PIX_NOT_CREATED	LT_PIX_NOT_CREATED	KKR_NOT_STARTED	CI_NOT_CREATED	Generated from conservative clean/global working queue; draft only; no final registry action.	224	gpm_stl.csv	106952469	THOSE DAYS THESE DAYS	THOSE DAYS THESE DAYS	KLEIGH	KLEIH’s Weighs	0:04:01	79.0	Symphonic Rock	YES		BATCH_CLEAN_PENDING_REVIEW		
GPMC-REG-IMPORT-DRAFT-CLEAN-GLOBAL-20260624	189	DRAFT_IMPORT_PENDING_REVIEW	docs/registry/batch-intake-working-queues/gpmc_clean_global_track_working_queue_20260624.tsv	190	TRACK_RECORD_NOT_CREATED	TRACK_ID_NOT_ASSIGNED	PUBLIC_TITLE_DRAFT_ONLY	PIX_NOT_CREATED	LT_PIX_NOT_CREATED	KKR_NOT_STARTED	CI_NOT_CREATED	Generated from conservative clean/global working queue; draft only; no final registry action.	225	gpm_stl.csv	107879609	SWIPE RIGHT	SWIPE RIGHT	Emily Hope	Subtly Simple	0:02:44	85.0	Country Pop	YES		BATCH_CLEAN_PENDING_REVIEW		
GPMC-REG-IMPORT-DRAFT-CLEAN-GLOBAL-20260624	190	DRAFT_IMPORT_PENDING_REVIEW	docs/registry/batch-intake-working-queues/gpmc_clean_global_track_working_queue_20260624.tsv	191	TRACK_RECORD_NOT_CREATED	TRACK_ID_NOT_ASSIGNED	PUBLIC_TITLE_DRAFT_ONLY	PIX_NOT_CREATED	LT_PIX_NOT_CREATED	KKR_NOT_STARTED	CI_NOT_CREATED	Generated from conservative clean/global working queue; draft only; no final registry action.	226	gpm_stl.csv	108649611	CHRISTMAS STAR - Indie	CHRISTMAS STAR - Indie	G Putnam Music	Christmas	0:02:08	145.0	Christmas	YES		BATCH_CLEAN_PENDING_REVIEW		
GPMC-REG-IMPORT-DRAFT-CLEAN-GLOBAL-20260624	191	DRAFT_IMPORT_PENDING_REVIEW	docs/registry/batch-intake-working-queues/gpmc_clean_global_track_working_queue_20260624.tsv	192	TRACK_RECORD_NOT_CREATED	TRACK_ID_NOT_ASSIGNED	PUBLIC_TITLE_DRAFT_ONLY	PIX_NOT_CREATED	LT_PIX_NOT_CREATED	KKR_NOT_STARTED	CI_NOT_CREATED	Generated from conservative clean/global working queue; draft only; no final registry action.	227	gpm_stl.csv	109028547	ODE TO WHAT ELSE- INSTRO	ODE TO WHAT ELSE - INSTRO	G Putnam Music	For Real?	0:02:25	143.0	Film, Indie	YES	GLOBAL_INSTRO_STANDARD	GLOBAL_STANDARD_APPLIED	GLOBAL_INSTRO_STANDARD	
GPMC-REG-IMPORT-DRAFT-CLEAN-GLOBAL-20260624	192	DRAFT_IMPORT_PENDING_REVIEW	docs/registry/batch-intake-working-queues/gpmc_clean_global_track_working_queue_20260624.tsv	193	TRACK_RECORD_NOT_CREATED	TRACK_ID_NOT_ASSIGNED	PUBLIC_TITLE_DRAFT_ONLY	PIX_NOT_CREATED	LT_PIX_NOT_CREATED	KKR_NOT_STARTED	CI_NOT_CREATED	Generated from conservative clean/global working queue; draft only; no final registry action.	228	gpm_stl.csv	109942003	TELL HEATHER	TELL HEATHER	KLEIGH	- JUSTICE, RACE, LOVE	0:03:17	64.0	Singer Songwriter	YES		BATCH_CLEAN_PENDING_REVIEW		
GPMC-REG-IMPORT-DRAFT-CLEAN-GLOBAL-20260624	193	DRAFT_IMPORT_PENDING_REVIEW	docs/registry/batch-intake-working-queues/gpmc_clean_global_track_working_queue_20260624.tsv	194	TRACK_RECORD_NOT_CREATED	TRACK_ID_NOT_ASSIGNED	PUBLIC_TITLE_DRAFT_ONLY	PIX_NOT_CREATED	LT_PIX_NOT_CREATED	KKR_NOT_STARTED	CI_NOT_CREATED	Generated from conservative clean/global working queue; draft only; no final registry action.	229	gpm_stl.csv	110319649	MY FRIEND DYIN'	MY FRIEND DYIN'	KLEIGH	STILL WALKING	0:03:46	102.0	FOLK, SINGER-SONGWRITER	YES		BATCH_CLEAN_PENDING_REVIEW		
GPMC-REG-IMPORT-DRAFT-CLEAN-GLOBAL-20260624	194	DRAFT_IMPORT_PENDING_REVIEW	docs/registry/batch-intake-working-queues/gpmc_clean_global_track_working_queue_20260624.tsv	195	TRACK_RECORD_NOT_CREATED	TRACK_ID_NOT_ASSIGNED	PUBLIC_TITLE_DRAFT_ONLY	PIX_NOT_CREATED	LT_PIX_NOT_CREATED	KKR_NOT_STARTED	CI_NOT_CREATED	Generated from conservative clean/global working queue; draft only; no final registry action.	230	gpm_stl.csv	110319686	MY FRIEND DYIN'  - INSTRO	MY FRIEND DYIN' - INSTRO	G Putnam Music	For Real?	0:03:46		Indie	YES	GLOBAL_INSTRO_STANDARD	GLOBAL_STANDARD_APPLIED	GLOBAL_INSTRO_STANDARD	
GPMC-REG-IMPORT-DRAFT-CLEAN-GLOBAL-20260624	195	DRAFT_IMPORT_PENDING_REVIEW	docs/registry/batch-intake-working-queues/gpmc_clean_global_track_working_queue_20260624.tsv	196	TRACK_RECORD_NOT_CREATED	TRACK_ID_NOT_ASSIGNED	PUBLIC_TITLE_DRAFT_ONLY	PIX_NOT_CREATED	LT_PIX_NOT_CREATED	KKR_NOT_STARTED	CI_NOT_CREATED	Generated from conservative clean/global working queue; draft only; no final registry action.	231	gpm_stl.csv	110446468	SEARCHIN'	SEARCHIN'	Aaron Lotzow	Clearly	0:03:19	84.0	Rock Indie Folk	YES		BATCH_CLEAN_PENDING_REVIEW		
GPMC-REG-IMPORT-DRAFT-CLEAN-GLOBAL-20260624	196	DRAFT_IMPORT_PENDING_REVIEW	docs/registry/batch-intake-working-queues/gpmc_clean_global_track_working_queue_20260624.tsv	197	TRACK_RECORD_NOT_CREATED	TRACK_ID_NOT_ASSIGNED	PUBLIC_TITLE_DRAFT_ONLY	PIX_NOT_CREATED	LT_PIX_NOT_CREATED	KKR_NOT_STARTED	CI_NOT_CREATED	Generated from conservative clean/global working queue; draft only; no final registry action.	232	gpm_stl.csv	110526280	RING THE BELL	RING THE BELL	G Putnam Music	LLOYD’S VOID	0:02:42	151.0	Singer/Songwriter	YES		BATCH_CLEAN_PENDING_REVIEW		
GPMC-REG-IMPORT-DRAFT-CLEAN-GLOBAL-20260624	197	DRAFT_IMPORT_PENDING_REVIEW	docs/registry/batch-intake-working-queues/gpmc_clean_global_track_working_queue_20260624.tsv	198	TRACK_RECORD_NOT_CREATED	TRACK_ID_NOT_ASSIGNED	PUBLIC_TITLE_DRAFT_ONLY	PIX_NOT_CREATED	LT_PIX_NOT_CREATED	KKR_NOT_STARTED	CI_NOT_CREATED	Generated from conservative clean/global working queue; draft only; no final registry action.	233	gpm_stl.csv	110584739	DANCE INTO THE NIGHT	DANCE INTO THE NIGHT	Elle Christine	Elle’s Bells	0:02:55		Alt Country	YES		BATCH_CLEAN_PENDING_REVIEW		
GPMC-REG-IMPORT-DRAFT-CLEAN-GLOBAL-20260624	198	DRAFT_IMPORT_PENDING_REVIEW	docs/registry/batch-intake-working-queues/gpmc_clean_global_track_working_queue_20260624.tsv	199	TRACK_RECORD_NOT_CREATED	TRACK_ID_NOT_ASSIGNED	PUBLIC_TITLE_DRAFT_ONLY	PIX_NOT_CREATED	LT_PIX_NOT_CREATED	KKR_NOT_STARTED	CI_NOT_CREATED	Generated from conservative clean/global working queue; draft only; no final registry action.	234	gpm_stl.csv	110595128	NOW-THAT'S TOUGH - INSTRO	NOW-THAT'S TOUGH - INSTRO	G Putnam Music	Remembering Forgetting	0:03:27	84.0	Rock, Folk, Country	YES	GLOBAL_INSTRO_STANDARD	GLOBAL_STANDARD_APPLIED	GLOBAL_INSTRO_STANDARD	
GPMC-REG-IMPORT-DRAFT-CLEAN-GLOBAL-20260624	199	DRAFT_IMPORT_PENDING_REVIEW	docs/registry/batch-intake-working-queues/gpmc_clean_global_track_working_queue_20260624.tsv	200	TRACK_RECORD_NOT_CREATED	TRACK_ID_NOT_ASSIGNED	PUBLIC_TITLE_DRAFT_ONLY	PIX_NOT_CREATED	LT_PIX_NOT_CREATED	KKR_NOT_STARTED	CI_NOT_CREATED	Generated from conservative clean/global working queue; draft only; no final registry action.	236	gpm_stl.csv	110595160	THERE SHE WAS	THERE SHE WAS	NATU Visinia	NATU Ought To	0:02:52	85.0	Cont Country	YES		BATCH_CLEAN_PENDING_REVIEW		
GPMC-REG-IMPORT-DRAFT-CLEAN-GLOBAL-20260624	200	DRAFT_IMPORT_PENDING_REVIEW	docs/registry/batch-intake-working-queues/gpmc_clean_global_track_working_queue_20260624.tsv	201	TRACK_RECORD_NOT_CREATED	TRACK_ID_NOT_ASSIGNED	PUBLIC_TITLE_DRAFT_ONLY	PIX_NOT_CREATED	LT_PIX_NOT_CREATED	KKR_NOT_STARTED	CI_NOT_CREATED	Generated from conservative clean/global working queue; draft only; no final registry action.	237	gpm_stl.csv	110595285	Without a Word	Without a Word	ErikW Nelson, Gregory D Putnam	G Putnam Music  LLC - Vocal	0:03:04	107.0	2000s	YES		BATCH_CLEAN_PENDING_REVIEW		
GPMC-REG-IMPORT-DRAFT-CLEAN-GLOBAL-20260624	201	DRAFT_IMPORT_PENDING_REVIEW	docs/registry/batch-intake-working-queues/gpmc_clean_global_track_working_queue_20260624.tsv	202	TRACK_RECORD_NOT_CREATED	TRACK_ID_NOT_ASSIGNED	PUBLIC_TITLE_DRAFT_ONLY	PIX_NOT_CREATED	LT_PIX_NOT_CREATED	KKR_NOT_STARTED	CI_NOT_CREATED	Generated from conservative clean/global working queue; draft only; no final registry action.	238	gpm_stl.csv	110595333	WHY RUN?	WHY RUN?	Cindy Youngren	Vintage 90s	0:03:40	151.0	2k Pop Rock	YES		BATCH_CLEAN_PENDING_REVIEW		
GPMC-REG-IMPORT-DRAFT-CLEAN-GLOBAL-20260624	202	DRAFT_IMPORT_PENDING_REVIEW	docs/registry/batch-intake-working-queues/gpmc_clean_global_track_working_queue_20260624.tsv	203	TRACK_RECORD_NOT_CREATED	TRACK_ID_NOT_ASSIGNED	PUBLIC_TITLE_DRAFT_ONLY	PIX_NOT_CREATED	LT_PIX_NOT_CREATED	KKR_NOT_STARTED	CI_NOT_CREATED	Generated from conservative clean/global working queue; draft only; no final registry action.	239	gpm_stl.csv	112342986	NOT BE MEAN	NOT BE MEAN	KLEIGH	We’re Better Than This	0:03:22	65.0	Alt Rock	YES		BATCH_CLEAN_PENDING_REVIEW		
GPMC-REG-IMPORT-DRAFT-CLEAN-GLOBAL-20260624	203	DRAFT_IMPORT_PENDING_REVIEW	docs/registry/batch-intake-working-queues/gpmc_clean_global_track_working_queue_20260624.tsv	204	TRACK_RECORD_NOT_CREATED	TRACK_ID_NOT_ASSIGNED	PUBLIC_TITLE_DRAFT_ONLY	PIX_NOT_CREATED	LT_PIX_NOT_CREATED	KKR_NOT_STARTED	CI_NOT_CREATED	Generated from conservative clean/global working queue; draft only; no final registry action.	240	gpm_stl.csv	112862777	FLOATING ON AIR - INSTRO - Cocktail Lounge Piano	FLOATING ON AIR - INSTRO - Cocktail Lounge Piano - INSTRO	Michael Scherer	He Has Jazz	0:03:33		Jazz/Ambient	YES	GLOBAL_INSTRO_STANDARD	GLOBAL_STANDARD_APPLIED	GLOBAL_INSTRO_STANDARD	
GPMC-REG-IMPORT-DRAFT-CLEAN-GLOBAL-20260624	204	DRAFT_IMPORT_PENDING_REVIEW	docs/registry/batch-intake-working-queues/gpmc_clean_global_track_working_queue_20260624.tsv	205	TRACK_RECORD_NOT_CREATED	TRACK_ID_NOT_ASSIGNED	PUBLIC_TITLE_DRAFT_ONLY	PIX_NOT_CREATED	LT_PIX_NOT_CREATED	KKR_NOT_STARTED	CI_NOT_CREATED	Generated from conservative clean/global working queue; draft only; no final registry action.	241	gpm_stl.csv	112862780	GENTLE SWAY - Cocktail Lounge Piano	GENTLE SWAY - Cocktail Lounge Piano	G Putnam Music	Scherer Delight	0:02:28		Jazz/Ambient	YES		BATCH_CLEAN_PENDING_REVIEW		
GPMC-REG-IMPORT-DRAFT-CLEAN-GLOBAL-20260624	205	DRAFT_IMPORT_PENDING_REVIEW	docs/registry/batch-intake-working-queues/gpmc_clean_global_track_working_queue_20260624.tsv	206	TRACK_RECORD_NOT_CREATED	TRACK_ID_NOT_ASSIGNED	PUBLIC_TITLE_DRAFT_ONLY	PIX_NOT_CREATED	LT_PIX_NOT_CREATED	KKR_NOT_STARTED	CI_NOT_CREATED	Generated from conservative clean/global working queue; draft only; no final registry action.	242	gpm_stl.csv	112862796	GENTLE BREEZE - Jazz Trio	GENTLE BREEZE - Jazz Trio	Michael Scherer	He Has Jazz	0:02:53	80.0	Jazz/Ambient, NORA JONES	YES		BATCH_CLEAN_PENDING_REVIEW		
GPMC-REG-IMPORT-DRAFT-CLEAN-GLOBAL-20260624	206	DRAFT_IMPORT_PENDING_REVIEW	docs/registry/batch-intake-working-queues/gpmc_clean_global_track_working_queue_20260624.tsv	207	TRACK_RECORD_NOT_CREATED	TRACK_ID_NOT_ASSIGNED	PUBLIC_TITLE_DRAFT_ONLY	PIX_NOT_CREATED	LT_PIX_NOT_CREATED	KKR_NOT_STARTED	CI_NOT_CREATED	Generated from conservative clean/global working queue; draft only; no final registry action.	243	gpm_stl.csv	112862802	SOFT TOUCH - Lounge Jazz Trio	SOFT TOUCH - Lounge Jazz Trio	Michael Scherer	Scherer Desire	0:02:36	110.0	Jazz/Ambient	YES		BATCH_CLEAN_PENDING_REVIEW		
GPMC-REG-IMPORT-DRAFT-CLEAN-GLOBAL-20260624	207	DRAFT_IMPORT_PENDING_REVIEW	docs/registry/batch-intake-working-queues/gpmc_clean_global_track_working_queue_20260624.tsv	208	TRACK_RECORD_NOT_CREATED	TRACK_ID_NOT_ASSIGNED	PUBLIC_TITLE_DRAFT_ONLY	PIX_NOT_CREATED	LT_PIX_NOT_CREATED	KKR_NOT_STARTED	CI_NOT_CREATED	Generated from conservative clean/global working queue; draft only; no final registry action.	244	gpm_stl.csv	112862807	MIDNIGHT STROLL - INSTRO - Lounge Jazz Trio	MIDNIGHT STROLL - INSTRO - Lounge Jazz Trio - INSTRO	Michael Scherer	Scherer Delight	0:02:48	120.0	Jazz	YES	GLOBAL_INSTRO_STANDARD	GLOBAL_STANDARD_APPLIED	GLOBAL_INSTRO_STANDARD	
GPMC-REG-IMPORT-DRAFT-CLEAN-GLOBAL-20260624	208	DRAFT_IMPORT_PENDING_REVIEW	docs/registry/batch-intake-working-queues/gpmc_clean_global_track_working_queue_20260624.tsv	209	TRACK_RECORD_NOT_CREATED	TRACK_ID_NOT_ASSIGNED	PUBLIC_TITLE_DRAFT_ONLY	PIX_NOT_CREATED	LT_PIX_NOT_CREATED	KKR_NOT_STARTED	CI_NOT_CREATED	Generated from conservative clean/global working queue; draft only; no final registry action.	245	gpm_stl.csv	112939255	MY HEART WANTS REAL	MY HEART WANTS REAL	KLEIGH	Still Walking	0:03:23	94.0	Alt Rock	YES		BATCH_CLEAN_PENDING_REVIEW		
GPMC-REG-IMPORT-DRAFT-CLEAN-GLOBAL-20260624	209	DRAFT_IMPORT_PENDING_REVIEW	docs/registry/batch-intake-working-queues/gpmc_clean_global_track_working_queue_20260624.tsv	210	TRACK_RECORD_NOT_CREATED	TRACK_ID_NOT_ASSIGNED	PUBLIC_TITLE_DRAFT_ONLY	PIX_NOT_CREATED	LT_PIX_NOT_CREATED	KKR_NOT_STARTED	CI_NOT_CREATED	Generated from conservative clean/global working queue; draft only; no final registry action.	246	gpm_stl.csv	114231659	SMOKIN'	SMOKIN'	Rachel Scharnette	Countin’ On Countin’ On	0:03:22	138.0	Pop	YES		BATCH_CLEAN_PENDING_REVIEW		
GPMC-REG-IMPORT-DRAFT-CLEAN-GLOBAL-20260624	210	DRAFT_IMPORT_PENDING_REVIEW	docs/registry/batch-intake-working-queues/gpmc_clean_global_track_working_queue_20260624.tsv	211	TRACK_RECORD_NOT_CREATED	TRACK_ID_NOT_ASSIGNED	PUBLIC_TITLE_DRAFT_ONLY	PIX_NOT_CREATED	LT_PIX_NOT_CREATED	KKR_NOT_STARTED	CI_NOT_CREATED	Generated from conservative clean/global working queue; draft only; no final registry action.	247	gpm_stl.csv	115489320	BEAUTIFUL WORLD	BEAUTIFUL WORLD	KLEIGH	Beautiful World	0:03:15		Alt Rock	YES		BATCH_CLEAN_PENDING_REVIEW		
GPMC-REG-IMPORT-DRAFT-CLEAN-GLOBAL-20260624	211	DRAFT_IMPORT_PENDING_REVIEW	docs/registry/batch-intake-working-queues/gpmc_clean_global_track_working_queue_20260624.tsv	212	TRACK_RECORD_NOT_CREATED	TRACK_ID_NOT_ASSIGNED	PUBLIC_TITLE_DRAFT_ONLY	PIX_NOT_CREATED	LT_PIX_NOT_CREATED	KKR_NOT_STARTED	CI_NOT_CREATED	Generated from conservative clean/global working queue; draft only; no final registry action.	248	gpm_stl.csv	115572717	CRIED FOR THE 1ST TIME	CRIED FOR THE 1ST TIME	KLEIGH	Go for the Heart	0:03:32	71.0	Alt Rock	YES		BATCH_CLEAN_PENDING_REVIEW		
GPMC-REG-IMPORT-DRAFT-CLEAN-GLOBAL-20260624	212	DRAFT_IMPORT_PENDING_REVIEW	docs/registry/batch-intake-working-queues/gpmc_clean_global_track_working_queue_20260624.tsv	213	TRACK_RECORD_NOT_CREATED	TRACK_ID_NOT_ASSIGNED	PUBLIC_TITLE_DRAFT_ONLY	PIX_NOT_CREATED	LT_PIX_NOT_CREATED	KKR_NOT_STARTED	CI_NOT_CREATED	Generated from conservative clean/global working queue; draft only; no final registry action.	249	gpm_stl.csv	116311552	WHISP'RIN IN THE WIND	WHISP'RIN IN THE WIND	Dexter O'Neal	Turnin’ Blue	0:03:48		Blues	YES		BATCH_CLEAN_PENDING_REVIEW		
GPMC-REG-IMPORT-DRAFT-CLEAN-GLOBAL-20260624	213	DRAFT_IMPORT_PENDING_REVIEW	docs/registry/batch-intake-working-queues/gpmc_clean_global_track_working_queue_20260624.tsv	214	TRACK_RECORD_NOT_CREATED	TRACK_ID_NOT_ASSIGNED	PUBLIC_TITLE_DRAFT_ONLY	PIX_NOT_CREATED	LT_PIX_NOT_CREATED	KKR_NOT_STARTED	CI_NOT_CREATED	Generated from conservative clean/global working queue; draft only; no final registry action.	250	gpm_stl.csv	116639023	TELL HEATHER - INSTRO	TELL HEATHER - INSTRO	G Putnam Music	Slight Light	0:03:17	64.0	Singer Songwriter	YES	GLOBAL_INSTRO_STANDARD	GLOBAL_STANDARD_APPLIED	GLOBAL_INSTRO_STANDARD	
GPMC-REG-IMPORT-DRAFT-CLEAN-GLOBAL-20260624	214	DRAFT_IMPORT_PENDING_REVIEW	docs/registry/batch-intake-working-queues/gpmc_clean_global_track_working_queue_20260624.tsv	215	TRACK_RECORD_NOT_CREATED	TRACK_ID_NOT_ASSIGNED	PUBLIC_TITLE_DRAFT_ONLY	PIX_NOT_CREATED	LT_PIX_NOT_CREATED	KKR_NOT_STARTED	CI_NOT_CREATED	Generated from conservative clean/global working queue; draft only; no final registry action.	251	gpm_stl.csv	116639052	FOREVER IT'S GOODBYE (for Victims of Abuse!)	FOREVER IT'S GOODBYE (for Victims of Abuse!)	KLEIGH	Rough House	0:03:38	80.0	Alt Rock, Indie, Singer-Songwriter	YES		BATCH_CLEAN_PENDING_REVIEW		
GPMC-REG-IMPORT-DRAFT-CLEAN-GLOBAL-20260624	215	DRAFT_IMPORT_PENDING_REVIEW	docs/registry/batch-intake-working-queues/gpmc_clean_global_track_working_queue_20260624.tsv	216	TRACK_RECORD_NOT_CREATED	TRACK_ID_NOT_ASSIGNED	PUBLIC_TITLE_DRAFT_ONLY	PIX_NOT_CREATED	LT_PIX_NOT_CREATED	KKR_NOT_STARTED	CI_NOT_CREATED	Generated from conservative clean/global working queue; draft only; no final registry action.	252	gpm_stl.csv	116640859	LITTLE MISS WORRY	LITTLE MISS WORRY	KLEIGH	We’re Better Than This	0:03:38	143.0	Indie	YES		BATCH_CLEAN_PENDING_REVIEW		
GPMC-REG-IMPORT-DRAFT-CLEAN-GLOBAL-20260624	216	DRAFT_IMPORT_PENDING_REVIEW	docs/registry/batch-intake-working-queues/gpmc_clean_global_track_working_queue_20260624.tsv	217	TRACK_RECORD_NOT_CREATED	TRACK_ID_NOT_ASSIGNED	PUBLIC_TITLE_DRAFT_ONLY	PIX_NOT_CREATED	LT_PIX_NOT_CREATED	KKR_NOT_STARTED	CI_NOT_CREATED	Generated from conservative clean/global working queue; draft only; no final registry action.	253	gpm_stl.csv	116640975	LITTLE MISS WORRY - INSTRO	LITTLE MISS WORRY - INSTRO	G Putnam Music	Thrilling Feeling	0:03:38	70.0	Indie	YES	GLOBAL_INSTRO_STANDARD	GLOBAL_STANDARD_APPLIED	GLOBAL_INSTRO_STANDARD	
GPMC-REG-IMPORT-DRAFT-CLEAN-GLOBAL-20260624	217	DRAFT_IMPORT_PENDING_REVIEW	docs/registry/batch-intake-working-queues/gpmc_clean_global_track_working_queue_20260624.tsv	218	TRACK_RECORD_NOT_CREATED	TRACK_ID_NOT_ASSIGNED	PUBLIC_TITLE_DRAFT_ONLY	PIX_NOT_CREATED	LT_PIX_NOT_CREATED	KKR_NOT_STARTED	CI_NOT_CREATED	Generated from conservative clean/global working queue; draft only; no final registry action.	254	gpm_stl.csv	118292211	CELEBRATE LIFE	CELEBRATE LIFE	KLEIGH	We Got This	0:03:16	110.0	Pop	YES		BATCH_CLEAN_PENDING_REVIEW		
GPMC-REG-IMPORT-DRAFT-CLEAN-GLOBAL-20260624	218	DRAFT_IMPORT_PENDING_REVIEW	docs/registry/batch-intake-working-queues/gpmc_clean_global_track_working_queue_20260624.tsv	219	TRACK_RECORD_NOT_CREATED	TRACK_ID_NOT_ASSIGNED	PUBLIC_TITLE_DRAFT_ONLY	PIX_NOT_CREATED	LT_PIX_NOT_CREATED	KKR_NOT_STARTED	CI_NOT_CREATED	Generated from conservative clean/global working queue; draft only; no final registry action.	255	gpm_stl.csv	118377375	DREAMER'S DANCE	DREAMER'S DANCE	KLEIGH	Doin’ the’ Ev'ryday	0:03:32	88.0	Singer-Songwriter, SPORTS	YES		BATCH_CLEAN_PENDING_REVIEW		
GPMC-REG-IMPORT-DRAFT-CLEAN-GLOBAL-20260624	219	DRAFT_IMPORT_PENDING_REVIEW	docs/registry/batch-intake-working-queues/gpmc_clean_global_track_working_queue_20260624.tsv	220	TRACK_RECORD_NOT_CREATED	TRACK_ID_NOT_ASSIGNED	PUBLIC_TITLE_DRAFT_ONLY	PIX_NOT_CREATED	LT_PIX_NOT_CREATED	KKR_NOT_STARTED	CI_NOT_CREATED	Generated from conservative clean/global working queue; draft only; no final registry action.	256	gpm_stl.csv	118995307	DREAM OF YOU	DREAM OF YOU	Linda Putnam	Dance It Away	0:03:44		Indie Folk	YES		BATCH_CLEAN_PENDING_REVIEW		
GPMC-REG-IMPORT-DRAFT-CLEAN-GLOBAL-20260624	220	DRAFT_IMPORT_PENDING_REVIEW	docs/registry/batch-intake-working-queues/gpmc_clean_global_track_working_queue_20260624.tsv	221	TRACK_RECORD_NOT_CREATED	TRACK_ID_NOT_ASSIGNED	PUBLIC_TITLE_DRAFT_ONLY	PIX_NOT_CREATED	LT_PIX_NOT_CREATED	KKR_NOT_STARTED	CI_NOT_CREATED	Generated from conservative clean/global working queue; draft only; no final registry action.	257	gpm_stl.csv	119798815	CELEBRATE LIFE - PIANO/VOCAL	CELEBRATE LIFE - PIANO/VOCAL	KLEIGH	We’re Better than This	0:03:16	110.0	Pop, SINGER/SONGWRITER	YES		BATCH_CLEAN_PENDING_REVIEW		
GPMC-REG-IMPORT-DRAFT-CLEAN-GLOBAL-20260624	221	DRAFT_IMPORT_PENDING_REVIEW	docs/registry/batch-intake-working-queues/gpmc_clean_global_track_working_queue_20260624.tsv	222	TRACK_RECORD_NOT_CREATED	TRACK_ID_NOT_ASSIGNED	PUBLIC_TITLE_DRAFT_ONLY	PIX_NOT_CREATED	LT_PIX_NOT_CREATED	KKR_NOT_STARTED	CI_NOT_CREATED	Generated from conservative clean/global working queue; draft only; no final registry action.	259	gpm_stl.csv	120388421	THE CEMETERY STOMP - STEVE	THE CEMETERY STOMP - STEVE	G Putnam Music	MaleHALLOWEEN, SINGALONG, KIDS	0:02:15	82.0	Youth, Halloween	YES		BATCH_CLEAN_PENDING_REVIEW		
GPMC-REG-IMPORT-DRAFT-CLEAN-GLOBAL-20260624	222	DRAFT_IMPORT_PENDING_REVIEW	docs/registry/batch-intake-working-queues/gpmc_clean_global_track_working_queue_20260624.tsv	223	TRACK_RECORD_NOT_CREATED	TRACK_ID_NOT_ASSIGNED	PUBLIC_TITLE_DRAFT_ONLY	PIX_NOT_CREATED	LT_PIX_NOT_CREATED	KKR_NOT_STARTED	CI_NOT_CREATED	Generated from conservative clean/global working queue; draft only; no final registry action.	260	gpm_stl.csv	120388422	THE CEMETERY STOMP - INSTRO	THE CEMETERY STOMP - INSTRO	G Putnam Music	TV/Film	0:02:15	82.0	Youth	YES	GLOBAL_INSTRO_STANDARD	GLOBAL_STANDARD_APPLIED	GLOBAL_INSTRO_STANDARD	
GPMC-REG-IMPORT-DRAFT-CLEAN-GLOBAL-20260624	223	DRAFT_IMPORT_PENDING_REVIEW	docs/registry/batch-intake-working-queues/gpmc_clean_global_track_working_queue_20260624.tsv	224	TRACK_RECORD_NOT_CREATED	TRACK_ID_NOT_ASSIGNED	PUBLIC_TITLE_DRAFT_ONLY	PIX_NOT_CREATED	LT_PIX_NOT_CREATED	KKR_NOT_STARTED	CI_NOT_CREATED	Generated from conservative clean/global working queue; draft only; no final registry action.	261	gpm_stl.csv	121109797	COME BACK - SS	COME BACK - SS	Reed	Dealin' Feelin'	0:02:59	99.0	Country, Pop	YES		BATCH_CLEAN_PENDING_REVIEW		
GPMC-REG-IMPORT-DRAFT-CLEAN-GLOBAL-20260624	224	DRAFT_IMPORT_PENDING_REVIEW	docs/registry/batch-intake-working-queues/gpmc_clean_global_track_working_queue_20260624.tsv	225	TRACK_RECORD_NOT_CREATED	TRACK_ID_NOT_ASSIGNED	PUBLIC_TITLE_DRAFT_ONLY	PIX_NOT_CREATED	LT_PIX_NOT_CREATED	KKR_NOT_STARTED	CI_NOT_CREATED	Generated from conservative clean/global working queue; draft only; no final registry action.	262	gpm_stl.csv	121721707	YOUR HEART POUNDIN'	YOUR HEART POUNDIN'	KLEIGH	Lovin’ Loving	0:02:50	124.0	Alt Rock/Singer-Songwriter	YES		BATCH_CLEAN_PENDING_REVIEW		
GPMC-REG-IMPORT-DRAFT-CLEAN-GLOBAL-20260624	225	DRAFT_IMPORT_PENDING_REVIEW	docs/registry/batch-intake-working-queues/gpmc_clean_global_track_working_queue_20260624.tsv	226	TRACK_RECORD_NOT_CREATED	TRACK_ID_NOT_ASSIGNED	PUBLIC_TITLE_DRAFT_ONLY	PIX_NOT_CREATED	LT_PIX_NOT_CREATED	KKR_NOT_STARTED	CI_NOT_CREATED	Generated from conservative clean/global working queue; draft only; no final registry action.	263	gpm_stl.csv	121721708	FRIEND LIKE YOU	FRIEND LIKE YOU	KLEIGH	Still Walking	0:02:48	94.0	Alt Rock/Singer-Songwriter/Minimal	YES		BATCH_CLEAN_PENDING_REVIEW		
GPMC-REG-IMPORT-DRAFT-CLEAN-GLOBAL-20260624	226	DRAFT_IMPORT_PENDING_REVIEW	docs/registry/batch-intake-working-queues/gpmc_clean_global_track_working_queue_20260624.tsv	227	TRACK_RECORD_NOT_CREATED	TRACK_ID_NOT_ASSIGNED	PUBLIC_TITLE_DRAFT_ONLY	PIX_NOT_CREATED	LT_PIX_NOT_CREATED	KKR_NOT_STARTED	CI_NOT_CREATED	Generated from conservative clean/global working queue; draft only; no final registry action.	264	gpm_stl.csv	121721711	LOVE RENEWS	LOVE RENEWS	KLEIGH	Still Walking	0:03:28	116.0	Alt Rock/SInger-Songwriter	YES		BATCH_CLEAN_PENDING_REVIEW		
GPMC-REG-IMPORT-DRAFT-CLEAN-GLOBAL-20260624	227	DRAFT_IMPORT_PENDING_REVIEW	docs/registry/batch-intake-working-queues/gpmc_clean_global_track_working_queue_20260624.tsv	228	TRACK_RECORD_NOT_CREATED	TRACK_ID_NOT_ASSIGNED	PUBLIC_TITLE_DRAFT_ONLY	PIX_NOT_CREATED	LT_PIX_NOT_CREATED	KKR_NOT_STARTED	CI_NOT_CREATED	Generated from conservative clean/global working queue; draft only; no final registry action.	265	gpm_stl.csv	121721728	ALONE WITH YOU	ALONE WITH YOU	KLEIGH	Go for the Heart	0:03:16	76.0	Singer-Songwriter/Alt Rock/MINIMAL	YES		BATCH_CLEAN_PENDING_REVIEW		
GPMC-REG-IMPORT-DRAFT-CLEAN-GLOBAL-20260624	228	DRAFT_IMPORT_PENDING_REVIEW	docs/registry/batch-intake-working-queues/gpmc_clean_global_track_working_queue_20260624.tsv	229	TRACK_RECORD_NOT_CREATED	TRACK_ID_NOT_ASSIGNED	PUBLIC_TITLE_DRAFT_ONLY	PIX_NOT_CREATED	LT_PIX_NOT_CREATED	KKR_NOT_STARTED	CI_NOT_CREATED	Generated from conservative clean/global working queue; draft only; no final registry action.	266	gpm_stl.csv	122288606	MERRY CHRISTMAS ALL YEAR	MERRY CHRISTMAS ALL YEAR	Alexa	Christmas	0:02:27	86.0	Christmas	YES		BATCH_CLEAN_PENDING_REVIEW		
GPMC-REG-IMPORT-DRAFT-CLEAN-GLOBAL-20260624	229	DRAFT_IMPORT_PENDING_REVIEW	docs/registry/batch-intake-working-queues/gpmc_clean_global_track_working_queue_20260624.tsv	230	TRACK_RECORD_NOT_CREATED	TRACK_ID_NOT_ASSIGNED	PUBLIC_TITLE_DRAFT_ONLY	PIX_NOT_CREATED	LT_PIX_NOT_CREATED	KKR_NOT_STARTED	CI_NOT_CREATED	Generated from conservative clean/global working queue; draft only; no final registry action.	267	gpm_stl.csv	123174367	WITHOUT A SOUL	WITHOUT A SOUL	KLEIGH	We’re Better than This	0:04:13	65.0	Alt Rock, Singer-Songwriter	YES		BATCH_CLEAN_PENDING_REVIEW		
GPMC-REG-IMPORT-DRAFT-CLEAN-GLOBAL-20260624	230	DRAFT_IMPORT_PENDING_REVIEW	docs/registry/batch-intake-working-queues/gpmc_clean_global_track_working_queue_20260624.tsv	231	TRACK_RECORD_NOT_CREATED	TRACK_ID_NOT_ASSIGNED	PUBLIC_TITLE_DRAFT_ONLY	PIX_NOT_CREATED	LT_PIX_NOT_CREATED	KKR_NOT_STARTED	CI_NOT_CREATED	Generated from conservative clean/global working queue; draft only; no final registry action.	268	gpm_stl.csv	123485285	WIHTOUT A SOUL - INSTRO	WIHTOUT A SOUL - INSTRO	G Putnam Music	Slight Light	0:04:13		Film, Alt Rock	YES	GLOBAL_INSTRO_STANDARD	GLOBAL_STANDARD_APPLIED	GLOBAL_INSTRO_STANDARD	
GPMC-REG-IMPORT-DRAFT-CLEAN-GLOBAL-20260624	231	DRAFT_IMPORT_PENDING_REVIEW	docs/registry/batch-intake-working-queues/gpmc_clean_global_track_working_queue_20260624.tsv	232	TRACK_RECORD_NOT_CREATED	TRACK_ID_NOT_ASSIGNED	PUBLIC_TITLE_DRAFT_ONLY	PIX_NOT_CREATED	LT_PIX_NOT_CREATED	KKR_NOT_STARTED	CI_NOT_CREATED	Generated from conservative clean/global working queue; draft only; no final registry action.	269	gpm_stl.csv	125624840	WORLD OF WORDS LILLI-MICHAEL	WORLD OF WORDS LILLI-MICHAEL	Lilli O'Dowd & KLEIGH	Caught Off Guard	0:02:45	76.0	Indie DUET	YES		BATCH_CLEAN_PENDING_REVIEW		
GPMC-REG-IMPORT-DRAFT-CLEAN-GLOBAL-20260624	232	DRAFT_IMPORT_PENDING_REVIEW	docs/registry/batch-intake-working-queues/gpmc_clean_global_track_working_queue_20260624.tsv	233	TRACK_RECORD_NOT_CREATED	TRACK_ID_NOT_ASSIGNED	PUBLIC_TITLE_DRAFT_ONLY	PIX_NOT_CREATED	LT_PIX_NOT_CREATED	KKR_NOT_STARTED	CI_NOT_CREATED	Generated from conservative clean/global working queue; draft only; no final registry action.	270	gpm_stl.csv	127692930	CRIED FOR THE 1ST TIME - STRIPPED	CRIED FOR THE 1ST TIME - STRIPPED	KLEIGH	Heart for Heart	0:03:30	71.0	Alt Rock, SINGER-SONGWRITER	YES		BATCH_CLEAN_PENDING_REVIEW		
GPMC-REG-IMPORT-DRAFT-CLEAN-GLOBAL-20260624	233	DRAFT_IMPORT_PENDING_REVIEW	docs/registry/batch-intake-working-queues/gpmc_clean_global_track_working_queue_20260624.tsv	234	TRACK_RECORD_NOT_CREATED	TRACK_ID_NOT_ASSIGNED	PUBLIC_TITLE_DRAFT_ONLY	PIX_NOT_CREATED	LT_PIX_NOT_CREATED	KKR_NOT_STARTED	CI_NOT_CREATED	Generated from conservative clean/global working queue; draft only; no final registry action.	271	gpm_stl.csv	131838247	HEARTWAVE	HEARTWAVE	Lloyd G Miller	Lloyd’s Void	0:03:12	95.0	Country Rock	YES		BATCH_CLEAN_PENDING_REVIEW		
GPMC-REG-IMPORT-DRAFT-CLEAN-GLOBAL-20260624	234	DRAFT_IMPORT_PENDING_REVIEW	docs/registry/batch-intake-working-queues/gpmc_clean_global_track_working_queue_20260624.tsv	235	TRACK_RECORD_NOT_CREATED	TRACK_ID_NOT_ASSIGNED	PUBLIC_TITLE_DRAFT_ONLY	PIX_NOT_CREATED	LT_PIX_NOT_CREATED	KKR_NOT_STARTED	CI_NOT_CREATED	Generated from conservative clean/global working queue; draft only; no final registry action.	272	gpm_stl.csv	134400917	CAN'T GET INTO MY HEAD - INSTRO	CAN'T GET INTO MY HEAD - INSTRO	G Putnam Music	Synth Nymph	0:03:02	78.0	Piano Pop, SYNTH	YES	GLOBAL_INSTRO_STANDARD	GLOBAL_STANDARD_APPLIED	GLOBAL_INSTRO_STANDARD	
GPMC-REG-IMPORT-DRAFT-CLEAN-GLOBAL-20260624	235	DRAFT_IMPORT_PENDING_REVIEW	docs/registry/batch-intake-working-queues/gpmc_clean_global_track_working_queue_20260624.tsv	236	TRACK_RECORD_NOT_CREATED	TRACK_ID_NOT_ASSIGNED	PUBLIC_TITLE_DRAFT_ONLY	PIX_NOT_CREATED	LT_PIX_NOT_CREATED	KKR_NOT_STARTED	CI_NOT_CREATED	Generated from conservative clean/global working queue; draft only; no final registry action.	273	gpm_stl.csv	134771256	LOOKIN' IN SO LOOK OUT	LOOKIN' IN SO LOOK OUT	KLEIGH	Doin’ the Ev'ryday	0:03:38	95.0	Indie Folk	YES		BATCH_CLEAN_PENDING_REVIEW		
GPMC-REG-IMPORT-DRAFT-CLEAN-GLOBAL-20260624	236	DRAFT_IMPORT_PENDING_REVIEW	docs/registry/batch-intake-working-queues/gpmc_clean_global_track_working_queue_20260624.tsv	237	TRACK_RECORD_NOT_CREATED	TRACK_ID_NOT_ASSIGNED	PUBLIC_TITLE_DRAFT_ONLY	PIX_NOT_CREATED	LT_PIX_NOT_CREATED	KKR_NOT_STARTED	CI_NOT_CREATED	Generated from conservative clean/global working queue; draft only; no final registry action.	274	gpm_stl.csv	135731404	DREAMERS DANCE - INSTRO	DREAMERS DANCE - INSTRO	G Putnam Music	For Real?	0:03:33	88.0	Singer-Songwriter/CINEMATIC	YES	GLOBAL_INSTRO_STANDARD	GLOBAL_STANDARD_APPLIED	GLOBAL_INSTRO_STANDARD	
GPMC-REG-IMPORT-DRAFT-CLEAN-GLOBAL-20260624	237	DRAFT_IMPORT_PENDING_REVIEW	docs/registry/batch-intake-working-queues/gpmc_clean_global_track_working_queue_20260624.tsv	238	TRACK_RECORD_NOT_CREATED	TRACK_ID_NOT_ASSIGNED	PUBLIC_TITLE_DRAFT_ONLY	PIX_NOT_CREATED	LT_PIX_NOT_CREATED	KKR_NOT_STARTED	CI_NOT_CREATED	Generated from conservative clean/global working queue; draft only; no final registry action.	275	gpm_stl.csv	140962073	CLAUS FOR CELEBRATION	CLAUS FOR CELEBRATION	KLEIGH	Christmas	0:03:06	84.0	Christmas	YES		BATCH_CLEAN_PENDING_REVIEW		
GPMC-REG-IMPORT-DRAFT-CLEAN-GLOBAL-20260624	238	DRAFT_IMPORT_PENDING_REVIEW	docs/registry/batch-intake-working-queues/gpmc_clean_global_track_working_queue_20260624.tsv	239	TRACK_RECORD_NOT_CREATED	TRACK_ID_NOT_ASSIGNED	PUBLIC_TITLE_DRAFT_ONLY	PIX_NOT_CREATED	LT_PIX_NOT_CREATED	KKR_NOT_STARTED	CI_NOT_CREATED	Generated from conservative clean/global working queue; draft only; no final registry action.	276	gpm_stl.csv	141693667	HEART FOR MY SOUL	HEART FOR MY SOUL	KLEIGH	Go for the Heart	0:04:16	58.0	SINGER-SONGWRITER	YES		BATCH_CLEAN_PENDING_REVIEW		
GPMC-REG-IMPORT-DRAFT-CLEAN-GLOBAL-20260624	239	DRAFT_IMPORT_PENDING_REVIEW	docs/registry/batch-intake-working-queues/gpmc_clean_global_track_working_queue_20260624.tsv	240	TRACK_RECORD_NOT_CREATED	TRACK_ID_NOT_ASSIGNED	PUBLIC_TITLE_DRAFT_ONLY	PIX_NOT_CREATED	LT_PIX_NOT_CREATED	KKR_NOT_STARTED	CI_NOT_CREATED	Generated from conservative clean/global working queue; draft only; no final registry action.	277	gpm_stl.csv	142442066	BELIEVE IN LOVE	BELIEVE IN LOVE	Elle Christine	Elle's Bells	0:03:05	151.0	Indie, Pop	YES		BATCH_CLEAN_PENDING_REVIEW		
GPMC-REG-IMPORT-DRAFT-CLEAN-GLOBAL-20260624	240	DRAFT_IMPORT_PENDING_REVIEW	docs/registry/batch-intake-working-queues/gpmc_clean_global_track_working_queue_20260624.tsv	241	TRACK_RECORD_NOT_CREATED	TRACK_ID_NOT_ASSIGNED	PUBLIC_TITLE_DRAFT_ONLY	PIX_NOT_CREATED	LT_PIX_NOT_CREATED	KKR_NOT_STARTED	CI_NOT_CREATED	Generated from conservative clean/global working queue; draft only; no final registry action.	278	gpm_stl.csv	142903263	FOOL'S GAME	FOOL'S GAME	Lloyd G Miller	Lloyd’s Void	0:03:14		Cont Country	YES		BATCH_CLEAN_PENDING_REVIEW		
GPMC-REG-IMPORT-DRAFT-CLEAN-GLOBAL-20260624	241	DRAFT_IMPORT_PENDING_REVIEW	docs/registry/batch-intake-working-queues/gpmc_clean_global_track_working_queue_20260624.tsv	242	TRACK_RECORD_NOT_CREATED	TRACK_ID_NOT_ASSIGNED	PUBLIC_TITLE_DRAFT_ONLY	PIX_NOT_CREATED	LT_PIX_NOT_CREATED	KKR_NOT_STARTED	CI_NOT_CREATED	Generated from conservative clean/global working queue; draft only; no final registry action.	279	gpm_stl.csv	142929340	I LIVE FREE	I LIVE FREE	Brianna Shelko	Pretty Pop	0:02:29	130.0	Pop	YES		BATCH_CLEAN_PENDING_REVIEW		
GPMC-REG-IMPORT-DRAFT-CLEAN-GLOBAL-20260624	242	DRAFT_IMPORT_PENDING_REVIEW	docs/registry/batch-intake-working-queues/gpmc_clean_global_track_working_queue_20260624.tsv	243	TRACK_RECORD_NOT_CREATED	TRACK_ID_NOT_ASSIGNED	PUBLIC_TITLE_DRAFT_ONLY	PIX_NOT_CREATED	LT_PIX_NOT_CREATED	KKR_NOT_STARTED	CI_NOT_CREATED	Generated from conservative clean/global working queue; draft only; no final registry action.	280	gpm_stl.csv	143240033	WHERE'S MY FRIEND?	WHERE'S MY FRIEND?	KLEIGH	Rough House	0:03:49	76.0	Singer-Songwriter ,Folk	YES		BATCH_CLEAN_PENDING_REVIEW		
GPMC-REG-IMPORT-DRAFT-CLEAN-GLOBAL-20260624	243	DRAFT_IMPORT_PENDING_REVIEW	docs/registry/batch-intake-working-queues/gpmc_clean_global_track_working_queue_20260624.tsv	244	TRACK_RECORD_NOT_CREATED	TRACK_ID_NOT_ASSIGNED	PUBLIC_TITLE_DRAFT_ONLY	PIX_NOT_CREATED	LT_PIX_NOT_CREATED	KKR_NOT_STARTED	CI_NOT_CREATED	Generated from conservative clean/global working queue; draft only; no final registry action.	281	gpm_stl.csv	144130006	TOUGH PEOPLE DO - S/S	TOUGH PEOPLE DO - S/S	KLEIGH	Still Walking	0:03:29	123.0	Singer-Songwriter	YES		BATCH_CLEAN_PENDING_REVIEW		
GPMC-REG-IMPORT-DRAFT-CLEAN-GLOBAL-20260624	244	DRAFT_IMPORT_PENDING_REVIEW	docs/registry/batch-intake-working-queues/gpmc_clean_global_track_working_queue_20260624.tsv	245	TRACK_RECORD_NOT_CREATED	TRACK_ID_NOT_ASSIGNED	PUBLIC_TITLE_DRAFT_ONLY	PIX_NOT_CREATED	LT_PIX_NOT_CREATED	KKR_NOT_STARTED	CI_NOT_CREATED	Generated from conservative clean/global working queue; draft only; no final registry action.	282	gpm_stl.csv	145591582	WHEN THE HEART GETS IT WRONG	WHEN THE HEART GETS IT WRONG	KLEIGH	Heart for Heart	0:03:25	86.0	Singer-Songwriter	YES		BATCH_CLEAN_PENDING_REVIEW		
GPMC-REG-IMPORT-DRAFT-CLEAN-GLOBAL-20260624	245	DRAFT_IMPORT_PENDING_REVIEW	docs/registry/batch-intake-working-queues/gpmc_clean_global_track_working_queue_20260624.tsv	246	TRACK_RECORD_NOT_CREATED	TRACK_ID_NOT_ASSIGNED	PUBLIC_TITLE_DRAFT_ONLY	PIX_NOT_CREATED	LT_PIX_NOT_CREATED	KKR_NOT_STARTED	CI_NOT_CREATED	Generated from conservative clean/global working queue; draft only; no final registry action.	283	gpm_stl.csv	146209212	I AM A FIGHTER - El Mix INSTRO	I AM A FIGHTER - El Mix - INSTRO	G Putnam Music	Slight Light	0:03:14	117.0	ONE STOP - G Putnam Music Owns Masters & Publishing Control	YES	GLOBAL_INSTRO_STANDARD	GLOBAL_STANDARD_APPLIED	GLOBAL_INSTRO_STANDARD	
GPMC-REG-IMPORT-DRAFT-CLEAN-GLOBAL-20260624	246	DRAFT_IMPORT_PENDING_REVIEW	docs/registry/batch-intake-working-queues/gpmc_clean_global_track_working_queue_20260624.tsv	247	TRACK_RECORD_NOT_CREATED	TRACK_ID_NOT_ASSIGNED	PUBLIC_TITLE_DRAFT_ONLY	PIX_NOT_CREATED	LT_PIX_NOT_CREATED	KKR_NOT_STARTED	CI_NOT_CREATED	Generated from conservative clean/global working queue; draft only; no final registry action.	284	gpm_stl.csv	146266336	SARAH	SARAH	KLEIGH	Doin’ the Ev'ryday	0:03:22	117.0	Singer/songwriter, Rock, Pop, Indie, Folk	YES		BATCH_CLEAN_PENDING_REVIEW		
GPMC-REG-IMPORT-DRAFT-CLEAN-GLOBAL-20260624	247	DRAFT_IMPORT_PENDING_REVIEW	docs/registry/batch-intake-working-queues/gpmc_clean_global_track_working_queue_20260624.tsv	248	TRACK_RECORD_NOT_CREATED	TRACK_ID_NOT_ASSIGNED	PUBLIC_TITLE_DRAFT_ONLY	PIX_NOT_CREATED	LT_PIX_NOT_CREATED	KKR_NOT_STARTED	CI_NOT_CREATED	Generated from conservative clean/global working queue; draft only; no final registry action.	285	gpm_stl.csv	146269508	THE 2ND SYNTHETIC ADVENTURE - INSTRO	THE 2ND SYNTHETIC ADVENTURE - INSTRO	G Putnam Music	Cinematic	0:04:47	99.0	TV/Film	YES	GLOBAL_INSTRO_STANDARD	GLOBAL_STANDARD_APPLIED	GLOBAL_INSTRO_STANDARD	
GPMC-REG-IMPORT-DRAFT-CLEAN-GLOBAL-20260624	248	DRAFT_IMPORT_PENDING_REVIEW	docs/registry/batch-intake-working-queues/gpmc_clean_global_track_working_queue_20260624.tsv	249	TRACK_RECORD_NOT_CREATED	TRACK_ID_NOT_ASSIGNED	PUBLIC_TITLE_DRAFT_ONLY	PIX_NOT_CREATED	LT_PIX_NOT_CREATED	KKR_NOT_STARTED	CI_NOT_CREATED	Generated from conservative clean/global working queue; draft only; no final registry action.	286	gpm_stl.csv	146291483	MY REALITY	MY REALITY	KLEIGH	Still Walking	0:04:27	83.0	Singer-Songwriter	YES		BATCH_CLEAN_PENDING_REVIEW		
GPMC-REG-IMPORT-DRAFT-CLEAN-GLOBAL-20260624	249	DRAFT_IMPORT_PENDING_REVIEW	docs/registry/batch-intake-working-queues/gpmc_clean_global_track_working_queue_20260624.tsv	250	TRACK_RECORD_NOT_CREATED	TRACK_ID_NOT_ASSIGNED	PUBLIC_TITLE_DRAFT_ONLY	PIX_NOT_CREATED	LT_PIX_NOT_CREATED	KKR_NOT_STARTED	CI_NOT_CREATED	Generated from conservative clean/global working queue; draft only; no final registry action.	287	gpm_stl.csv	146291500	MORE THAN A FEELING TO ME	MORE THAN A FEELING TO ME	KLEIGH	KLEIGH's Weighs	0:04:00	143.0	Alt Rock	YES		BATCH_CLEAN_PENDING_REVIEW		
GPMC-REG-IMPORT-DRAFT-CLEAN-GLOBAL-20260624	250	DRAFT_IMPORT_PENDING_REVIEW	docs/registry/batch-intake-working-queues/gpmc_clean_global_track_working_queue_20260624.tsv	251	TRACK_RECORD_NOT_CREATED	TRACK_ID_NOT_ASSIGNED	PUBLIC_TITLE_DRAFT_ONLY	PIX_NOT_CREATED	LT_PIX_NOT_CREATED	KKR_NOT_STARTED	CI_NOT_CREATED	Generated from conservative clean/global working queue; draft only; no final registry action.	288	gpm_stl.csv	146291665	CAN'T HAVE YOU	CAN'T HAVE YOU	KLEIGH	Getting Past	0:03:27	95.0	Pop, Alt Rock, Beatles-Like	YES		BATCH_CLEAN_PENDING_REVIEW		
GPMC-REG-IMPORT-DRAFT-CLEAN-GLOBAL-20260624	251	DRAFT_IMPORT_PENDING_REVIEW	docs/registry/batch-intake-working-queues/gpmc_clean_global_track_working_queue_20260624.tsv	252	TRACK_RECORD_NOT_CREATED	TRACK_ID_NOT_ASSIGNED	PUBLIC_TITLE_DRAFT_ONLY	PIX_NOT_CREATED	LT_PIX_NOT_CREATED	KKR_NOT_STARTED	CI_NOT_CREATED	Generated from conservative clean/global working queue; draft only; no final registry action.	289	gpm_stl.csv	146291829	SHIT I DO	SHIT I DO	KLEIGH	Doin’ the Ev'yday	0:03:19	118.0	Rap	YES		BATCH_CLEAN_PENDING_REVIEW		
GPMC-REG-IMPORT-DRAFT-CLEAN-GLOBAL-20260624	252	DRAFT_IMPORT_PENDING_REVIEW	docs/registry/batch-intake-working-queues/gpmc_clean_global_track_working_queue_20260624.tsv	253	TRACK_RECORD_NOT_CREATED	TRACK_ID_NOT_ASSIGNED	PUBLIC_TITLE_DRAFT_ONLY	PIX_NOT_CREATED	LT_PIX_NOT_CREATED	KKR_NOT_STARTED	CI_NOT_CREATED	Generated from conservative clean/global working queue; draft only; no final registry action.	290	gpm_stl.csv	146291898	SCORE 1 - FOREVER - INSTRO	SCORE 1 - FOREVER - INSTRO	G Putnam Music	Cinema	0:08:20	99.0	TV/Film	YES	GLOBAL_INSTRO_STANDARD	GLOBAL_STANDARD_APPLIED	GLOBAL_INSTRO_STANDARD	
GPMC-REG-IMPORT-DRAFT-CLEAN-GLOBAL-20260624	253	DRAFT_IMPORT_PENDING_REVIEW	docs/registry/batch-intake-working-queues/gpmc_clean_global_track_working_queue_20260624.tsv	254	TRACK_RECORD_NOT_CREATED	TRACK_ID_NOT_ASSIGNED	PUBLIC_TITLE_DRAFT_ONLY	PIX_NOT_CREATED	LT_PIX_NOT_CREATED	KKR_NOT_STARTED	CI_NOT_CREATED	Generated from conservative clean/global working queue; draft only; no final registry action.	291	gpm_stl.csv	146291905	SWEET MELODY - INSTRO	SWEET MELODY - INSTRO	G Putnam Music	TV/Film	0:07:25	89.0	Fusion (4+Genres Influence, Symphony ,World	YES	GLOBAL_INSTRO_STANDARD	GLOBAL_STANDARD_APPLIED	GLOBAL_INSTRO_STANDARD	
GPMC-REG-IMPORT-DRAFT-CLEAN-GLOBAL-20260624	254	DRAFT_IMPORT_PENDING_REVIEW	docs/registry/batch-intake-working-queues/gpmc_clean_global_track_working_queue_20260624.tsv	255	TRACK_RECORD_NOT_CREATED	TRACK_ID_NOT_ASSIGNED	PUBLIC_TITLE_DRAFT_ONLY	PIX_NOT_CREATED	LT_PIX_NOT_CREATED	KKR_NOT_STARTED	CI_NOT_CREATED	Generated from conservative clean/global working queue; draft only; no final registry action.	293	gpm_stl.csv	146380755	FIGHTING FOR GLORY- INSTRO	FIGHTING FOR GLORY - INSTRO	G Putnam Music	TV/Film	0:02:48	86.0	Adult Contemporary, Blues	YES	GLOBAL_INSTRO_STANDARD	GLOBAL_STANDARD_APPLIED	GLOBAL_INSTRO_STANDARD	
GPMC-REG-IMPORT-DRAFT-CLEAN-GLOBAL-20260624	255	DRAFT_IMPORT_PENDING_REVIEW	docs/registry/batch-intake-working-queues/gpmc_clean_global_track_working_queue_20260624.tsv	256	TRACK_RECORD_NOT_CREATED	TRACK_ID_NOT_ASSIGNED	PUBLIC_TITLE_DRAFT_ONLY	PIX_NOT_CREATED	LT_PIX_NOT_CREATED	KKR_NOT_STARTED	CI_NOT_CREATED	Generated from conservative clean/global working queue; draft only; no final registry action.	294	gpm_stl.csv	146380788	SOUL CATCHER - The Unknown - INSTRO	SOUL CATCHER - The Unknown - INSTRO	G Putnam Music	Caught Off Guard	0:01:53	120.0	Film	YES	GLOBAL_INSTRO_STANDARD	GLOBAL_STANDARD_APPLIED	GLOBAL_INSTRO_STANDARD	
GPMC-REG-IMPORT-DRAFT-CLEAN-GLOBAL-20260624	256	DRAFT_IMPORT_PENDING_REVIEW	docs/registry/batch-intake-working-queues/gpmc_clean_global_track_working_queue_20260624.tsv	257	TRACK_RECORD_NOT_CREATED	TRACK_ID_NOT_ASSIGNED	PUBLIC_TITLE_DRAFT_ONLY	PIX_NOT_CREATED	LT_PIX_NOT_CREATED	KKR_NOT_STARTED	CI_NOT_CREATED	Generated from conservative clean/global working queue; draft only; no final registry action.	295	gpm_stl.csv	146380802	LONG ROAD HOME- INSTRO	LONG ROAD HOME - INSTRO	G Putnam Music	Caught Off Guard	0:04:11	82.0	Film	YES	GLOBAL_INSTRO_STANDARD	GLOBAL_STANDARD_APPLIED	GLOBAL_INSTRO_STANDARD	
GPMC-REG-IMPORT-DRAFT-CLEAN-GLOBAL-20260624	257	DRAFT_IMPORT_PENDING_REVIEW	docs/registry/batch-intake-working-queues/gpmc_clean_global_track_working_queue_20260624.tsv	258	TRACK_RECORD_NOT_CREATED	TRACK_ID_NOT_ASSIGNED	PUBLIC_TITLE_DRAFT_ONLY	PIX_NOT_CREATED	LT_PIX_NOT_CREATED	KKR_NOT_STARTED	CI_NOT_CREATED	Generated from conservative clean/global working queue; draft only; no final registry action.	296	gpm_stl.csv	146380818	INDUSTRIAL WARFARE - INSTRO	INDUSTRIAL WARFARE - INSTRO	G Putnam Music	TV/Film	0:01:47	152.0	Cinema	YES	GLOBAL_INSTRO_STANDARD	GLOBAL_STANDARD_APPLIED	GLOBAL_INSTRO_STANDARD	
GPMC-REG-IMPORT-DRAFT-CLEAN-GLOBAL-20260624	258	DRAFT_IMPORT_PENDING_REVIEW	docs/registry/batch-intake-working-queues/gpmc_clean_global_track_working_queue_20260624.tsv	259	TRACK_RECORD_NOT_CREATED	TRACK_ID_NOT_ASSIGNED	PUBLIC_TITLE_DRAFT_ONLY	PIX_NOT_CREATED	LT_PIX_NOT_CREATED	KKR_NOT_STARTED	CI_NOT_CREATED	Generated from conservative clean/global working queue; draft only; no final registry action.	297	gpm_stl.csv	146380840	HE WAS OUR FRIEND - INSTRO	HE WAS OUR FRIEND - INSTRO	G Putnam Music	Film	0:02:30		Cinema	YES	GLOBAL_INSTRO_STANDARD	GLOBAL_STANDARD_APPLIED	GLOBAL_INSTRO_STANDARD	
GPMC-REG-IMPORT-DRAFT-CLEAN-GLOBAL-20260624	259	DRAFT_IMPORT_PENDING_REVIEW	docs/registry/batch-intake-working-queues/gpmc_clean_global_track_working_queue_20260624.tsv	260	TRACK_RECORD_NOT_CREATED	TRACK_ID_NOT_ASSIGNED	PUBLIC_TITLE_DRAFT_ONLY	PIX_NOT_CREATED	LT_PIX_NOT_CREATED	KKR_NOT_STARTED	CI_NOT_CREATED	Generated from conservative clean/global working queue; draft only; no final registry action.	298	gpm_stl.csv	146835595	FLY AGAIN	FLY AGAIN	KLEIGH	Heart for Heart	0:04:37	109.0	Singer-Songwriter, Alt Rock	YES		BATCH_CLEAN_PENDING_REVIEW		
GPMC-REG-IMPORT-DRAFT-CLEAN-GLOBAL-20260624	260	DRAFT_IMPORT_PENDING_REVIEW	docs/registry/batch-intake-working-queues/gpmc_clean_global_track_working_queue_20260624.tsv	261	TRACK_RECORD_NOT_CREATED	TRACK_ID_NOT_ASSIGNED	PUBLIC_TITLE_DRAFT_ONLY	PIX_NOT_CREATED	LT_PIX_NOT_CREATED	KKR_NOT_STARTED	CI_NOT_CREATED	Generated from conservative clean/global working queue; draft only; no final registry action.	299	gpm_stl.csv	148166578	BELIEVE IT	BELIEVE IT	KLEIGH	Beautiful World	0:05:17	92.0	Singer/Songwriter, Alt Rock, Indie	YES		BATCH_CLEAN_PENDING_REVIEW		
GPMC-REG-IMPORT-DRAFT-CLEAN-GLOBAL-20260624	261	DRAFT_IMPORT_PENDING_REVIEW	docs/registry/batch-intake-working-queues/gpmc_clean_global_track_working_queue_20260624.tsv	262	TRACK_RECORD_NOT_CREATED	TRACK_ID_NOT_ASSIGNED	PUBLIC_TITLE_DRAFT_ONLY	PIX_NOT_CREATED	LT_PIX_NOT_CREATED	KKR_NOT_STARTED	CI_NOT_CREATED	Generated from conservative clean/global working queue; draft only; no final registry action.	300	gpm_stl.csv	148166614	CURIOUS THING	CURIOUS THING	KLEIGH	Lovin’ Loving	0:03:46	122.0	Alt Rock, Indie	YES		BATCH_CLEAN_PENDING_REVIEW		
GPMC-REG-IMPORT-DRAFT-CLEAN-GLOBAL-20260624	262	DRAFT_IMPORT_PENDING_REVIEW	docs/registry/batch-intake-working-queues/gpmc_clean_global_track_working_queue_20260624.tsv	263	TRACK_RECORD_NOT_CREATED	TRACK_ID_NOT_ASSIGNED	PUBLIC_TITLE_DRAFT_ONLY	PIX_NOT_CREATED	LT_PIX_NOT_CREATED	KKR_NOT_STARTED	CI_NOT_CREATED	Generated from conservative clean/global working queue; draft only; no final registry action.	301	gpm_stl.csv	148166615	COUNTING TIME	COUNTING TIME	KLEIGH	We Got This	0:03:54	120.0	Alt Rock, INDIE, POP	YES		BATCH_CLEAN_PENDING_REVIEW		
GPMC-REG-IMPORT-DRAFT-CLEAN-GLOBAL-20260624	263	DRAFT_IMPORT_PENDING_REVIEW	docs/registry/batch-intake-working-queues/gpmc_clean_global_track_working_queue_20260624.tsv	264	TRACK_RECORD_NOT_CREATED	TRACK_ID_NOT_ASSIGNED	PUBLIC_TITLE_DRAFT_ONLY	PIX_NOT_CREATED	LT_PIX_NOT_CREATED	KKR_NOT_STARTED	CI_NOT_CREATED	Generated from conservative clean/global working queue; draft only; no final registry action.	302	gpm_stl.csv	148166616	DO NOT FEAR	DO NOT FEAR	KLEIGH	We Got This	0:03:54	95.0	Alt Rock	YES		BATCH_CLEAN_PENDING_REVIEW		
GPMC-REG-IMPORT-DRAFT-CLEAN-GLOBAL-20260624	264	DRAFT_IMPORT_PENDING_REVIEW	docs/registry/batch-intake-working-queues/gpmc_clean_global_track_working_queue_20260624.tsv	265	TRACK_RECORD_NOT_CREATED	TRACK_ID_NOT_ASSIGNED	PUBLIC_TITLE_DRAFT_ONLY	PIX_NOT_CREATED	LT_PIX_NOT_CREATED	KKR_NOT_STARTED	CI_NOT_CREATED	Generated from conservative clean/global working queue; draft only; no final registry action.	303	gpm_stl.csv	148166618	RAINBOW DAY	RAINBOW DAY	KLEIGH	Beautiful World	0:03:37	126.0	Country, Folk	YES		BATCH_CLEAN_PENDING_REVIEW		
GPMC-REG-IMPORT-DRAFT-CLEAN-GLOBAL-20260624	265	DRAFT_IMPORT_PENDING_REVIEW	docs/registry/batch-intake-working-queues/gpmc_clean_global_track_working_queue_20260624.tsv	266	TRACK_RECORD_NOT_CREATED	TRACK_ID_NOT_ASSIGNED	PUBLIC_TITLE_DRAFT_ONLY	PIX_NOT_CREATED	LT_PIX_NOT_CREATED	KKR_NOT_STARTED	CI_NOT_CREATED	Generated from conservative clean/global working queue; draft only; no final registry action.	304	gpm_stl.csv	148166619	MEMORIES	MEMORIES	KLEIGH	Beautiful World	0:05:24	149.0	Alt Rock, Indie, Singer/Songwriter	YES		BATCH_CLEAN_PENDING_REVIEW		
GPMC-REG-IMPORT-DRAFT-CLEAN-GLOBAL-20260624	266	DRAFT_IMPORT_PENDING_REVIEW	docs/registry/batch-intake-working-queues/gpmc_clean_global_track_working_queue_20260624.tsv	267	TRACK_RECORD_NOT_CREATED	TRACK_ID_NOT_ASSIGNED	PUBLIC_TITLE_DRAFT_ONLY	PIX_NOT_CREATED	LT_PIX_NOT_CREATED	KKR_NOT_STARTED	CI_NOT_CREATED	Generated from conservative clean/global working queue; draft only; no final registry action.	305	gpm_stl.csv	148167090	THANK YOU	THANK YOU	KLEIGH	Doin’ the Ev'ryday	0:05:25	89.0	Singer/Songwriter, Alt Rock, Indie Pop	YES		BATCH_CLEAN_PENDING_REVIEW		
GPMC-REG-IMPORT-DRAFT-CLEAN-GLOBAL-20260624	267	DRAFT_IMPORT_PENDING_REVIEW	docs/registry/batch-intake-working-queues/gpmc_clean_global_track_working_queue_20260624.tsv	268	TRACK_RECORD_NOT_CREATED	TRACK_ID_NOT_ASSIGNED	PUBLIC_TITLE_DRAFT_ONLY	PIX_NOT_CREATED	LT_PIX_NOT_CREATED	KKR_NOT_STARTED	CI_NOT_CREATED	Generated from conservative clean/global working queue; draft only; no final registry action.	306	gpm_stl.csv	148167092	SAVING GRACE	SAVING GRACE	KLEIGH	Beautiful World	0:05:45	97.0	Singer/Songwriter, Alt Rock, Country Rock	YES		BATCH_CLEAN_PENDING_REVIEW		
GPMC-REG-IMPORT-DRAFT-CLEAN-GLOBAL-20260624	268	DRAFT_IMPORT_PENDING_REVIEW	docs/registry/batch-intake-working-queues/gpmc_clean_global_track_working_queue_20260624.tsv	269	TRACK_RECORD_NOT_CREATED	TRACK_ID_NOT_ASSIGNED	PUBLIC_TITLE_DRAFT_ONLY	PIX_NOT_CREATED	LT_PIX_NOT_CREATED	KKR_NOT_STARTED	CI_NOT_CREATED	Generated from conservative clean/global working queue; draft only; no final registry action.	307	gpm_stl.csv	148168352	NOW NOW - INSTRO	NOW NOW - INSTRO	G Putnam Music	Thrilling Feeling	0:04:22	109.0	Rock, Pop, Metal, Electronic	YES	GLOBAL_INSTRO_STANDARD	GLOBAL_STANDARD_APPLIED	GLOBAL_INSTRO_STANDARD	
GPMC-REG-IMPORT-DRAFT-CLEAN-GLOBAL-20260624	269	DRAFT_IMPORT_PENDING_REVIEW	docs/registry/batch-intake-working-queues/gpmc_clean_global_track_working_queue_20260624.tsv	270	TRACK_RECORD_NOT_CREATED	TRACK_ID_NOT_ASSIGNED	PUBLIC_TITLE_DRAFT_ONLY	PIX_NOT_CREATED	LT_PIX_NOT_CREATED	KKR_NOT_STARTED	CI_NOT_CREATED	Generated from conservative clean/global working queue; draft only; no final registry action.	308	gpm_stl.csv	148168733	SUBSONIC BLUES	SUBSONIC BLUES	KLEIGH	Rough House	0:03:12	86.0	Electronic, Metal, Punk, Pop	YES		BATCH_CLEAN_PENDING_REVIEW		
GPMC-REG-IMPORT-DRAFT-CLEAN-GLOBAL-20260624	270	DRAFT_IMPORT_PENDING_REVIEW	docs/registry/batch-intake-working-queues/gpmc_clean_global_track_working_queue_20260624.tsv	271	TRACK_RECORD_NOT_CREATED	TRACK_ID_NOT_ASSIGNED	PUBLIC_TITLE_DRAFT_ONLY	PIX_NOT_CREATED	LT_PIX_NOT_CREATED	KKR_NOT_STARTED	CI_NOT_CREATED	Generated from conservative clean/global working queue; draft only; no final registry action.	309	gpm_stl.csv	148168801	DUST TO PEARLS	DUST TO PEARLS	KLEIGH	Still Walking	0:03:59	89.0	Metal, Rock, Punk, Alt Rock, Singer/songwriter, Fusion	YES		BATCH_CLEAN_PENDING_REVIEW		
GPMC-REG-IMPORT-DRAFT-CLEAN-GLOBAL-20260624	271	DRAFT_IMPORT_PENDING_REVIEW	docs/registry/batch-intake-working-queues/gpmc_clean_global_track_working_queue_20260624.tsv	272	TRACK_RECORD_NOT_CREATED	TRACK_ID_NOT_ASSIGNED	PUBLIC_TITLE_DRAFT_ONLY	PIX_NOT_CREATED	LT_PIX_NOT_CREATED	KKR_NOT_STARTED	CI_NOT_CREATED	Generated from conservative clean/global working queue; draft only; no final registry action.	310	gpm_stl.csv	148168845	THAT MOUNTAIN	THAT MOUNTAIN	KLEIGH	We Got This	0:04:39	97.0	Indie, Singer/songwriter, Pop	YES		BATCH_CLEAN_PENDING_REVIEW		
GPMC-REG-IMPORT-DRAFT-CLEAN-GLOBAL-20260624	272	DRAFT_IMPORT_PENDING_REVIEW	docs/registry/batch-intake-working-queues/gpmc_clean_global_track_working_queue_20260624.tsv	273	TRACK_RECORD_NOT_CREATED	TRACK_ID_NOT_ASSIGNED	PUBLIC_TITLE_DRAFT_ONLY	PIX_NOT_CREATED	LT_PIX_NOT_CREATED	KKR_NOT_STARTED	CI_NOT_CREATED	Generated from conservative clean/global working queue; draft only; no final registry action.	311	gpm_stl.csv	148168882	WALK WITH ME	WALK WITH ME	KLEIGH	Walk with Me	0:04:43	102.0	Reggaeton, Indie, Singer/songwriter, Pop	YES		BATCH_CLEAN_PENDING_REVIEW		
GPMC-REG-IMPORT-DRAFT-CLEAN-GLOBAL-20260624	273	DRAFT_IMPORT_PENDING_REVIEW	docs/registry/batch-intake-working-queues/gpmc_clean_global_track_working_queue_20260624.tsv	274	TRACK_RECORD_NOT_CREATED	TRACK_ID_NOT_ASSIGNED	PUBLIC_TITLE_DRAFT_ONLY	PIX_NOT_CREATED	LT_PIX_NOT_CREATED	KKR_NOT_STARTED	CI_NOT_CREATED	Generated from conservative clean/global working queue; draft only; no final registry action.	312	gpm_stl.csv	148168984	POETRY	POETRY	KLEIGH	Walk with Me	0:03:40	80.0	Indie, Pop, R&B	YES		BATCH_CLEAN_PENDING_REVIEW		
GPMC-REG-IMPORT-DRAFT-CLEAN-GLOBAL-20260624	274	DRAFT_IMPORT_PENDING_REVIEW	docs/registry/batch-intake-working-queues/gpmc_clean_global_track_working_queue_20260624.tsv	275	TRACK_RECORD_NOT_CREATED	TRACK_ID_NOT_ASSIGNED	PUBLIC_TITLE_DRAFT_ONLY	PIX_NOT_CREATED	LT_PIX_NOT_CREATED	KKR_NOT_STARTED	CI_NOT_CREATED	Generated from conservative clean/global working queue; draft only; no final registry action.	313	gpm_stl.csv	148169111	THE LAST TIME	THE LAST TIME	KLEIGH	Walk with Me	0:04:02	80.0	Alt Rock, Singer/songwriter, Indie	YES		BATCH_CLEAN_PENDING_REVIEW		
GPMC-REG-IMPORT-DRAFT-CLEAN-GLOBAL-20260624	275	DRAFT_IMPORT_PENDING_REVIEW	docs/registry/batch-intake-working-queues/gpmc_clean_global_track_working_queue_20260624.tsv	276	TRACK_RECORD_NOT_CREATED	TRACK_ID_NOT_ASSIGNED	PUBLIC_TITLE_DRAFT_ONLY	PIX_NOT_CREATED	LT_PIX_NOT_CREATED	KKR_NOT_STARTED	CI_NOT_CREATED	Generated from conservative clean/global working queue; draft only; no final registry action.	314	gpm_stl.csv	148169165	DEVIL GET AWAY FROM ME	DEVIL GET AWAY FROM ME	KLEIGH	Still Walking	0:05:05	107.0	Indie, Rock, Alt Rock, Metal,	YES		BATCH_CLEAN_PENDING_REVIEW		
GPMC-REG-IMPORT-DRAFT-CLEAN-GLOBAL-20260624	276	DRAFT_IMPORT_PENDING_REVIEW	docs/registry/batch-intake-working-queues/gpmc_clean_global_track_working_queue_20260624.tsv	277	TRACK_RECORD_NOT_CREATED	TRACK_ID_NOT_ASSIGNED	PUBLIC_TITLE_DRAFT_ONLY	PIX_NOT_CREATED	LT_PIX_NOT_CREATED	KKR_NOT_STARTED	CI_NOT_CREATED	Generated from conservative clean/global working queue; draft only; no final registry action.	315	gpm_stl.csv	148169263	THESE ARE THE DAYS	THESE ARE THE DAYS	KLEIGH	Memory’s Malice	0:04:05	104.0	Metal, Rock, Alt Rock	YES		BATCH_CLEAN_PENDING_REVIEW		
GPMC-REG-IMPORT-DRAFT-CLEAN-GLOBAL-20260624	277	DRAFT_IMPORT_PENDING_REVIEW	docs/registry/batch-intake-working-queues/gpmc_clean_global_track_working_queue_20260624.tsv	278	TRACK_RECORD_NOT_CREATED	TRACK_ID_NOT_ASSIGNED	PUBLIC_TITLE_DRAFT_ONLY	PIX_NOT_CREATED	LT_PIX_NOT_CREATED	KKR_NOT_STARTED	CI_NOT_CREATED	Generated from conservative clean/global working queue; draft only; no final registry action.	316	gpm_stl.csv	148169321	WALKING ALONE (TOWARD MY DESTINY)	WALKING ALONE (TOWARD MY DESTINY)	KLEIGH	Still Walking	0:04:36	104.0	Metal, Rock, Alt Rock	YES		BATCH_CLEAN_PENDING_REVIEW		
GPMC-REG-IMPORT-DRAFT-CLEAN-GLOBAL-20260624	278	DRAFT_IMPORT_PENDING_REVIEW	docs/registry/batch-intake-working-queues/gpmc_clean_global_track_working_queue_20260624.tsv	279	TRACK_RECORD_NOT_CREATED	TRACK_ID_NOT_ASSIGNED	PUBLIC_TITLE_DRAFT_ONLY	PIX_NOT_CREATED	LT_PIX_NOT_CREATED	KKR_NOT_STARTED	CI_NOT_CREATED	Generated from conservative clean/global working queue; draft only; no final registry action.	317	gpm_stl.csv	148169354	DIAMONDS IN THE ROUGH	DIAMONDS IN THE ROUGH	KLEIGH	We Got This	0:03:56	93.0	Power Ballad, ALT COUNTRY	YES		BATCH_CLEAN_PENDING_REVIEW		
GPMC-REG-IMPORT-DRAFT-CLEAN-GLOBAL-20260624	279	DRAFT_IMPORT_PENDING_REVIEW	docs/registry/batch-intake-working-queues/gpmc_clean_global_track_working_queue_20260624.tsv	280	TRACK_RECORD_NOT_CREATED	TRACK_ID_NOT_ASSIGNED	PUBLIC_TITLE_DRAFT_ONLY	PIX_NOT_CREATED	LT_PIX_NOT_CREATED	KKR_NOT_STARTED	CI_NOT_CREATED	Generated from conservative clean/global working queue; draft only; no final registry action.	318	gpm_stl.csv	148169710	ONE HELL OF A RIDE	ONE HELL OF A RIDE	KLEIGH	Lovin’ Loving	0:03:33	104.0	Other	YES		BATCH_CLEAN_PENDING_REVIEW		
GPMC-REG-IMPORT-DRAFT-CLEAN-GLOBAL-20260624	280	DRAFT_IMPORT_PENDING_REVIEW	docs/registry/batch-intake-working-queues/gpmc_clean_global_track_working_queue_20260624.tsv	281	TRACK_RECORD_NOT_CREATED	TRACK_ID_NOT_ASSIGNED	PUBLIC_TITLE_DRAFT_ONLY	PIX_NOT_CREATED	LT_PIX_NOT_CREATED	KKR_NOT_STARTED	CI_NOT_CREATED	Generated from conservative clean/global working queue; draft only; no final registry action.	319	gpm_stl.csv	148169791	SHORTY - INSTRO	SHORTY - INSTRO	G Putnam Music	TV/FILM	0:02:53	114.0	Cinema	YES	GLOBAL_INSTRO_STANDARD	GLOBAL_STANDARD_APPLIED	GLOBAL_INSTRO_STANDARD	
GPMC-REG-IMPORT-DRAFT-CLEAN-GLOBAL-20260624	281	DRAFT_IMPORT_PENDING_REVIEW	docs/registry/batch-intake-working-queues/gpmc_clean_global_track_working_queue_20260624.tsv	282	TRACK_RECORD_NOT_CREATED	TRACK_ID_NOT_ASSIGNED	PUBLIC_TITLE_DRAFT_ONLY	PIX_NOT_CREATED	LT_PIX_NOT_CREATED	KKR_NOT_STARTED	CI_NOT_CREATED	Generated from conservative clean/global working queue; draft only; no final registry action.	320	gpm_stl.csv	148170137	ANGELS OF WAR - INSTRO	ANGELS OF WAR - INSTRO	G Putnam Music	TV/Film	0:02:36	129.0	Cinematic, BGVs	YES	GLOBAL_INSTRO_STANDARD	GLOBAL_STANDARD_APPLIED	GLOBAL_INSTRO_STANDARD	
GPMC-REG-IMPORT-DRAFT-CLEAN-GLOBAL-20260624	282	DRAFT_IMPORT_PENDING_REVIEW	docs/registry/batch-intake-working-queues/gpmc_clean_global_track_working_queue_20260624.tsv	283	TRACK_RECORD_NOT_CREATED	TRACK_ID_NOT_ASSIGNED	PUBLIC_TITLE_DRAFT_ONLY	PIX_NOT_CREATED	LT_PIX_NOT_CREATED	KKR_NOT_STARTED	CI_NOT_CREATED	Generated from conservative clean/global working queue; draft only; no final registry action.	321	gpm_stl.csv	148170245	BE MINE TONIGHT	BE MINE TONIGHT	KLEIGH	Go for the Heart	0:04:53	100.0	Chorus	YES		BATCH_CLEAN_PENDING_REVIEW		
GPMC-REG-IMPORT-DRAFT-CLEAN-GLOBAL-20260624	283	DRAFT_IMPORT_PENDING_REVIEW	docs/registry/batch-intake-working-queues/gpmc_clean_global_track_working_queue_20260624.tsv	284	TRACK_RECORD_NOT_CREATED	TRACK_ID_NOT_ASSIGNED	PUBLIC_TITLE_DRAFT_ONLY	PIX_NOT_CREATED	LT_PIX_NOT_CREATED	KKR_NOT_STARTED	CI_NOT_CREATED	Generated from conservative clean/global working queue; draft only; no final registry action.	322	gpm_stl.csv	148170257	THE BEST NIGHTS	THE BEST NIGHTS	KLEIGH	- ADVENTURE, TOGETHER, ESCAPE	0:03:10	82.0	Blues, Indie Rock	YES		BATCH_CLEAN_PENDING_REVIEW		
GPMC-REG-IMPORT-DRAFT-CLEAN-GLOBAL-20260624	284	DRAFT_IMPORT_PENDING_REVIEW	docs/registry/batch-intake-working-queues/gpmc_clean_global_track_working_queue_20260624.tsv	285	TRACK_RECORD_NOT_CREATED	TRACK_ID_NOT_ASSIGNED	PUBLIC_TITLE_DRAFT_ONLY	PIX_NOT_CREATED	LT_PIX_NOT_CREATED	KKR_NOT_STARTED	CI_NOT_CREATED	Generated from conservative clean/global working queue; draft only; no final registry action.	323	gpm_stl.csv	148170395	BEATING BLUE - INSTRO	BEATING BLUE - INSTRO	G Putnam Music	Dance It Away	0:06:36	144.0	Dance, PARTY	YES	GLOBAL_INSTRO_STANDARD	GLOBAL_STANDARD_APPLIED	GLOBAL_INSTRO_STANDARD	
GPMC-REG-IMPORT-DRAFT-CLEAN-GLOBAL-20260624	285	DRAFT_IMPORT_PENDING_REVIEW	docs/registry/batch-intake-working-queues/gpmc_clean_global_track_working_queue_20260624.tsv	286	TRACK_RECORD_NOT_CREATED	TRACK_ID_NOT_ASSIGNED	PUBLIC_TITLE_DRAFT_ONLY	PIX_NOT_CREATED	LT_PIX_NOT_CREATED	KKR_NOT_STARTED	CI_NOT_CREATED	Generated from conservative clean/global working queue; draft only; no final registry action.	324	gpm_stl.csv	148170409	BLUE MOUNTAIN - INSTRO	BLUE MOUNTAIN - INSTRO	G Putnam Music	Remembering Forgetting	0:02:10	120.0	Ambient, Pop, Singer/Songwriter	YES	GLOBAL_INSTRO_STANDARD	GLOBAL_STANDARD_APPLIED	GLOBAL_INSTRO_STANDARD	
GPMC-REG-IMPORT-DRAFT-CLEAN-GLOBAL-20260624	286	DRAFT_IMPORT_PENDING_REVIEW	docs/registry/batch-intake-working-queues/gpmc_clean_global_track_working_queue_20260624.tsv	287	TRACK_RECORD_NOT_CREATED	TRACK_ID_NOT_ASSIGNED	PUBLIC_TITLE_DRAFT_ONLY	PIX_NOT_CREATED	LT_PIX_NOT_CREATED	KKR_NOT_STARTED	CI_NOT_CREATED	Generated from conservative clean/global working queue; draft only; no final registry action.	325	gpm_stl.csv	148170723	CAN YOU SEE IT?	CAN YOU SEE IT?	KLEIGH	KLEIGH’S Weighs	0:03:31	86.0	Rock	YES		BATCH_CLEAN_PENDING_REVIEW		
GPMC-REG-IMPORT-DRAFT-CLEAN-GLOBAL-20260624	287	DRAFT_IMPORT_PENDING_REVIEW	docs/registry/batch-intake-working-queues/gpmc_clean_global_track_working_queue_20260624.tsv	288	TRACK_RECORD_NOT_CREATED	TRACK_ID_NOT_ASSIGNED	PUBLIC_TITLE_DRAFT_ONLY	PIX_NOT_CREATED	LT_PIX_NOT_CREATED	KKR_NOT_STARTED	CI_NOT_CREATED	Generated from conservative clean/global working queue; draft only; no final registry action.	326	gpm_stl.csv	148170752	CASTED BEHIND - INSTRO	CASTED BEHIND - INSTRO	G Putnam Music	Crashin’ NOT Fallin’	0:04:49	135.0	Electronic, Dance	YES	GLOBAL_INSTRO_STANDARD	GLOBAL_STANDARD_APPLIED	GLOBAL_INSTRO_STANDARD	
GPMC-REG-IMPORT-DRAFT-CLEAN-GLOBAL-20260624	288	DRAFT_IMPORT_PENDING_REVIEW	docs/registry/batch-intake-working-queues/gpmc_clean_global_track_working_queue_20260624.tsv	289	TRACK_RECORD_NOT_CREATED	TRACK_ID_NOT_ASSIGNED	PUBLIC_TITLE_DRAFT_ONLY	PIX_NOT_CREATED	LT_PIX_NOT_CREATED	KKR_NOT_STARTED	CI_NOT_CREATED	Generated from conservative clean/global working queue; draft only; no final registry action.	327	gpm_stl.csv	148170813	CHANGED YOUR MIND	CHANGED YOUR MIND	KLEIGH	Rough House	0:03:44		Rock, Acoustic Rock, Blues	YES		BATCH_CLEAN_PENDING_REVIEW		
GPMC-REG-IMPORT-DRAFT-CLEAN-GLOBAL-20260624	289	DRAFT_IMPORT_PENDING_REVIEW	docs/registry/batch-intake-working-queues/gpmc_clean_global_track_working_queue_20260624.tsv	290	TRACK_RECORD_NOT_CREATED	TRACK_ID_NOT_ASSIGNED	PUBLIC_TITLE_DRAFT_ONLY	PIX_NOT_CREATED	LT_PIX_NOT_CREATED	KKR_NOT_STARTED	CI_NOT_CREATED	Generated from conservative clean/global working queue; draft only; no final registry action.	328	gpm_stl.csv	148170874	30 Seconds - INSTRO	30 Seconds - INSTRO	G Putnam Music	Film	0:00:36	134.0	Cinema, Flash	YES	GLOBAL_INSTRO_STANDARD	GLOBAL_STANDARD_APPLIED	GLOBAL_INSTRO_STANDARD	
GPMC-REG-IMPORT-DRAFT-CLEAN-GLOBAL-20260624	290	DRAFT_IMPORT_PENDING_REVIEW	docs/registry/batch-intake-working-queues/gpmc_clean_global_track_working_queue_20260624.tsv	291	TRACK_RECORD_NOT_CREATED	TRACK_ID_NOT_ASSIGNED	PUBLIC_TITLE_DRAFT_ONLY	PIX_NOT_CREATED	LT_PIX_NOT_CREATED	KKR_NOT_STARTED	CI_NOT_CREATED	Generated from conservative clean/global working queue; draft only; no final registry action.	329	gpm_stl.csv	148170919	HERO OF VALOR - INSTRO	HERO OF VALOR - INSTRO	G Putnam Music	TV/Film	0:05:55		Cinematic	YES	GLOBAL_INSTRO_STANDARD	GLOBAL_STANDARD_APPLIED	GLOBAL_INSTRO_STANDARD	
GPMC-REG-IMPORT-DRAFT-CLEAN-GLOBAL-20260624	291	DRAFT_IMPORT_PENDING_REVIEW	docs/registry/batch-intake-working-queues/gpmc_clean_global_track_working_queue_20260624.tsv	292	TRACK_RECORD_NOT_CREATED	TRACK_ID_NOT_ASSIGNED	PUBLIC_TITLE_DRAFT_ONLY	PIX_NOT_CREATED	LT_PIX_NOT_CREATED	KKR_NOT_STARTED	CI_NOT_CREATED	Generated from conservative clean/global working queue; draft only; no final registry action.	330	gpm_stl.csv	148170953	A QUESTIONING OF FAITH - INSTRO	A QUESTIONING OF FAITH - INSTRO	G Putnam Music	TV/Film	0:05:56	89.0	Cinema	YES	GLOBAL_INSTRO_STANDARD	GLOBAL_STANDARD_APPLIED	GLOBAL_INSTRO_STANDARD	
GPMC-REG-IMPORT-DRAFT-CLEAN-GLOBAL-20260624	292	DRAFT_IMPORT_PENDING_REVIEW	docs/registry/batch-intake-working-queues/gpmc_clean_global_track_working_queue_20260624.tsv	293	TRACK_RECORD_NOT_CREATED	TRACK_ID_NOT_ASSIGNED	PUBLIC_TITLE_DRAFT_ONLY	PIX_NOT_CREATED	LT_PIX_NOT_CREATED	KKR_NOT_STARTED	CI_NOT_CREATED	Generated from conservative clean/global working queue; draft only; no final registry action.	331	gpm_stl.csv	148171049	AVOIDING THE INEVITABLE - INSTRO	AVOIDING THE INEVITABLE - INSTRO	G Putnam Music	TV/Film	0:05:56	144.0	CINEMATIC	YES	GLOBAL_INSTRO_STANDARD	GLOBAL_STANDARD_APPLIED	GLOBAL_INSTRO_STANDARD	
GPMC-REG-IMPORT-DRAFT-CLEAN-GLOBAL-20260624	293	DRAFT_IMPORT_PENDING_REVIEW	docs/registry/batch-intake-working-queues/gpmc_clean_global_track_working_queue_20260624.tsv	294	TRACK_RECORD_NOT_CREATED	TRACK_ID_NOT_ASSIGNED	PUBLIC_TITLE_DRAFT_ONLY	PIX_NOT_CREATED	LT_PIX_NOT_CREATED	KKR_NOT_STARTED	CI_NOT_CREATED	Generated from conservative clean/global working queue; draft only; no final registry action.	332	gpm_stl.csv	148171212	CHASE DOWN - INSTRO	CHASE DOWN - INSTRO	G Putnam Music	TV/Film	0:01:17	135.0	Instrumental - Chase	YES	GLOBAL_INSTRO_STANDARD	GLOBAL_STANDARD_APPLIED	GLOBAL_INSTRO_STANDARD	
GPMC-REG-IMPORT-DRAFT-CLEAN-GLOBAL-20260624	294	DRAFT_IMPORT_PENDING_REVIEW	docs/registry/batch-intake-working-queues/gpmc_clean_global_track_working_queue_20260624.tsv	295	TRACK_RECORD_NOT_CREATED	TRACK_ID_NOT_ASSIGNED	PUBLIC_TITLE_DRAFT_ONLY	PIX_NOT_CREATED	LT_PIX_NOT_CREATED	KKR_NOT_STARTED	CI_NOT_CREATED	Generated from conservative clean/global working queue; draft only; no final registry action.	333	gpm_stl.csv	148171305	DOWN BABY	DOWN BABY	KLEIGH	Go for the Heart	0:04:05	128.0	R&B, Pop, Electronic, Fusion (4+Genres Influence), Alt Rock, Rock	YES		BATCH_CLEAN_PENDING_REVIEW		
GPMC-REG-IMPORT-DRAFT-CLEAN-GLOBAL-20260624	295	DRAFT_IMPORT_PENDING_REVIEW	docs/registry/batch-intake-working-queues/gpmc_clean_global_track_working_queue_20260624.tsv	296	TRACK_RECORD_NOT_CREATED	TRACK_ID_NOT_ASSIGNED	PUBLIC_TITLE_DRAFT_ONLY	PIX_NOT_CREATED	LT_PIX_NOT_CREATED	KKR_NOT_STARTED	CI_NOT_CREATED	Generated from conservative clean/global working queue; draft only; no final registry action.	334	gpm_stl.csv	148171321	EMPTY SPACE	EMPTY SPACE	KLEIGH	Rough House	0:04:07		Soul, Singer/songwriter, Pop	YES		BATCH_CLEAN_PENDING_REVIEW		
GPMC-REG-IMPORT-DRAFT-CLEAN-GLOBAL-20260624	296	DRAFT_IMPORT_PENDING_REVIEW	docs/registry/batch-intake-working-queues/gpmc_clean_global_track_working_queue_20260624.tsv	297	TRACK_RECORD_NOT_CREATED	TRACK_ID_NOT_ASSIGNED	PUBLIC_TITLE_DRAFT_ONLY	PIX_NOT_CREATED	LT_PIX_NOT_CREATED	KKR_NOT_STARTED	CI_NOT_CREATED	Generated from conservative clean/global working queue; draft only; no final registry action.	335	gpm_stl.csv	148189105	EMOTION - INSTRO	EMOTION - INSTRO	G Putnam Music	TV/Film	0:02:36	89.0	Hypnotic, bgv	YES	GLOBAL_INSTRO_STANDARD	GLOBAL_STANDARD_APPLIED	GLOBAL_INSTRO_STANDARD	
GPMC-REG-IMPORT-DRAFT-CLEAN-GLOBAL-20260624	297	DRAFT_IMPORT_PENDING_REVIEW	docs/registry/batch-intake-working-queues/gpmc_clean_global_track_working_queue_20260624.tsv	298	TRACK_RECORD_NOT_CREATED	TRACK_ID_NOT_ASSIGNED	PUBLIC_TITLE_DRAFT_ONLY	PIX_NOT_CREATED	LT_PIX_NOT_CREATED	KKR_NOT_STARTED	CI_NOT_CREATED	Generated from conservative clean/global working queue; draft only; no final registry action.	336	gpm_stl.csv	148189109	GOTTA KEEP MOVIN'	GOTTA KEEP MOVIN'	KLEIGH	We Got This	0:04:38	118.0	Alt Rock	YES		BATCH_CLEAN_PENDING_REVIEW		
GPMC-REG-IMPORT-DRAFT-CLEAN-GLOBAL-20260624	298	DRAFT_IMPORT_PENDING_REVIEW	docs/registry/batch-intake-working-queues/gpmc_clean_global_track_working_queue_20260624.tsv	299	TRACK_RECORD_NOT_CREATED	TRACK_ID_NOT_ASSIGNED	PUBLIC_TITLE_DRAFT_ONLY	PIX_NOT_CREATED	LT_PIX_NOT_CREATED	KKR_NOT_STARTED	CI_NOT_CREATED	Generated from conservative clean/global working queue; draft only; no final registry action.	337	gpm_stl.csv	148189121	GOTTA BREATHE	GOTTA BREATHE	KLEIGH	Still Walking	0:04:21	80.0	Singer/songwriter, Rock	YES		BATCH_CLEAN_PENDING_REVIEW		
GPMC-REG-IMPORT-DRAFT-CLEAN-GLOBAL-20260624	299	DRAFT_IMPORT_PENDING_REVIEW	docs/registry/batch-intake-working-queues/gpmc_clean_global_track_working_queue_20260624.tsv	300	TRACK_RECORD_NOT_CREATED	TRACK_ID_NOT_ASSIGNED	PUBLIC_TITLE_DRAFT_ONLY	PIX_NOT_CREATED	LT_PIX_NOT_CREATED	KKR_NOT_STARTED	CI_NOT_CREATED	Generated from conservative clean/global working queue; draft only; no final registry action.	338	gpm_stl.csv	148411581	EVEN IF I TRIED (Minimal)	EVEN IF I TRIED (Minimal)	Rhonda Lester	Growing Stronger	0:03:11		Folk	YES		BATCH_CLEAN_PENDING_REVIEW		
GPMC-REG-IMPORT-DRAFT-CLEAN-GLOBAL-20260624	300	DRAFT_IMPORT_PENDING_REVIEW	docs/registry/batch-intake-working-queues/gpmc_clean_global_track_working_queue_20260624.tsv	301	TRACK_RECORD_NOT_CREATED	TRACK_ID_NOT_ASSIGNED	PUBLIC_TITLE_DRAFT_ONLY	PIX_NOT_CREATED	LT_PIX_NOT_CREATED	KKR_NOT_STARTED	CI_NOT_CREATED	Generated from conservative clean/global working queue; draft only; no final registry action.	339	gpm_stl.csv	152025140	LIVE FOR THIS WORLD	LIVE FOR THIS WORLD	KLEIGH	Beautiful World	0:04:43	109.0	Alt Rock	YES		BATCH_CLEAN_PENDING_REVIEW		
GPMC-REG-IMPORT-DRAFT-CLEAN-GLOBAL-20260624	301	DRAFT_IMPORT_PENDING_REVIEW	docs/registry/batch-intake-working-queues/gpmc_clean_global_track_working_queue_20260624.tsv	302	TRACK_RECORD_NOT_CREATED	TRACK_ID_NOT_ASSIGNED	PUBLIC_TITLE_DRAFT_ONLY	PIX_NOT_CREATED	LT_PIX_NOT_CREATED	KKR_NOT_STARTED	CI_NOT_CREATED	Generated from conservative clean/global working queue; draft only; no final registry action.	340	gpm_stl.csv	152025150	SCORE 3 - THE END - INSTRO	SCORE 3 - THE END - INSTRO	G Putnam Music	CINEMA	0:04:37		TV/Film	YES	GLOBAL_INSTRO_STANDARD	GLOBAL_STANDARD_APPLIED	GLOBAL_INSTRO_STANDARD	
GPMC-REG-IMPORT-DRAFT-CLEAN-GLOBAL-20260624	302	DRAFT_IMPORT_PENDING_REVIEW	docs/registry/batch-intake-working-queues/gpmc_clean_global_track_working_queue_20260624.tsv	303	TRACK_RECORD_NOT_CREATED	TRACK_ID_NOT_ASSIGNED	PUBLIC_TITLE_DRAFT_ONLY	PIX_NOT_CREATED	LT_PIX_NOT_CREATED	KKR_NOT_STARTED	CI_NOT_CREATED	Generated from conservative clean/global working queue; draft only; no final registry action.	341	gpm_stl.csv	152025171	WHY DOES LIFE HAVE TO BE THIS HARD?	WHY DOES LIFE HAVE TO BE THIS HARD?	KLEIGH	Doin’ the Ev'ryday	0:04:57	102.0	Pop, Indie	YES		BATCH_CLEAN_PENDING_REVIEW		
GPMC-REG-IMPORT-DRAFT-CLEAN-GLOBAL-20260624	303	DRAFT_IMPORT_PENDING_REVIEW	docs/registry/batch-intake-working-queues/gpmc_clean_global_track_working_queue_20260624.tsv	304	TRACK_RECORD_NOT_CREATED	TRACK_ID_NOT_ASSIGNED	PUBLIC_TITLE_DRAFT_ONLY	PIX_NOT_CREATED	LT_PIX_NOT_CREATED	KKR_NOT_STARTED	CI_NOT_CREATED	Generated from conservative clean/global working queue; draft only; no final registry action.	342	gpm_stl.csv	152025172	I NEED AN ANGEL	I NEED AN ANGEL	KLEIGH	Memory’s Malice	0:04:07	107.0	Blues, Alt Rock	YES		BATCH_CLEAN_PENDING_REVIEW		
GPMC-REG-IMPORT-DRAFT-CLEAN-GLOBAL-20260624	304	DRAFT_IMPORT_PENDING_REVIEW	docs/registry/batch-intake-working-queues/gpmc_clean_global_track_working_queue_20260624.tsv	305	TRACK_RECORD_NOT_CREATED	TRACK_ID_NOT_ASSIGNED	PUBLIC_TITLE_DRAFT_ONLY	PIX_NOT_CREATED	LT_PIX_NOT_CREATED	KKR_NOT_STARTED	CI_NOT_CREATED	Generated from conservative clean/global working queue; draft only; no final registry action.	343	gpm_stl.csv	152025173	WE'LL BE FREE	WE'LL BE FREE	KLEIGH	Memory’s Malice	0:04:46	88.0	Rock	YES		BATCH_CLEAN_PENDING_REVIEW		
GPMC-REG-IMPORT-DRAFT-CLEAN-GLOBAL-20260624	305	DRAFT_IMPORT_PENDING_REVIEW	docs/registry/batch-intake-working-queues/gpmc_clean_global_track_working_queue_20260624.tsv	306	TRACK_RECORD_NOT_CREATED	TRACK_ID_NOT_ASSIGNED	PUBLIC_TITLE_DRAFT_ONLY	PIX_NOT_CREATED	LT_PIX_NOT_CREATED	KKR_NOT_STARTED	CI_NOT_CREATED	Generated from conservative clean/global working queue; draft only; no final registry action.	344	gpm_stl.csv	152025176	BOUGHT INTO YOUR GAME	BOUGHT INTO YOUR GAME	KLEIGH	Still Walking	0:05:14	87.0	Rock	YES		BATCH_CLEAN_PENDING_REVIEW		
GPMC-REG-IMPORT-DRAFT-CLEAN-GLOBAL-20260624	306	DRAFT_IMPORT_PENDING_REVIEW	docs/registry/batch-intake-working-queues/gpmc_clean_global_track_working_queue_20260624.tsv	307	TRACK_RECORD_NOT_CREATED	TRACK_ID_NOT_ASSIGNED	PUBLIC_TITLE_DRAFT_ONLY	PIX_NOT_CREATED	LT_PIX_NOT_CREATED	KKR_NOT_STARTED	CI_NOT_CREATED	Generated from conservative clean/global working queue; draft only; no final registry action.	345	gpm_stl.csv	153571215	YOUR HEART POUNDING - Nkd	YOUR HEART POUNDING - Nkd	KLEIGH	We Got This	0:02:50	124.0	Alt Rock/Singer-Songwriter	YES		BATCH_CLEAN_PENDING_REVIEW		
GPMC-REG-IMPORT-DRAFT-CLEAN-GLOBAL-20260624	307	DRAFT_IMPORT_PENDING_REVIEW	docs/registry/batch-intake-working-queues/gpmc_clean_global_track_working_queue_20260624.tsv	308	TRACK_RECORD_NOT_CREATED	TRACK_ID_NOT_ASSIGNED	PUBLIC_TITLE_DRAFT_ONLY	PIX_NOT_CREATED	LT_PIX_NOT_CREATED	KKR_NOT_STARTED	CI_NOT_CREATED	Generated from conservative clean/global working queue; draft only; no final registry action.	346	gpm_stl.csv	153628163	DO IT AGAIN	DO IT AGAIN	KLEIGH	Lovin’ Living	0:02:56		Alt Rock	YES		BATCH_CLEAN_PENDING_REVIEW		
GPMC-REG-IMPORT-DRAFT-CLEAN-GLOBAL-20260624	308	DRAFT_IMPORT_PENDING_REVIEW	docs/registry/batch-intake-working-queues/gpmc_clean_global_track_working_queue_20260624.tsv	309	TRACK_RECORD_NOT_CREATED	TRACK_ID_NOT_ASSIGNED	PUBLIC_TITLE_DRAFT_ONLY	PIX_NOT_CREATED	LT_PIX_NOT_CREATED	KKR_NOT_STARTED	CI_NOT_CREATED	Generated from conservative clean/global working queue; draft only; no final registry action.	347	gpm_stl.csv	154116877	WE WILL PREVAIL - INSTRO	WE WILL PREVAIL - INSTRO	G Putnam Music	Cinema	0:05:53		TV/Film	YES	GLOBAL_INSTRO_STANDARD	GLOBAL_STANDARD_APPLIED	GLOBAL_INSTRO_STANDARD	
GPMC-REG-IMPORT-DRAFT-CLEAN-GLOBAL-20260624	309	DRAFT_IMPORT_PENDING_REVIEW	docs/registry/batch-intake-working-queues/gpmc_clean_global_track_working_queue_20260624.tsv	310	TRACK_RECORD_NOT_CREATED	TRACK_ID_NOT_ASSIGNED	PUBLIC_TITLE_DRAFT_ONLY	PIX_NOT_CREATED	LT_PIX_NOT_CREATED	KKR_NOT_STARTED	CI_NOT_CREATED	Generated from conservative clean/global working queue; draft only; no final registry action.	348	gpm_stl.csv	154124113	REVELATIONS - INSTRO	REVELATIONS - INSTRO	G Putnam Music	Caught Off Guard	0:03:43	104.0	Symphony	YES	GLOBAL_INSTRO_STANDARD	GLOBAL_STANDARD_APPLIED	GLOBAL_INSTRO_STANDARD	
GPMC-REG-IMPORT-DRAFT-CLEAN-GLOBAL-20260624	310	DRAFT_IMPORT_PENDING_REVIEW	docs/registry/batch-intake-working-queues/gpmc_clean_global_track_working_queue_20260624.tsv	311	TRACK_RECORD_NOT_CREATED	TRACK_ID_NOT_ASSIGNED	PUBLIC_TITLE_DRAFT_ONLY	PIX_NOT_CREATED	LT_PIX_NOT_CREATED	KKR_NOT_STARTED	CI_NOT_CREATED	Generated from conservative clean/global working queue; draft only; no final registry action.	349	gpm_stl.csv	161322633	GOING OFF THE DEEP END - DUET	GOING OFF THE DEEP END - DUET	KLEIGH & Lilli O'Dowd	Doin’ the Ev'ryday	0:03:09	105.0	Singer/songwriter, Country, Bar Rock	YES		BATCH_CLEAN_PENDING_REVIEW		
GPMC-REG-IMPORT-DRAFT-CLEAN-GLOBAL-20260624	311	DRAFT_IMPORT_PENDING_REVIEW	docs/registry/batch-intake-working-queues/gpmc_clean_global_track_working_queue_20260624.tsv	312	TRACK_RECORD_NOT_CREATED	TRACK_ID_NOT_ASSIGNED	PUBLIC_TITLE_DRAFT_ONLY	PIX_NOT_CREATED	LT_PIX_NOT_CREATED	KKR_NOT_STARTED	CI_NOT_CREATED	Generated from conservative clean/global working queue; draft only; no final registry action.	350	gpm_stl.csv	161322848	ALL WE NEED IS SOMEONE - INSTRO	ALL WE NEED IS SOMEONE - INSTRO	G Putnam Music	Film	0:05:04	94.0	Singer/Songwriter, Alt Rock	YES	GLOBAL_INSTRO_STANDARD	GLOBAL_STANDARD_APPLIED	GLOBAL_INSTRO_STANDARD	
GPMC-REG-IMPORT-DRAFT-CLEAN-GLOBAL-20260624	312	DRAFT_IMPORT_PENDING_REVIEW	docs/registry/batch-intake-working-queues/gpmc_clean_global_track_working_queue_20260624.tsv	313	TRACK_RECORD_NOT_CREATED	TRACK_ID_NOT_ASSIGNED	PUBLIC_TITLE_DRAFT_ONLY	PIX_NOT_CREATED	LT_PIX_NOT_CREATED	KKR_NOT_STARTED	CI_NOT_CREATED	Generated from conservative clean/global working queue; draft only; no final registry action.	351	gpm_stl.csv	161322850	ALL THE THINGS	ALL THE THINGS	KLEIGH	Heart for Heart	0:04:19	97.0	Singer/Songwrite/Alt Rock	YES		BATCH_CLEAN_PENDING_REVIEW		
GPMC-REG-IMPORT-DRAFT-CLEAN-GLOBAL-20260624	313	DRAFT_IMPORT_PENDING_REVIEW	docs/registry/batch-intake-working-queues/gpmc_clean_global_track_working_queue_20260624.tsv	314	TRACK_RECORD_NOT_CREATED	TRACK_ID_NOT_ASSIGNED	PUBLIC_TITLE_DRAFT_ONLY	PIX_NOT_CREATED	LT_PIX_NOT_CREATED	KKR_NOT_STARTED	CI_NOT_CREATED	Generated from conservative clean/global working queue; draft only; no final registry action.	352	gpm_stl.csv	161322851	ANOTHER NIGHT	ANOTHER NIGHT	Zach Jackson, Gregory D Putnam	Countin’ On Countin’ On	0:03:23	149.0	Indie Rock	YES		BATCH_CLEAN_PENDING_REVIEW		
GPMC-REG-IMPORT-DRAFT-CLEAN-GLOBAL-20260624	314	DRAFT_IMPORT_PENDING_REVIEW	docs/registry/batch-intake-working-queues/gpmc_clean_global_track_working_queue_20260624.tsv	315	TRACK_RECORD_NOT_CREATED	TRACK_ID_NOT_ASSIGNED	PUBLIC_TITLE_DRAFT_ONLY	PIX_NOT_CREATED	LT_PIX_NOT_CREATED	KKR_NOT_STARTED	CI_NOT_CREATED	Generated from conservative clean/global working queue; draft only; no final registry action.	353	gpm_stl.csv	161322852	ARMS AROUND ME	ARMS AROUND ME	KLEIGH	Walking Alone	0:03:59	149.0	Alt Indie	YES		BATCH_CLEAN_PENDING_REVIEW		
GPMC-REG-IMPORT-DRAFT-CLEAN-GLOBAL-20260624	315	DRAFT_IMPORT_PENDING_REVIEW	docs/registry/batch-intake-working-queues/gpmc_clean_global_track_working_queue_20260624.tsv	316	TRACK_RECORD_NOT_CREATED	TRACK_ID_NOT_ASSIGNED	PUBLIC_TITLE_DRAFT_ONLY	PIX_NOT_CREATED	LT_PIX_NOT_CREATED	KKR_NOT_STARTED	CI_NOT_CREATED	Generated from conservative clean/global working queue; draft only; no final registry action.	354	gpm_stl.csv	161322894	BABY COMES FIRST	BABY COMES FIRST	Elle Christine	Elle's Bells	0:03:15	89.0	Rock, Country, Indie, Folk	YES		BATCH_CLEAN_PENDING_REVIEW		
GPMC-REG-IMPORT-DRAFT-CLEAN-GLOBAL-20260624	316	DRAFT_IMPORT_PENDING_REVIEW	docs/registry/batch-intake-working-queues/gpmc_clean_global_track_working_queue_20260624.tsv	317	TRACK_RECORD_NOT_CREATED	TRACK_ID_NOT_ASSIGNED	PUBLIC_TITLE_DRAFT_ONLY	PIX_NOT_CREATED	LT_PIX_NOT_CREATED	KKR_NOT_STARTED	CI_NOT_CREATED	Generated from conservative clean/global working queue; draft only; no final registry action.	355	gpm_stl.csv	161322896	BOUNCE BACK	BOUNCE BACK	KLEIGH	Rough House	0:03:16	120.0	Blues	YES		BATCH_CLEAN_PENDING_REVIEW		
GPMC-REG-IMPORT-DRAFT-CLEAN-GLOBAL-20260624	317	DRAFT_IMPORT_PENDING_REVIEW	docs/registry/batch-intake-working-queues/gpmc_clean_global_track_working_queue_20260624.tsv	318	TRACK_RECORD_NOT_CREATED	TRACK_ID_NOT_ASSIGNED	PUBLIC_TITLE_DRAFT_ONLY	PIX_NOT_CREATED	LT_PIX_NOT_CREATED	KKR_NOT_STARTED	CI_NOT_CREATED	Generated from conservative clean/global working queue; draft only; no final registry action.	356	gpm_stl.csv	161322897	A BETTER ME	A BETTER ME	KLEIGH	KLEIGH's WEIGHs	0:04:21	120.0	Pop, Alt Rock, Bar Rock	YES		BATCH_CLEAN_PENDING_REVIEW		
GPMC-REG-IMPORT-DRAFT-CLEAN-GLOBAL-20260624	318	DRAFT_IMPORT_PENDING_REVIEW	docs/registry/batch-intake-working-queues/gpmc_clean_global_track_working_queue_20260624.tsv	319	TRACK_RECORD_NOT_CREATED	TRACK_ID_NOT_ASSIGNED	PUBLIC_TITLE_DRAFT_ONLY	PIX_NOT_CREATED	LT_PIX_NOT_CREATED	KKR_NOT_STARTED	CI_NOT_CREATED	Generated from conservative clean/global working queue; draft only; no final registry action.	357	gpm_stl.csv	161322899	BURNED N' BROKENHEARTED	BURNED N' BROKENHEARTED	Ashleigh Brucker	An Ash Bash	0:03:09	107.0	Rock, Country	YES		BATCH_CLEAN_PENDING_REVIEW		
GPMC-REG-IMPORT-DRAFT-CLEAN-GLOBAL-20260624	319	DRAFT_IMPORT_PENDING_REVIEW	docs/registry/batch-intake-working-queues/gpmc_clean_global_track_working_queue_20260624.tsv	320	TRACK_RECORD_NOT_CREATED	TRACK_ID_NOT_ASSIGNED	PUBLIC_TITLE_DRAFT_ONLY	PIX_NOT_CREATED	LT_PIX_NOT_CREATED	KKR_NOT_STARTED	CI_NOT_CREATED	Generated from conservative clean/global working queue; draft only; no final registry action.	358	gpm_stl.csv	161322901	BY YOUR SIDE	BY YOUR SIDE	KLEIGH	Still Walking	0:03:05		INDIE	YES		BATCH_CLEAN_PENDING_REVIEW		
GPMC-REG-IMPORT-DRAFT-CLEAN-GLOBAL-20260624	320	DRAFT_IMPORT_PENDING_REVIEW	docs/registry/batch-intake-working-queues/gpmc_clean_global_track_working_queue_20260624.tsv	321	TRACK_RECORD_NOT_CREATED	TRACK_ID_NOT_ASSIGNED	PUBLIC_TITLE_DRAFT_ONLY	PIX_NOT_CREATED	LT_PIX_NOT_CREATED	KKR_NOT_STARTED	CI_NOT_CREATED	Generated from conservative clean/global working queue; draft only; no final registry action.	360	gpm_stl.csv	161322999	COMING OVER ME	COMING OVER ME	KLEIGH	We’re Better than This	0:05:54	83.0	Alt Rock	YES		BATCH_CLEAN_PENDING_REVIEW		
GPMC-REG-IMPORT-DRAFT-CLEAN-GLOBAL-20260624	321	DRAFT_IMPORT_PENDING_REVIEW	docs/registry/batch-intake-working-queues/gpmc_clean_global_track_working_queue_20260624.tsv	322	TRACK_RECORD_NOT_CREATED	TRACK_ID_NOT_ASSIGNED	PUBLIC_TITLE_DRAFT_ONLY	PIX_NOT_CREATED	LT_PIX_NOT_CREATED	KKR_NOT_STARTED	CI_NOT_CREATED	Generated from conservative clean/global working queue; draft only; no final registry action.	361	gpm_stl.csv	161323000	COMPOSURE - INSTRO	COMPOSURE - INSTRO	G Putnam Music	Cinematic	0:04:04	107.0	CINEMA, film	YES	GLOBAL_INSTRO_STANDARD	GLOBAL_STANDARD_APPLIED	GLOBAL_INSTRO_STANDARD	
GPMC-REG-IMPORT-DRAFT-CLEAN-GLOBAL-20260624	322	DRAFT_IMPORT_PENDING_REVIEW	docs/registry/batch-intake-working-queues/gpmc_clean_global_track_working_queue_20260624.tsv	323	TRACK_RECORD_NOT_CREATED	TRACK_ID_NOT_ASSIGNED	PUBLIC_TITLE_DRAFT_ONLY	PIX_NOT_CREATED	LT_PIX_NOT_CREATED	KKR_NOT_STARTED	CI_NOT_CREATED	Generated from conservative clean/global working queue; draft only; no final registry action.	362	gpm_stl.csv	161323262	DODO'S WALTZ - INSTRO	DODO'S WALTZ - INSTRO	G Putnam Music	TV/Film	0:05:06	117.0	CINEMATIC	YES	GLOBAL_INSTRO_STANDARD	GLOBAL_STANDARD_APPLIED	GLOBAL_INSTRO_STANDARD	
GPMC-REG-IMPORT-DRAFT-CLEAN-GLOBAL-20260624	323	DRAFT_IMPORT_PENDING_REVIEW	docs/registry/batch-intake-working-queues/gpmc_clean_global_track_working_queue_20260624.tsv	324	TRACK_RECORD_NOT_CREATED	TRACK_ID_NOT_ASSIGNED	PUBLIC_TITLE_DRAFT_ONLY	PIX_NOT_CREATED	LT_PIX_NOT_CREATED	KKR_NOT_STARTED	CI_NOT_CREATED	Generated from conservative clean/global working queue; draft only; no final registry action.	363	gpm_stl.csv	161323264	DEATH AWAITS HIM - INSTRO	DEATH AWAITS HIM - INSTRO	G Putnam Music	TV/Film	0:02:07	95.0	CINEMATIC	YES	GLOBAL_INSTRO_STANDARD	GLOBAL_STANDARD_APPLIED	GLOBAL_INSTRO_STANDARD	
GPMC-REG-IMPORT-DRAFT-CLEAN-GLOBAL-20260624	324	DRAFT_IMPORT_PENDING_REVIEW	docs/registry/batch-intake-working-queues/gpmc_clean_global_track_working_queue_20260624.tsv	325	TRACK_RECORD_NOT_CREATED	TRACK_ID_NOT_ASSIGNED	PUBLIC_TITLE_DRAFT_ONLY	PIX_NOT_CREATED	LT_PIX_NOT_CREATED	KKR_NOT_STARTED	CI_NOT_CREATED	Generated from conservative clean/global working queue; draft only; no final registry action.	364	gpm_stl.csv	161323265	DREAM DREAMS - INSTRO	DREAM DREAMS - INSTRO	G Putnam Music	Thrillin’ Feelin'	0:08:10	112.0	CINEMATIC, BVGs	YES	GLOBAL_INSTRO_STANDARD	GLOBAL_STANDARD_APPLIED	GLOBAL_INSTRO_STANDARD	
GPMC-REG-IMPORT-DRAFT-CLEAN-GLOBAL-20260624	325	DRAFT_IMPORT_PENDING_REVIEW	docs/registry/batch-intake-working-queues/gpmc_clean_global_track_working_queue_20260624.tsv	326	TRACK_RECORD_NOT_CREATED	TRACK_ID_NOT_ASSIGNED	PUBLIC_TITLE_DRAFT_ONLY	PIX_NOT_CREATED	LT_PIX_NOT_CREATED	KKR_NOT_STARTED	CI_NOT_CREATED	Generated from conservative clean/global working queue; draft only; no final registry action.	365	gpm_stl.csv	161323267	ELECTRO DANCEFLOOR - INSTRO	ELECTRO DANCEFLOOR - INSTRO	G Putnam Music	Thrilling Feeling	0:03:49	120.0	cinematic	YES	GLOBAL_INSTRO_STANDARD	GLOBAL_STANDARD_APPLIED	GLOBAL_INSTRO_STANDARD	
GPMC-REG-IMPORT-DRAFT-CLEAN-GLOBAL-20260624	326	DRAFT_IMPORT_PENDING_REVIEW	docs/registry/batch-intake-working-queues/gpmc_clean_global_track_working_queue_20260624.tsv	327	TRACK_RECORD_NOT_CREATED	TRACK_ID_NOT_ASSIGNED	PUBLIC_TITLE_DRAFT_ONLY	PIX_NOT_CREATED	LT_PIX_NOT_CREATED	KKR_NOT_STARTED	CI_NOT_CREATED	Generated from conservative clean/global working queue; draft only; no final registry action.	366	gpm_stl.csv	161323271	ELECTRONIC SYMPHONY - INSTRO	ELECTRONIC SYMPHONY - INSTRO	G Putnam Music	TV/Film	0:03:23	111.0	Cinematic	YES	GLOBAL_INSTRO_STANDARD	GLOBAL_STANDARD_APPLIED	GLOBAL_INSTRO_STANDARD	
GPMC-REG-IMPORT-DRAFT-CLEAN-GLOBAL-20260624	327	DRAFT_IMPORT_PENDING_REVIEW	docs/registry/batch-intake-working-queues/gpmc_clean_global_track_working_queue_20260624.tsv	328	TRACK_RECORD_NOT_CREATED	TRACK_ID_NOT_ASSIGNED	PUBLIC_TITLE_DRAFT_ONLY	PIX_NOT_CREATED	LT_PIX_NOT_CREATED	KKR_NOT_STARTED	CI_NOT_CREATED	Generated from conservative clean/global working queue; draft only; no final registry action.	367	gpm_stl.csv	161323272	EVENING TIME- INSTRO	EVENING TIME - INSTRO	G Putnam Music	Thrilling Feeling	0:04:20	133.0	Blues	YES	GLOBAL_INSTRO_STANDARD	GLOBAL_STANDARD_APPLIED	GLOBAL_INSTRO_STANDARD	
GPMC-REG-IMPORT-DRAFT-CLEAN-GLOBAL-20260624	328	DRAFT_IMPORT_PENDING_REVIEW	docs/registry/batch-intake-working-queues/gpmc_clean_global_track_working_queue_20260624.tsv	329	TRACK_RECORD_NOT_CREATED	TRACK_ID_NOT_ASSIGNED	PUBLIC_TITLE_DRAFT_ONLY	PIX_NOT_CREATED	LT_PIX_NOT_CREATED	KKR_NOT_STARTED	CI_NOT_CREATED	Generated from conservative clean/global working queue; draft only; no final registry action.	368	gpm_stl.csv	161323273	ESSENCE OF A HERO - INSTRO	ESSENCE OF A HERO - INSTRO	G Putnam Music	TV/Film	0:06:39	109.0	Contemporary Christian	YES	GLOBAL_INSTRO_STANDARD	GLOBAL_STANDARD_APPLIED	GLOBAL_INSTRO_STANDARD	
GPMC-REG-IMPORT-DRAFT-CLEAN-GLOBAL-20260624	329	DRAFT_IMPORT_PENDING_REVIEW	docs/registry/batch-intake-working-queues/gpmc_clean_global_track_working_queue_20260624.tsv	330	TRACK_RECORD_NOT_CREATED	TRACK_ID_NOT_ASSIGNED	PUBLIC_TITLE_DRAFT_ONLY	PIX_NOT_CREATED	LT_PIX_NOT_CREATED	KKR_NOT_STARTED	CI_NOT_CREATED	Generated from conservative clean/global working queue; draft only; no final registry action.	369	gpm_stl.csv	161323383	FEELS ALL RIGHT	FEELS ALL RIGHT	KLEIGH	KLEIGH's Weighs	0:03:40	86.0	Pop	YES		BATCH_CLEAN_PENDING_REVIEW		
GPMC-REG-IMPORT-DRAFT-CLEAN-GLOBAL-20260624	330	DRAFT_IMPORT_PENDING_REVIEW	docs/registry/batch-intake-working-queues/gpmc_clean_global_track_working_queue_20260624.tsv	331	TRACK_RECORD_NOT_CREATED	TRACK_ID_NOT_ASSIGNED	PUBLIC_TITLE_DRAFT_ONLY	PIX_NOT_CREATED	LT_PIX_NOT_CREATED	KKR_NOT_STARTED	CI_NOT_CREATED	Generated from conservative clean/global working queue; draft only; no final registry action.	370	gpm_stl.csv	161323384	FACE THIS WORLD TOGETHER	FACE THIS WORLD TOGETHER	KLEIGH	We Got This	0:03:21	126.0	Alt Rock, Singer/Songwriter	YES		BATCH_CLEAN_PENDING_REVIEW		
GPMC-REG-IMPORT-DRAFT-CLEAN-GLOBAL-20260624	331	DRAFT_IMPORT_PENDING_REVIEW	docs/registry/batch-intake-working-queues/gpmc_clean_global_track_working_queue_20260624.tsv	332	TRACK_RECORD_NOT_CREATED	TRACK_ID_NOT_ASSIGNED	PUBLIC_TITLE_DRAFT_ONLY	PIX_NOT_CREATED	LT_PIX_NOT_CREATED	KKR_NOT_STARTED	CI_NOT_CREATED	Generated from conservative clean/global working queue; draft only; no final registry action.	371	gpm_stl.csv	161323387	FINAL DESTINATION	FINAL DESTINATION	NATU Visinia	NATU Ought To	0:02:45	151.0	- Cont Country	YES		BATCH_CLEAN_PENDING_REVIEW		
GPMC-REG-IMPORT-DRAFT-CLEAN-GLOBAL-20260624	332	DRAFT_IMPORT_PENDING_REVIEW	docs/registry/batch-intake-working-queues/gpmc_clean_global_track_working_queue_20260624.tsv	333	TRACK_RECORD_NOT_CREATED	TRACK_ID_NOT_ASSIGNED	PUBLIC_TITLE_DRAFT_ONLY	PIX_NOT_CREATED	LT_PIX_NOT_CREATED	KKR_NOT_STARTED	CI_NOT_CREATED	Generated from conservative clean/global working queue; draft only; no final registry action.	372	gpm_stl.csv	161323392	FURTHER AWAY	FURTHER AWAY	KLEIGH	Memory’s Malice	0:04:14	84.0	Rock	YES		BATCH_CLEAN_PENDING_REVIEW		
GPMC-REG-IMPORT-DRAFT-CLEAN-GLOBAL-20260624	333	DRAFT_IMPORT_PENDING_REVIEW	docs/registry/batch-intake-working-queues/gpmc_clean_global_track_working_queue_20260624.tsv	334	TRACK_RECORD_NOT_CREATED	TRACK_ID_NOT_ASSIGNED	PUBLIC_TITLE_DRAFT_ONLY	PIX_NOT_CREATED	LT_PIX_NOT_CREATED	KKR_NOT_STARTED	CI_NOT_CREATED	Generated from conservative clean/global working queue; draft only; no final registry action.	373	gpm_stl.csv	161323393	THE 4TH SYNTHETIC ADVENTURE - INSTRO	THE 4TH SYNTHETIC ADVENTURE - INSTRO	G Putnam Music	Cinema	0:05:05	114.0	Alt Rock, Progressive, Singer-Songwriter	YES	GLOBAL_INSTRO_STANDARD	GLOBAL_STANDARD_APPLIED	GLOBAL_INSTRO_STANDARD	
GPMC-REG-IMPORT-DRAFT-CLEAN-GLOBAL-20260624	334	DRAFT_IMPORT_PENDING_REVIEW	docs/registry/batch-intake-working-queues/gpmc_clean_global_track_working_queue_20260624.tsv	335	TRACK_RECORD_NOT_CREATED	TRACK_ID_NOT_ASSIGNED	PUBLIC_TITLE_DRAFT_ONLY	PIX_NOT_CREATED	LT_PIX_NOT_CREATED	KKR_NOT_STARTED	CI_NOT_CREATED	Generated from conservative clean/global working queue; draft only; no final registry action.	374	gpm_stl.csv	161323551	GET OUT THE WAY	GET OUT THE WAY	KLEIGH	Doin’ the Ev'ryday	0:04:11	92.0	Rock	YES		BATCH_CLEAN_PENDING_REVIEW		
GPMC-REG-IMPORT-DRAFT-CLEAN-GLOBAL-20260624	335	DRAFT_IMPORT_PENDING_REVIEW	docs/registry/batch-intake-working-queues/gpmc_clean_global_track_working_queue_20260624.tsv	336	TRACK_RECORD_NOT_CREATED	TRACK_ID_NOT_ASSIGNED	PUBLIC_TITLE_DRAFT_ONLY	PIX_NOT_CREATED	LT_PIX_NOT_CREATED	KKR_NOT_STARTED	CI_NOT_CREATED	Generated from conservative clean/global working queue; draft only; no final registry action.	375	gpm_stl.csv	161323552	GOD ALMIGHTY - INSTRO	GOD ALMIGHTY - INSTRO	G Putnam Music	Film	0:08:06	89.0	Cinema	YES	GLOBAL_INSTRO_STANDARD	GLOBAL_STANDARD_APPLIED	GLOBAL_INSTRO_STANDARD	
GPMC-REG-IMPORT-DRAFT-CLEAN-GLOBAL-20260624	336	DRAFT_IMPORT_PENDING_REVIEW	docs/registry/batch-intake-working-queues/gpmc_clean_global_track_working_queue_20260624.tsv	337	TRACK_RECORD_NOT_CREATED	TRACK_ID_NOT_ASSIGNED	PUBLIC_TITLE_DRAFT_ONLY	PIX_NOT_CREATED	LT_PIX_NOT_CREATED	KKR_NOT_STARTED	CI_NOT_CREATED	Generated from conservative clean/global working queue; draft only; no final registry action.	376	gpm_stl.csv	161323556	GOD ONLY KNOWS	GOD ONLY KNOWS	KLEIGH	We’re Better than This	0:03:44	147.0	Other	YES		BATCH_CLEAN_PENDING_REVIEW		
GPMC-REG-IMPORT-DRAFT-CLEAN-GLOBAL-20260624	337	DRAFT_IMPORT_PENDING_REVIEW	docs/registry/batch-intake-working-queues/gpmc_clean_global_track_working_queue_20260624.tsv	338	TRACK_RECORD_NOT_CREATED	TRACK_ID_NOT_ASSIGNED	PUBLIC_TITLE_DRAFT_ONLY	PIX_NOT_CREATED	LT_PIX_NOT_CREATED	KKR_NOT_STARTED	CI_NOT_CREATED	Generated from conservative clean/global working queue; draft only; no final registry action.	377	gpm_stl.csv	161323557	GOIN’ OFF THE DEEP END	GOIN’ OFF THE DEEP END	KLEIGH & Lilli O'Dowd	Really Lillie	0:03:09	105.0	ALT COUNTRY, AMERICANA	YES		BATCH_CLEAN_PENDING_REVIEW		
GPMC-REG-IMPORT-DRAFT-CLEAN-GLOBAL-20260624	338	DRAFT_IMPORT_PENDING_REVIEW	docs/registry/batch-intake-working-queues/gpmc_clean_global_track_working_queue_20260624.tsv	339	TRACK_RECORD_NOT_CREATED	TRACK_ID_NOT_ASSIGNED	PUBLIC_TITLE_DRAFT_ONLY	PIX_NOT_CREATED	LT_PIX_NOT_CREATED	KKR_NOT_STARTED	CI_NOT_CREATED	Generated from conservative clean/global working queue; draft only; no final registry action.	378	gpm_stl.csv	161323558	THE GREEN ONE - INSTRO	THE GREEN ONE - INSTRO	G Putnam Music	Cinema	0:04:49	146.0	Trance	YES	GLOBAL_INSTRO_STANDARD	GLOBAL_STANDARD_APPLIED	GLOBAL_INSTRO_STANDARD	
GPMC-REG-IMPORT-DRAFT-CLEAN-GLOBAL-20260624	339	DRAFT_IMPORT_PENDING_REVIEW	docs/registry/batch-intake-working-queues/gpmc_clean_global_track_working_queue_20260624.tsv	340	TRACK_RECORD_NOT_CREATED	TRACK_ID_NOT_ASSIGNED	PUBLIC_TITLE_DRAFT_ONLY	PIX_NOT_CREATED	LT_PIX_NOT_CREATED	KKR_NOT_STARTED	CI_NOT_CREATED	Generated from conservative clean/global working queue; draft only; no final registry action.	379	gpm_stl.csv	161323560	GROOVE TUNE - INSTRO	GROOVE TUNE - INSTRO	G Putnam Music	TV/Film	0:03:56	113.0	Cinema	YES	GLOBAL_INSTRO_STANDARD	GLOBAL_STANDARD_APPLIED	GLOBAL_INSTRO_STANDARD	
GPMC-REG-IMPORT-DRAFT-CLEAN-GLOBAL-20260624	340	DRAFT_IMPORT_PENDING_REVIEW	docs/registry/batch-intake-working-queues/gpmc_clean_global_track_working_queue_20260624.tsv	341	TRACK_RECORD_NOT_CREATED	TRACK_ID_NOT_ASSIGNED	PUBLIC_TITLE_DRAFT_ONLY	PIX_NOT_CREATED	LT_PIX_NOT_CREATED	KKR_NOT_STARTED	CI_NOT_CREATED	Generated from conservative clean/global working queue; draft only; no final registry action.	380	gpm_stl.csv	161432944	TO LOVE ME	TO LOVE ME	KLEIGH	Lovin’ Love	0:03:38	89.0	Singer-Songwriter	YES		BATCH_CLEAN_PENDING_REVIEW		
GPMC-REG-IMPORT-DRAFT-CLEAN-GLOBAL-20260624	341	DRAFT_IMPORT_PENDING_REVIEW	docs/registry/batch-intake-working-queues/gpmc_clean_global_track_working_queue_20260624.tsv	342	TRACK_RECORD_NOT_CREATED	TRACK_ID_NOT_ASSIGNED	PUBLIC_TITLE_DRAFT_ONLY	PIX_NOT_CREATED	LT_PIX_NOT_CREATED	KKR_NOT_STARTED	CI_NOT_CREATED	Generated from conservative clean/global working queue; draft only; no final registry action.	381	gpm_stl.csv	162476731	FOUND IN HEAVEN	FOUND IN HEAVEN	Ashleigh Brucker	Sexy Swagger	0:03:22	143.0	Cont Country, Mod Country	YES		BATCH_CLEAN_PENDING_REVIEW		
GPMC-REG-IMPORT-DRAFT-CLEAN-GLOBAL-20260624	342	DRAFT_IMPORT_PENDING_REVIEW	docs/registry/batch-intake-working-queues/gpmc_clean_global_track_working_queue_20260624.tsv	343	TRACK_RECORD_NOT_CREATED	TRACK_ID_NOT_ASSIGNED	PUBLIC_TITLE_DRAFT_ONLY	PIX_NOT_CREATED	LT_PIX_NOT_CREATED	KKR_NOT_STARTED	CI_NOT_CREATED	Generated from conservative clean/global working queue; draft only; no final registry action.	384	gpm_stl.csv	162477718	LEARNIN' LIFE	LEARNIN' LIFE	Jade Lotzow	Subtly Simple	0:03:22	84.0	FUSION	YES		BATCH_CLEAN_PENDING_REVIEW		
GPMC-REG-IMPORT-DRAFT-CLEAN-GLOBAL-20260624	343	DRAFT_IMPORT_PENDING_REVIEW	docs/registry/batch-intake-working-queues/gpmc_clean_global_track_working_queue_20260624.tsv	344	TRACK_RECORD_NOT_CREATED	TRACK_ID_NOT_ASSIGNED	PUBLIC_TITLE_DRAFT_ONLY	PIX_NOT_CREATED	LT_PIX_NOT_CREATED	KKR_NOT_STARTED	CI_NOT_CREATED	Generated from conservative clean/global working queue; draft only; no final registry action.	385	gpm_stl.csv	162491798	The Meltdown	The Meltdown	KLEIGH	Rough House	0:03:37		Singer-Songwriter, Minimal	YES		BATCH_CLEAN_PENDING_REVIEW		
GPMC-REG-IMPORT-DRAFT-CLEAN-GLOBAL-20260624	344	DRAFT_IMPORT_PENDING_REVIEW	docs/registry/batch-intake-working-queues/gpmc_clean_global_track_working_queue_20260624.tsv	345	TRACK_RECORD_NOT_CREATED	TRACK_ID_NOT_ASSIGNED	PUBLIC_TITLE_DRAFT_ONLY	PIX_NOT_CREATED	LT_PIX_NOT_CREATED	KKR_NOT_STARTED	CI_NOT_CREATED	Generated from conservative clean/global working queue; draft only; no final registry action.	386	gpm_stl.csv	162492040	BABY I MISS YOU - INSTRO	BABY I MISS YOU - INSTRO	G Putnam Music	TV/Film	0:01:52	107.0	FILM, FANTASY	YES	GLOBAL_INSTRO_STANDARD	GLOBAL_STANDARD_APPLIED	GLOBAL_INSTRO_STANDARD	
GPMC-REG-IMPORT-DRAFT-CLEAN-GLOBAL-20260624	345	DRAFT_IMPORT_PENDING_REVIEW	docs/registry/batch-intake-working-queues/gpmc_clean_global_track_working_queue_20260624.tsv	346	TRACK_RECORD_NOT_CREATED	TRACK_ID_NOT_ASSIGNED	PUBLIC_TITLE_DRAFT_ONLY	PIX_NOT_CREATED	LT_PIX_NOT_CREATED	KKR_NOT_STARTED	CI_NOT_CREATED	Generated from conservative clean/global working queue; draft only; no final registry action.	387	gpm_stl.csv	162492330	IT'S OVER - INSTRO	IT'S OVER - INSTRO	G Putnam Music	TV/Film	0:03:55	109.0	FILM, R7b, hiphop	YES	GLOBAL_INSTRO_STANDARD	GLOBAL_STANDARD_APPLIED	GLOBAL_INSTRO_STANDARD	
GPMC-REG-IMPORT-DRAFT-CLEAN-GLOBAL-20260624	346	DRAFT_IMPORT_PENDING_REVIEW	docs/registry/batch-intake-working-queues/gpmc_clean_global_track_working_queue_20260624.tsv	347	TRACK_RECORD_NOT_CREATED	TRACK_ID_NOT_ASSIGNED	PUBLIC_TITLE_DRAFT_ONLY	PIX_NOT_CREATED	LT_PIX_NOT_CREATED	KKR_NOT_STARTED	CI_NOT_CREATED	Generated from conservative clean/global working queue; draft only; no final registry action.	388	gpm_stl.csv	162494284	OVER AND OVER AGAIN	OVER AND OVER AGAIN	KLEIGH	Go for the Heart	0:04:43	111.0	Singer/Songwriter, Indie	YES		BATCH_CLEAN_PENDING_REVIEW		
GPMC-REG-IMPORT-DRAFT-CLEAN-GLOBAL-20260624	347	DRAFT_IMPORT_PENDING_REVIEW	docs/registry/batch-intake-working-queues/gpmc_clean_global_track_working_queue_20260624.tsv	348	TRACK_RECORD_NOT_CREATED	TRACK_ID_NOT_ASSIGNED	PUBLIC_TITLE_DRAFT_ONLY	PIX_NOT_CREATED	LT_PIX_NOT_CREATED	KKR_NOT_STARTED	CI_NOT_CREATED	Generated from conservative clean/global working queue; draft only; no final registry action.	389	gpm_stl.csv	162527112	MYSTERY OF TOMORROW - INSTRO	MYSTERY OF TOMORROW - INSTRO	G Putnam Music	TV/Film	0:05:44	139.0	Cinema, INDIE	YES	GLOBAL_INSTRO_STANDARD	GLOBAL_STANDARD_APPLIED	GLOBAL_INSTRO_STANDARD	
GPMC-REG-IMPORT-DRAFT-CLEAN-GLOBAL-20260624	348	DRAFT_IMPORT_PENDING_REVIEW	docs/registry/batch-intake-working-queues/gpmc_clean_global_track_working_queue_20260624.tsv	349	TRACK_RECORD_NOT_CREATED	TRACK_ID_NOT_ASSIGNED	PUBLIC_TITLE_DRAFT_ONLY	PIX_NOT_CREATED	LT_PIX_NOT_CREATED	KKR_NOT_STARTED	CI_NOT_CREATED	Generated from conservative clean/global working queue; draft only; no final registry action.	390	gpm_stl.csv	162527559	LOST - INSTRO	LOST - INSTRO	G Putnam Music	TV/Film	0:04:09	88.0	Ambient, Indie, Cinema	YES	GLOBAL_INSTRO_STANDARD	GLOBAL_STANDARD_APPLIED	GLOBAL_INSTRO_STANDARD	
GPMC-REG-IMPORT-DRAFT-CLEAN-GLOBAL-20260624	349	DRAFT_IMPORT_PENDING_REVIEW	docs/registry/batch-intake-working-queues/gpmc_clean_global_track_working_queue_20260624.tsv	350	TRACK_RECORD_NOT_CREATED	TRACK_ID_NOT_ASSIGNED	PUBLIC_TITLE_DRAFT_ONLY	PIX_NOT_CREATED	LT_PIX_NOT_CREATED	KKR_NOT_STARTED	CI_NOT_CREATED	Generated from conservative clean/global working queue; draft only; no final registry action.	391	gpm_stl.csv	162527916	DARK FOREST	DARK FOREST	13 Yr Old - LIL' Z	Young n’ on the Run	0:02:12	89.0	Indie Pop	YES		BATCH_CLEAN_PENDING_REVIEW		
GPMC-REG-IMPORT-DRAFT-CLEAN-GLOBAL-20260624	350	DRAFT_IMPORT_PENDING_REVIEW	docs/registry/batch-intake-working-queues/gpmc_clean_global_track_working_queue_20260624.tsv	351	TRACK_RECORD_NOT_CREATED	TRACK_ID_NOT_ASSIGNED	PUBLIC_TITLE_DRAFT_ONLY	PIX_NOT_CREATED	LT_PIX_NOT_CREATED	KKR_NOT_STARTED	CI_NOT_CREATED	Generated from conservative clean/global working queue; draft only; no final registry action.	392	gpm_stl.csv	162530668	PEACE ON WORTH - INSTRO	PEACE ON WORTH - INSTRO	G Putnam Music	Cinema	0:05:36		Film, INDIE	YES	GLOBAL_INSTRO_STANDARD	GLOBAL_STANDARD_APPLIED	GLOBAL_INSTRO_STANDARD	
GPMC-REG-IMPORT-DRAFT-CLEAN-GLOBAL-20260624	351	DRAFT_IMPORT_PENDING_REVIEW	docs/registry/batch-intake-working-queues/gpmc_clean_global_track_working_queue_20260624.tsv	352	TRACK_RECORD_NOT_CREATED	TRACK_ID_NOT_ASSIGNED	PUBLIC_TITLE_DRAFT_ONLY	PIX_NOT_CREATED	LT_PIX_NOT_CREATED	KKR_NOT_STARTED	CI_NOT_CREATED	Generated from conservative clean/global working queue; draft only; no final registry action.	393	gpm_stl.csv	162532101	SENSATION - RELAXATION - INSTRO	SENSATION - RELAXATION - INSTRO	G Putnam Music	Cinema	0:02:58		Ambient, Film, INDIE	YES	GLOBAL_INSTRO_STANDARD	GLOBAL_STANDARD_APPLIED	GLOBAL_INSTRO_STANDARD	
GPMC-REG-IMPORT-DRAFT-CLEAN-GLOBAL-20260624	352	DRAFT_IMPORT_PENDING_REVIEW	docs/registry/batch-intake-working-queues/gpmc_clean_global_track_working_queue_20260624.tsv	353	TRACK_RECORD_NOT_CREATED	TRACK_ID_NOT_ASSIGNED	PUBLIC_TITLE_DRAFT_ONLY	PIX_NOT_CREATED	LT_PIX_NOT_CREATED	KKR_NOT_STARTED	CI_NOT_CREATED	Generated from conservative clean/global working queue; draft only; no final registry action.	394	gpm_stl.csv	162532279	ROAD TRIP - INSTRO	ROAD TRIP - INSTRO	G Putnam Music	Cinema	0:04:48	143.0	TV/Film INDIE	YES	GLOBAL_INSTRO_STANDARD	GLOBAL_STANDARD_APPLIED	GLOBAL_INSTRO_STANDARD	
GPMC-REG-IMPORT-DRAFT-CLEAN-GLOBAL-20260624	353	DRAFT_IMPORT_PENDING_REVIEW	docs/registry/batch-intake-working-queues/gpmc_clean_global_track_working_queue_20260624.tsv	354	TRACK_RECORD_NOT_CREATED	TRACK_ID_NOT_ASSIGNED	PUBLIC_TITLE_DRAFT_ONLY	PIX_NOT_CREATED	LT_PIX_NOT_CREATED	KKR_NOT_STARTED	CI_NOT_CREATED	Generated from conservative clean/global working queue; draft only; no final registry action.	395	gpm_stl.csv	162536950	LEFT TACKLE - INSTRO	LEFT TACKLE - INSTRO	G Putnam Music	Sports of Sorts	0:04:07	109.0	Indie	YES	GLOBAL_INSTRO_STANDARD	GLOBAL_STANDARD_APPLIED	GLOBAL_INSTRO_STANDARD	
GPMC-REG-IMPORT-DRAFT-CLEAN-GLOBAL-20260624	354	DRAFT_IMPORT_PENDING_REVIEW	docs/registry/batch-intake-working-queues/gpmc_clean_global_track_working_queue_20260624.tsv	355	TRACK_RECORD_NOT_CREATED	TRACK_ID_NOT_ASSIGNED	PUBLIC_TITLE_DRAFT_ONLY	PIX_NOT_CREATED	LT_PIX_NOT_CREATED	KKR_NOT_STARTED	CI_NOT_CREATED	Generated from conservative clean/global working queue; draft only; no final registry action.	397	gpm_stl.csv	163578890	Didn't Mean To Fall	Didn't Mean To Fall	Rhonda Lester	Loving Rhonda	0:03:18	112.0	Indie	YES		BATCH_CLEAN_PENDING_REVIEW		
GPMC-REG-IMPORT-DRAFT-CLEAN-GLOBAL-20260624	355	DRAFT_IMPORT_PENDING_REVIEW	docs/registry/batch-intake-working-queues/gpmc_clean_global_track_working_queue_20260624.tsv	356	TRACK_RECORD_NOT_CREATED	TRACK_ID_NOT_ASSIGNED	PUBLIC_TITLE_DRAFT_ONLY	PIX_NOT_CREATED	LT_PIX_NOT_CREATED	KKR_NOT_STARTED	CI_NOT_CREATED	Generated from conservative clean/global working queue; draft only; no final registry action.	398	gpm_stl.csv	163578931	ES - INSTRO	ES - INSTRO	G Putnam Music	Dance It Away	0:03:23	111.0	Blues	YES	GLOBAL_INSTRO_STANDARD	GLOBAL_STANDARD_APPLIED	GLOBAL_INSTRO_STANDARD	
GPMC-REG-IMPORT-DRAFT-CLEAN-GLOBAL-20260624	356	DRAFT_IMPORT_PENDING_REVIEW	docs/registry/batch-intake-working-queues/gpmc_clean_global_track_working_queue_20260624.tsv	357	TRACK_RECORD_NOT_CREATED	TRACK_ID_NOT_ASSIGNED	PUBLIC_TITLE_DRAFT_ONLY	PIX_NOT_CREATED	LT_PIX_NOT_CREATED	KKR_NOT_STARTED	CI_NOT_CREATED	Generated from conservative clean/global working queue; draft only; no final registry action.	399	gpm_stl.csv	163579488	Mistakes or Lies	Mistakes or Lies	Elle Christine	Dealin’ Feelin'	0:03:00	135.0	Indie Rock, Alt Rock	YES		BATCH_CLEAN_PENDING_REVIEW		
GPMC-REG-IMPORT-DRAFT-CLEAN-GLOBAL-20260624	357	DRAFT_IMPORT_PENDING_REVIEW	docs/registry/batch-intake-working-queues/gpmc_clean_global_track_working_queue_20260624.tsv	358	TRACK_RECORD_NOT_CREATED	TRACK_ID_NOT_ASSIGNED	PUBLIC_TITLE_DRAFT_ONLY	PIX_NOT_CREATED	LT_PIX_NOT_CREATED	KKR_NOT_STARTED	CI_NOT_CREATED	Generated from conservative clean/global working queue; draft only; no final registry action.	401	gpm_stl.csv	163850565	AIN'T GOLD	AIN'T GOLD	KLEIGH	KLEIGH Weighs	0:03:49	89.0	Metal, Country, Rock	YES		BATCH_CLEAN_PENDING_REVIEW		
GPMC-REG-IMPORT-DRAFT-CLEAN-GLOBAL-20260624	358	DRAFT_IMPORT_PENDING_REVIEW	docs/registry/batch-intake-working-queues/gpmc_clean_global_track_working_queue_20260624.tsv	359	TRACK_RECORD_NOT_CREATED	TRACK_ID_NOT_ASSIGNED	PUBLIC_TITLE_DRAFT_ONLY	PIX_NOT_CREATED	LT_PIX_NOT_CREATED	KKR_NOT_STARTED	CI_NOT_CREATED	Generated from conservative clean/global working queue; draft only; no final registry action.	402	gpm_stl.csv	164096813	Be Mine Tonight - INSTRO	Be Mine Tonight - INSTRO	G Putnam Music	Slight Light	0:04:53	100.0	Indie Rock	YES	GLOBAL_INSTRO_STANDARD	GLOBAL_STANDARD_APPLIED	GLOBAL_INSTRO_STANDARD	
GPMC-REG-IMPORT-DRAFT-CLEAN-GLOBAL-20260624	359	DRAFT_IMPORT_PENDING_REVIEW	docs/registry/batch-intake-working-queues/gpmc_clean_global_track_working_queue_20260624.tsv	360	TRACK_RECORD_NOT_CREATED	TRACK_ID_NOT_ASSIGNED	PUBLIC_TITLE_DRAFT_ONLY	PIX_NOT_CREATED	LT_PIX_NOT_CREATED	KKR_NOT_STARTED	CI_NOT_CREATED	Generated from conservative clean/global working queue; draft only; no final registry action.	403	gpm_stl.csv	164097830	Beautiful World - ORIG	Beautiful World - ORIG	KLEIGH	KLEIGH's Weighs	0:04:50		Alt Rock	YES		BATCH_CLEAN_PENDING_REVIEW		
GPMC-REG-IMPORT-DRAFT-CLEAN-GLOBAL-20260624	360	DRAFT_IMPORT_PENDING_REVIEW	docs/registry/batch-intake-working-queues/gpmc_clean_global_track_working_queue_20260624.tsv	361	TRACK_RECORD_NOT_CREATED	TRACK_ID_NOT_ASSIGNED	PUBLIC_TITLE_DRAFT_ONLY	PIX_NOT_CREATED	LT_PIX_NOT_CREATED	KKR_NOT_STARTED	CI_NOT_CREATED	Generated from conservative clean/global working queue; draft only; no final registry action.	404	gpm_stl.csv	164100072	Best of the Nights of Our Lives	Best of the Nights of Our Lives	KLEIGH	KLEIGH'S WEIGHs	0:03:10	82.0	Alt Rock	YES		BATCH_CLEAN_PENDING_REVIEW		
GPMC-REG-IMPORT-DRAFT-CLEAN-GLOBAL-20260624	361	DRAFT_IMPORT_PENDING_REVIEW	docs/registry/batch-intake-working-queues/gpmc_clean_global_track_working_queue_20260624.tsv	362	TRACK_RECORD_NOT_CREATED	TRACK_ID_NOT_ASSIGNED	PUBLIC_TITLE_DRAFT_ONLY	PIX_NOT_CREATED	LT_PIX_NOT_CREATED	KKR_NOT_STARTED	CI_NOT_CREATED	Generated from conservative clean/global working queue; draft only; no final registry action.	405	gpm_stl.csv	164105457	Better Watch Out - Demo	Better Watch Out - Demo	Mick Fury	Scratch	0:02:52	139.0	Rock Demo	YES		BATCH_CLEAN_PENDING_REVIEW		
GPMC-REG-IMPORT-DRAFT-CLEAN-GLOBAL-20260624	362	DRAFT_IMPORT_PENDING_REVIEW	docs/registry/batch-intake-working-queues/gpmc_clean_global_track_working_queue_20260624.tsv	363	TRACK_RECORD_NOT_CREATED	TRACK_ID_NOT_ASSIGNED	PUBLIC_TITLE_DRAFT_ONLY	PIX_NOT_CREATED	LT_PIX_NOT_CREATED	KKR_NOT_STARTED	CI_NOT_CREATED	Generated from conservative clean/global working queue; draft only; no final registry action.	406	gpm_stl.csv	164117496	Cruisin - INSTRO	Cruisin - INSTRO	G Putnam Music	Clubbin	0:03:42	143.0	FILM	YES	GLOBAL_INSTRO_STANDARD	GLOBAL_STANDARD_APPLIED	GLOBAL_INSTRO_STANDARD	
GPMC-REG-IMPORT-DRAFT-CLEAN-GLOBAL-20260624	363	DRAFT_IMPORT_PENDING_REVIEW	docs/registry/batch-intake-working-queues/gpmc_clean_global_track_working_queue_20260624.tsv	364	TRACK_RECORD_NOT_CREATED	TRACK_ID_NOT_ASSIGNED	PUBLIC_TITLE_DRAFT_ONLY	PIX_NOT_CREATED	LT_PIX_NOT_CREATED	KKR_NOT_STARTED	CI_NOT_CREATED	Generated from conservative clean/global working queue; draft only; no final registry action.	407	gpm_stl.csv	164158180	Get a Clue	Get a Clue	Sam Masini	Growing Stronger	0:03:21	84.0	Cont Country	YES		BATCH_CLEAN_PENDING_REVIEW		
GPMC-REG-IMPORT-DRAFT-CLEAN-GLOBAL-20260624	364	DRAFT_IMPORT_PENDING_REVIEW	docs/registry/batch-intake-working-queues/gpmc_clean_global_track_working_queue_20260624.tsv	365	TRACK_RECORD_NOT_CREATED	TRACK_ID_NOT_ASSIGNED	PUBLIC_TITLE_DRAFT_ONLY	PIX_NOT_CREATED	LT_PIX_NOT_CREATED	KKR_NOT_STARTED	CI_NOT_CREATED	Generated from conservative clean/global working queue; draft only; no final registry action.	408	gpm_stl.csv	164266765	ALL I WANT IS YOU	ALL I WANT IS YOU	Zach Linley	Rock/Country	0:03:50	120.0	Country Rock	YES		BATCH_CLEAN_PENDING_REVIEW		
GPMC-REG-IMPORT-DRAFT-CLEAN-GLOBAL-20260624	365	DRAFT_IMPORT_PENDING_REVIEW	docs/registry/batch-intake-working-queues/gpmc_clean_global_track_working_queue_20260624.tsv	366	TRACK_RECORD_NOT_CREATED	TRACK_ID_NOT_ASSIGNED	PUBLIC_TITLE_DRAFT_ONLY	PIX_NOT_CREATED	LT_PIX_NOT_CREATED	KKR_NOT_STARTED	CI_NOT_CREATED	Generated from conservative clean/global working queue; draft only; no final registry action.	409	gpm_stl.csv	164267025	Believe in Love - ns	Believe in Love - ns	Elle Christine	Pretty Pop	0:03:05	151.0	Indie, Pop	YES		BATCH_CLEAN_PENDING_REVIEW		
GPMC-REG-IMPORT-DRAFT-CLEAN-GLOBAL-20260624	366	DRAFT_IMPORT_PENDING_REVIEW	docs/registry/batch-intake-working-queues/gpmc_clean_global_track_working_queue_20260624.tsv	367	TRACK_RECORD_NOT_CREATED	TRACK_ID_NOT_ASSIGNED	PUBLIC_TITLE_DRAFT_ONLY	PIX_NOT_CREATED	LT_PIX_NOT_CREATED	KKR_NOT_STARTED	CI_NOT_CREATED	Generated from conservative clean/global working queue; draft only; no final registry action.	410	gpm_stl.csv	166988860	ANOTHER DANCE - INSTRO	ANOTHER DANCE - INSTRO	G Putnam Music	Sweet as Sexy	0:03:04	87.0	Singer/Songwriter Rock Indie Folk	YES	GLOBAL_INSTRO_STANDARD	GLOBAL_STANDARD_APPLIED	GLOBAL_INSTRO_STANDARD	
GPMC-REG-IMPORT-DRAFT-CLEAN-GLOBAL-20260624	367	DRAFT_IMPORT_PENDING_REVIEW	docs/registry/batch-intake-working-queues/gpmc_clean_global_track_working_queue_20260624.tsv	368	TRACK_RECORD_NOT_CREATED	TRACK_ID_NOT_ASSIGNED	PUBLIC_TITLE_DRAFT_ONLY	PIX_NOT_CREATED	LT_PIX_NOT_CREATED	KKR_NOT_STARTED	CI_NOT_CREATED	Generated from conservative clean/global working queue; draft only; no final registry action.	411	gpm_stl.csv	166989061	Can't Get There	Can't Get There	KLEIGH	We’re Better than This	0:03:19	143.0	Other	YES		BATCH_CLEAN_PENDING_REVIEW		
GPMC-REG-IMPORT-DRAFT-CLEAN-GLOBAL-20260624	368	DRAFT_IMPORT_PENDING_REVIEW	docs/registry/batch-intake-working-queues/gpmc_clean_global_track_working_queue_20260624.tsv	369	TRACK_RECORD_NOT_CREATED	TRACK_ID_NOT_ASSIGNED	PUBLIC_TITLE_DRAFT_ONLY	PIX_NOT_CREATED	LT_PIX_NOT_CREATED	KKR_NOT_STARTED	CI_NOT_CREATED	Generated from conservative clean/global working queue; draft only; no final registry action.	412	gpm_stl.csv	166991126	Hang On	Hang On	NATU Visinia	Film	0:03:23	98.0	Cont Country	YES		BATCH_CLEAN_PENDING_REVIEW		
GPMC-REG-IMPORT-DRAFT-CLEAN-GLOBAL-20260624	369	DRAFT_IMPORT_PENDING_REVIEW	docs/registry/batch-intake-working-queues/gpmc_clean_global_track_working_queue_20260624.tsv	370	TRACK_RECORD_NOT_CREATED	TRACK_ID_NOT_ASSIGNED	PUBLIC_TITLE_DRAFT_ONLY	PIX_NOT_CREATED	LT_PIX_NOT_CREATED	KKR_NOT_STARTED	CI_NOT_CREATED	Generated from conservative clean/global working queue; draft only; no final registry action.	413	gpm_stl.csv	166995581	Heart's Off Break - Unpluggged	Heart's Off Break - Unpluggged	NATU Visinia	Sexy Swagger	0:03:05		Pop, Country	YES		BATCH_CLEAN_PENDING_REVIEW		
GPMC-REG-IMPORT-DRAFT-CLEAN-GLOBAL-20260624	370	DRAFT_IMPORT_PENDING_REVIEW	docs/registry/batch-intake-working-queues/gpmc_clean_global_track_working_queue_20260624.tsv	371	TRACK_RECORD_NOT_CREATED	TRACK_ID_NOT_ASSIGNED	PUBLIC_TITLE_DRAFT_ONLY	PIX_NOT_CREATED	LT_PIX_NOT_CREATED	KKR_NOT_STARTED	CI_NOT_CREATED	Generated from conservative clean/global working queue; draft only; no final registry action.	414	gpm_stl.csv	166995583	Heart's Off Break	Heart's Off Break	Natu Visinia	NATU Ought To	0:03:09	95.0	Pop, Country	YES		BATCH_CLEAN_PENDING_REVIEW		
GPMC-REG-IMPORT-DRAFT-CLEAN-GLOBAL-20260624	371	DRAFT_IMPORT_PENDING_REVIEW	docs/registry/batch-intake-working-queues/gpmc_clean_global_track_working_queue_20260624.tsv	372	TRACK_RECORD_NOT_CREATED	TRACK_ID_NOT_ASSIGNED	PUBLIC_TITLE_DRAFT_ONLY	PIX_NOT_CREATED	LT_PIX_NOT_CREATED	KKR_NOT_STARTED	CI_NOT_CREATED	Generated from conservative clean/global working queue; draft only; no final registry action.	415	gpm_stl.csv	166995622	Hello World - INSTRO	Hello World - INSTRO	G Putnam Music	Cinema	0:03:41	104.0	Film	YES	GLOBAL_INSTRO_STANDARD	GLOBAL_STANDARD_APPLIED	GLOBAL_INSTRO_STANDARD	
GPMC-REG-IMPORT-DRAFT-CLEAN-GLOBAL-20260624	372	DRAFT_IMPORT_PENDING_REVIEW	docs/registry/batch-intake-working-queues/gpmc_clean_global_track_working_queue_20260624.tsv	373	TRACK_RECORD_NOT_CREATED	TRACK_ID_NOT_ASSIGNED	PUBLIC_TITLE_DRAFT_ONLY	PIX_NOT_CREATED	LT_PIX_NOT_CREATED	KKR_NOT_STARTED	CI_NOT_CREATED	Generated from conservative clean/global working queue; draft only; no final registry action.	416	gpm_stl.csv	166995669	SPARK THE FLAME-WITH RAP	SPARK THE FLAME-WITH RAP	Tyler Houk	Sexy Swagger	0:03:13	80.0	Country	YES		BATCH_CLEAN_PENDING_REVIEW		
GPMC-REG-IMPORT-DRAFT-CLEAN-GLOBAL-20260624	373	DRAFT_IMPORT_PENDING_REVIEW	docs/registry/batch-intake-working-queues/gpmc_clean_global_track_working_queue_20260624.tsv	374	TRACK_RECORD_NOT_CREATED	TRACK_ID_NOT_ASSIGNED	PUBLIC_TITLE_DRAFT_ONLY	PIX_NOT_CREATED	LT_PIX_NOT_CREATED	KKR_NOT_STARTED	CI_NOT_CREATED	Generated from conservative clean/global working queue; draft only; no final registry action.	418	gpm_stl.csv	167046473	Coming Over Me - INSTRO	Coming Over Me - INSTRO	KLEIGH	We’re Better than This	0:05:54	83.0	Alt Rock	YES	GLOBAL_INSTRO_STANDARD	GLOBAL_STANDARD_APPLIED	GLOBAL_INSTRO_STANDARD	
GPMC-REG-IMPORT-DRAFT-CLEAN-GLOBAL-20260624	374	DRAFT_IMPORT_PENDING_REVIEW	docs/registry/batch-intake-working-queues/gpmc_clean_global_track_working_queue_20260624.tsv	375	TRACK_RECORD_NOT_CREATED	TRACK_ID_NOT_ASSIGNED	PUBLIC_TITLE_DRAFT_ONLY	PIX_NOT_CREATED	LT_PIX_NOT_CREATED	KKR_NOT_STARTED	CI_NOT_CREATED	Generated from conservative clean/global working queue; draft only; no final registry action.	420	gpm_stl.csv	167046982	Forever & A Day	Forever & A Day	KLEIGH	Beautiful World	0:05:24	85.0	Rock	YES		BATCH_CLEAN_PENDING_REVIEW		
GPMC-REG-IMPORT-DRAFT-CLEAN-GLOBAL-20260624	375	DRAFT_IMPORT_PENDING_REVIEW	docs/registry/batch-intake-working-queues/gpmc_clean_global_track_working_queue_20260624.tsv	376	TRACK_RECORD_NOT_CREATED	TRACK_ID_NOT_ASSIGNED	PUBLIC_TITLE_DRAFT_ONLY	PIX_NOT_CREATED	LT_PIX_NOT_CREATED	KKR_NOT_STARTED	CI_NOT_CREATED	Generated from conservative clean/global working queue; draft only; no final registry action.	421	gpm_stl.csv	167047051	FOUND IN HEAVEN - INSTRO	FOUND IN HEAVEN - INSTRO	G Putnam Music	Dance Steady	0:03:22	143.0	Cont Country, Mod Country	YES	GLOBAL_INSTRO_STANDARD	GLOBAL_STANDARD_APPLIED	GLOBAL_INSTRO_STANDARD	
GPMC-REG-IMPORT-DRAFT-CLEAN-GLOBAL-20260624	376	DRAFT_IMPORT_PENDING_REVIEW	docs/registry/batch-intake-working-queues/gpmc_clean_global_track_working_queue_20260624.tsv	377	TRACK_RECORD_NOT_CREATED	TRACK_ID_NOT_ASSIGNED	PUBLIC_TITLE_DRAFT_ONLY	PIX_NOT_CREATED	LT_PIX_NOT_CREATED	KKR_NOT_STARTED	CI_NOT_CREATED	Generated from conservative clean/global working queue; draft only; no final registry action.	422	gpm_stl.csv	167047194	Get Over You	Get Over You	KLEIGH	Still Walking	0:04:31	114.0	Alt Rock	YES		BATCH_CLEAN_PENDING_REVIEW		
GPMC-REG-IMPORT-DRAFT-CLEAN-GLOBAL-20260624	377	DRAFT_IMPORT_PENDING_REVIEW	docs/registry/batch-intake-working-queues/gpmc_clean_global_track_working_queue_20260624.tsv	378	TRACK_RECORD_NOT_CREATED	TRACK_ID_NOT_ASSIGNED	PUBLIC_TITLE_DRAFT_ONLY	PIX_NOT_CREATED	LT_PIX_NOT_CREATED	KKR_NOT_STARTED	CI_NOT_CREATED	Generated from conservative clean/global working queue; draft only; no final registry action.	425	gpm_stl.csv	167047382	Heartbroken n' Alone - INSTRO	Heartbroken n' Alone - INSTRO	G Putnam Music	Caught Off Guard	0:06:25	89.0	Film	YES	GLOBAL_INSTRO_STANDARD	GLOBAL_STANDARD_APPLIED	GLOBAL_INSTRO_STANDARD	
GPMC-REG-IMPORT-DRAFT-CLEAN-GLOBAL-20260624	378	DRAFT_IMPORT_PENDING_REVIEW	docs/registry/batch-intake-working-queues/gpmc_clean_global_track_working_queue_20260624.tsv	379	TRACK_RECORD_NOT_CREATED	TRACK_ID_NOT_ASSIGNED	PUBLIC_TITLE_DRAFT_ONLY	PIX_NOT_CREATED	LT_PIX_NOT_CREATED	KKR_NOT_STARTED	CI_NOT_CREATED	Generated from conservative clean/global working queue; draft only; no final registry action.	426	gpm_stl.csv	167047383	Hold On	Hold On	KLEIGH	Memory’s Malice	0:04:28	85.0	Alt Rock	YES		BATCH_CLEAN_PENDING_REVIEW		
GPMC-REG-IMPORT-DRAFT-CLEAN-GLOBAL-20260624	379	DRAFT_IMPORT_PENDING_REVIEW	docs/registry/batch-intake-working-queues/gpmc_clean_global_track_working_queue_20260624.tsv	380	TRACK_RECORD_NOT_CREATED	TRACK_ID_NOT_ASSIGNED	PUBLIC_TITLE_DRAFT_ONLY	PIX_NOT_CREATED	LT_PIX_NOT_CREATED	KKR_NOT_STARTED	CI_NOT_CREATED	Generated from conservative clean/global working queue; draft only; no final registry action.	427	gpm_stl.csv	167047385	Here in the Night	Here in the Night	Lilli O'Dowd	Really Lilli	0:03:33	117.0	Power Ballad	YES		BATCH_CLEAN_PENDING_REVIEW		
GPMC-REG-IMPORT-DRAFT-CLEAN-GLOBAL-20260624	380	DRAFT_IMPORT_PENDING_REVIEW	docs/registry/batch-intake-working-queues/gpmc_clean_global_track_working_queue_20260624.tsv	381	TRACK_RECORD_NOT_CREATED	TRACK_ID_NOT_ASSIGNED	PUBLIC_TITLE_DRAFT_ONLY	PIX_NOT_CREATED	LT_PIX_NOT_CREATED	KKR_NOT_STARTED	CI_NOT_CREATED	Generated from conservative clean/global working queue; draft only; no final registry action.	428	gpm_stl.csv	167047386	Holding On	Holding On	G Putnam Music	Go for the Heart	0:04:28	104.0		YES		BATCH_CLEAN_PENDING_REVIEW		
GPMC-REG-IMPORT-DRAFT-CLEAN-GLOBAL-20260624	381	DRAFT_IMPORT_PENDING_REVIEW	docs/registry/batch-intake-working-queues/gpmc_clean_global_track_working_queue_20260624.tsv	382	TRACK_RECORD_NOT_CREATED	TRACK_ID_NOT_ASSIGNED	PUBLIC_TITLE_DRAFT_ONLY	PIX_NOT_CREATED	LT_PIX_NOT_CREATED	KKR_NOT_STARTED	CI_NOT_CREATED	Generated from conservative clean/global working queue; draft only; no final registry action.	429	gpm_stl.csv	167047393	Hit Rewind - INSTRO	Hit Rewind - INSTRO	Erik W Nelson	Change Me	0:03:15	134.0	Modern Country	YES	GLOBAL_INSTRO_STANDARD	GLOBAL_STANDARD_APPLIED	GLOBAL_INSTRO_STANDARD	
GPMC-REG-IMPORT-DRAFT-CLEAN-GLOBAL-20260624	382	DRAFT_IMPORT_PENDING_REVIEW	docs/registry/batch-intake-working-queues/gpmc_clean_global_track_working_queue_20260624.tsv	383	TRACK_RECORD_NOT_CREATED	TRACK_ID_NOT_ASSIGNED	PUBLIC_TITLE_DRAFT_ONLY	PIX_NOT_CREATED	LT_PIX_NOT_CREATED	KKR_NOT_STARTED	CI_NOT_CREATED	Generated from conservative clean/global working queue; draft only; no final registry action.	430	gpm_stl.csv	167047394	Hit Rewind	Hit Rewind	NATU Visinia	NATU Ought To	0:03:03	134.0	Cont Country	YES		BATCH_CLEAN_PENDING_REVIEW		
GPMC-REG-IMPORT-DRAFT-CLEAN-GLOBAL-20260624	383	DRAFT_IMPORT_PENDING_REVIEW	docs/registry/batch-intake-working-queues/gpmc_clean_global_track_working_queue_20260624.tsv	384	TRACK_RECORD_NOT_CREATED	TRACK_ID_NOT_ASSIGNED	PUBLIC_TITLE_DRAFT_ONLY	PIX_NOT_CREATED	LT_PIX_NOT_CREATED	KKR_NOT_STARTED	CI_NOT_CREATED	Generated from conservative clean/global working queue; draft only; no final registry action.	431	gpm_stl.csv	167047395	Hit Rewind - Demo	Hit Rewind - Demo	Erik W Nelson	Change Me	0:03:15	134.0	Modern Country	YES		BATCH_CLEAN_PENDING_REVIEW		
GPMC-REG-IMPORT-DRAFT-CLEAN-GLOBAL-20260624	384	DRAFT_IMPORT_PENDING_REVIEW	docs/registry/batch-intake-working-queues/gpmc_clean_global_track_working_queue_20260624.tsv	385	TRACK_RECORD_NOT_CREATED	TRACK_ID_NOT_ASSIGNED	PUBLIC_TITLE_DRAFT_ONLY	PIX_NOT_CREATED	LT_PIX_NOT_CREATED	KKR_NOT_STARTED	CI_NOT_CREATED	Generated from conservative clean/global working queue; draft only; no final registry action.	433	gpm_stl.csv	167047400	Hope for Hope  - INSTRO	Hope for Hope - INSTRO	G Putnam Music	Slight Light	0:03:08		Film	YES	GLOBAL_INSTRO_STANDARD	GLOBAL_STANDARD_APPLIED	GLOBAL_INSTRO_STANDARD	
GPMC-REG-IMPORT-DRAFT-CLEAN-GLOBAL-20260624	385	DRAFT_IMPORT_PENDING_REVIEW	docs/registry/batch-intake-working-queues/gpmc_clean_global_track_working_queue_20260624.tsv	386	TRACK_RECORD_NOT_CREATED	TRACK_ID_NOT_ASSIGNED	PUBLIC_TITLE_DRAFT_ONLY	PIX_NOT_CREATED	LT_PIX_NOT_CREATED	KKR_NOT_STARTED	CI_NOT_CREATED	Generated from conservative clean/global working queue; draft only; no final registry action.	434	gpm_stl.csv	167047407	How Could I?	How Could I?	KLEIGH	G Putnam Music	0:03:47	139.0	Alt Rock	YES		BATCH_CLEAN_PENDING_REVIEW		
GPMC-REG-IMPORT-DRAFT-CLEAN-GLOBAL-20260624	386	DRAFT_IMPORT_PENDING_REVIEW	docs/registry/batch-intake-working-queues/gpmc_clean_global_track_working_queue_20260624.tsv	387	TRACK_RECORD_NOT_CREATED	TRACK_ID_NOT_ASSIGNED	PUBLIC_TITLE_DRAFT_ONLY	PIX_NOT_CREATED	LT_PIX_NOT_CREATED	KKR_NOT_STARTED	CI_NOT_CREATED	Generated from conservative clean/global working queue; draft only; no final registry action.	435	gpm_stl.csv	167047420	Hurt Like This	Hurt Like This	KLEIGH		0:04:19	131.0		YES		BATCH_CLEAN_PENDING_REVIEW		
GPMC-REG-IMPORT-DRAFT-CLEAN-GLOBAL-20260624	387	DRAFT_IMPORT_PENDING_REVIEW	docs/registry/batch-intake-working-queues/gpmc_clean_global_track_working_queue_20260624.tsv	388	TRACK_RECORD_NOT_CREATED	TRACK_ID_NOT_ASSIGNED	PUBLIC_TITLE_DRAFT_ONLY	PIX_NOT_CREATED	LT_PIX_NOT_CREATED	KKR_NOT_STARTED	CI_NOT_CREATED	Generated from conservative clean/global working queue; draft only; no final registry action.	436	gpm_stl.csv	167047423	Hurt Me For	Hurt Me For	KLEIGH	Memory’s Malice	0:04:21	120.0	Alt Rock	YES		BATCH_CLEAN_PENDING_REVIEW		
GPMC-REG-IMPORT-DRAFT-CLEAN-GLOBAL-20260624	388	DRAFT_IMPORT_PENDING_REVIEW	docs/registry/batch-intake-working-queues/gpmc_clean_global_track_working_queue_20260624.tsv	389	TRACK_RECORD_NOT_CREATED	TRACK_ID_NOT_ASSIGNED	PUBLIC_TITLE_DRAFT_ONLY	PIX_NOT_CREATED	LT_PIX_NOT_CREATED	KKR_NOT_STARTED	CI_NOT_CREATED	Generated from conservative clean/global working queue; draft only; no final registry action.	437	gpm_stl.csv	167047433	I AM A FIGHTER.- INSTRO	I AM A FIGHTER. - INSTRO	G Putnam Music	Slight Light	0:03:14	120.0	Indie Pop/Rock	YES	GLOBAL_INSTRO_STANDARD	GLOBAL_STANDARD_APPLIED	GLOBAL_INSTRO_STANDARD	
GPMC-REG-IMPORT-DRAFT-CLEAN-GLOBAL-20260624	389	DRAFT_IMPORT_PENDING_REVIEW	docs/registry/batch-intake-working-queues/gpmc_clean_global_track_working_queue_20260624.tsv	390	TRACK_RECORD_NOT_CREATED	TRACK_ID_NOT_ASSIGNED	PUBLIC_TITLE_DRAFT_ONLY	PIX_NOT_CREATED	LT_PIX_NOT_CREATED	KKR_NOT_STARTED	CI_NOT_CREATED	Generated from conservative clean/global working queue; draft only; no final registry action.	438	gpm_stl.csv	167047440	I Believe In You	I Believe In You	KLEIGH	Walk With Me	0:04:54	107.0	Alt Rock	YES		BATCH_CLEAN_PENDING_REVIEW		
GPMC-REG-IMPORT-DRAFT-CLEAN-GLOBAL-20260624	390	DRAFT_IMPORT_PENDING_REVIEW	docs/registry/batch-intake-working-queues/gpmc_clean_global_track_working_queue_20260624.tsv	391	TRACK_RECORD_NOT_CREATED	TRACK_ID_NOT_ASSIGNED	PUBLIC_TITLE_DRAFT_ONLY	PIX_NOT_CREATED	LT_PIX_NOT_CREATED	KKR_NOT_STARTED	CI_NOT_CREATED	Generated from conservative clean/global working queue; draft only; no final registry action.	439	gpm_stl.csv	167047442	I'll Always Be Around	I'll Always Be Around	KLEIGH	Go or the Heart	0:04:15	86.0	Blues	YES		BATCH_CLEAN_PENDING_REVIEW		
GPMC-REG-IMPORT-DRAFT-CLEAN-GLOBAL-20260624	391	DRAFT_IMPORT_PENDING_REVIEW	docs/registry/batch-intake-working-queues/gpmc_clean_global_track_working_queue_20260624.tsv	392	TRACK_RECORD_NOT_CREATED	TRACK_ID_NOT_ASSIGNED	PUBLIC_TITLE_DRAFT_ONLY	PIX_NOT_CREATED	LT_PIX_NOT_CREATED	KKR_NOT_STARTED	CI_NOT_CREATED	Generated from conservative clean/global working queue; draft only; no final registry action.	440	gpm_stl.csv	167047446	I've already Lost You	I've already Lost You	KLEIGH	Memory’s Malice	0:03:20	128.0		YES		BATCH_CLEAN_PENDING_REVIEW		
GPMC-REG-IMPORT-DRAFT-CLEAN-GLOBAL-20260624	392	DRAFT_IMPORT_PENDING_REVIEW	docs/registry/batch-intake-working-queues/gpmc_clean_global_track_working_queue_20260624.tsv	393	TRACK_RECORD_NOT_CREATED	TRACK_ID_NOT_ASSIGNED	PUBLIC_TITLE_DRAFT_ONLY	PIX_NOT_CREATED	LT_PIX_NOT_CREATED	KKR_NOT_STARTED	CI_NOT_CREATED	Generated from conservative clean/global working queue; draft only; no final registry action.	442	gpm_stl.csv	167047460	In the Silence of My Mind - INSTRO	In the Silence of My Mind - INSTRO	G Putnam Music	Thrilling Feeling	0:06:25	134.0	Cinema, TV/Film	YES	GLOBAL_INSTRO_STANDARD	GLOBAL_STANDARD_APPLIED	GLOBAL_INSTRO_STANDARD	
GPMC-REG-IMPORT-DRAFT-CLEAN-GLOBAL-20260624	393	DRAFT_IMPORT_PENDING_REVIEW	docs/registry/batch-intake-working-queues/gpmc_clean_global_track_working_queue_20260624.tsv	394	TRACK_RECORD_NOT_CREATED	TRACK_ID_NOT_ASSIGNED	PUBLIC_TITLE_DRAFT_ONLY	PIX_NOT_CREATED	LT_PIX_NOT_CREATED	KKR_NOT_STARTED	CI_NOT_CREATED	Generated from conservative clean/global working queue; draft only; no final registry action.	443	gpm_stl.csv	167047464	Into the New Sunset	Into the New Sunset	Lloyd G Miller	Lloyd’s Void	0:03:50		Cont Country	YES		BATCH_CLEAN_PENDING_REVIEW		
GPMC-REG-IMPORT-DRAFT-CLEAN-GLOBAL-20260624	394	DRAFT_IMPORT_PENDING_REVIEW	docs/registry/batch-intake-working-queues/gpmc_clean_global_track_working_queue_20260624.tsv	395	TRACK_RECORD_NOT_CREATED	TRACK_ID_NOT_ASSIGNED	PUBLIC_TITLE_DRAFT_ONLY	PIX_NOT_CREATED	LT_PIX_NOT_CREATED	KKR_NOT_STARTED	CI_NOT_CREATED	Generated from conservative clean/global working queue; draft only; no final registry action.	444	gpm_stl.csv	167047465	Into the New Sunset - INSTRO	Into the New Sunset - INSTRO	G Putnam Music	Desperate & Dirty	0:03:26		Cont Country	YES	GLOBAL_INSTRO_STANDARD	GLOBAL_STANDARD_APPLIED	GLOBAL_INSTRO_STANDARD	
GPMC-REG-IMPORT-DRAFT-CLEAN-GLOBAL-20260624	395	DRAFT_IMPORT_PENDING_REVIEW	docs/registry/batch-intake-working-queues/gpmc_clean_global_track_working_queue_20260624.tsv	396	TRACK_RECORD_NOT_CREATED	TRACK_ID_NOT_ASSIGNED	PUBLIC_TITLE_DRAFT_ONLY	PIX_NOT_CREATED	LT_PIX_NOT_CREATED	KKR_NOT_STARTED	CI_NOT_CREATED	Generated from conservative clean/global working queue; draft only; no final registry action.	445	gpm_stl.csv	167047466	It's Happening - INSTRO	It's Happening - INSTRO	G Putnam Music	Thrilling Feeling	0:02:44	111.0	TV/Film	YES	GLOBAL_INSTRO_STANDARD	GLOBAL_STANDARD_APPLIED	GLOBAL_INSTRO_STANDARD	
GPMC-REG-IMPORT-DRAFT-CLEAN-GLOBAL-20260624	396	DRAFT_IMPORT_PENDING_REVIEW	docs/registry/batch-intake-working-queues/gpmc_clean_global_track_working_queue_20260624.tsv	397	TRACK_RECORD_NOT_CREATED	TRACK_ID_NOT_ASSIGNED	PUBLIC_TITLE_DRAFT_ONLY	PIX_NOT_CREATED	LT_PIX_NOT_CREATED	KKR_NOT_STARTED	CI_NOT_CREATED	Generated from conservative clean/global working queue; draft only; no final registry action.	446	gpm_stl.csv	167047469	Joy Is Cool - INSTRO	Joy Is Cool - INSTRO	Michael Scherer	Scherer Desire	0:03:51	97.0	TV/Film	YES	GLOBAL_INSTRO_STANDARD	GLOBAL_STANDARD_APPLIED	GLOBAL_INSTRO_STANDARD	
GPMC-REG-IMPORT-DRAFT-CLEAN-GLOBAL-20260624	397	DRAFT_IMPORT_PENDING_REVIEW	docs/registry/batch-intake-working-queues/gpmc_clean_global_track_working_queue_20260624.tsv	398	TRACK_RECORD_NOT_CREATED	TRACK_ID_NOT_ASSIGNED	PUBLIC_TITLE_DRAFT_ONLY	PIX_NOT_CREATED	LT_PIX_NOT_CREATED	KKR_NOT_STARTED	CI_NOT_CREATED	Generated from conservative clean/global working queue; draft only; no final registry action.	447	gpm_stl.csv	167047476	JOYFUL HARMONY - INSTRO	JOYFUL HARMONY - INSTRO	Michael Scherer	Scherer Delight	0:03:51	97.0	Jazz	YES	GLOBAL_INSTRO_STANDARD	GLOBAL_STANDARD_APPLIED	GLOBAL_INSTRO_STANDARD	
GPMC-REG-IMPORT-DRAFT-CLEAN-GLOBAL-20260624	398	DRAFT_IMPORT_PENDING_REVIEW	docs/registry/batch-intake-working-queues/gpmc_clean_global_track_working_queue_20260624.tsv	399	TRACK_RECORD_NOT_CREATED	TRACK_ID_NOT_ASSIGNED	PUBLIC_TITLE_DRAFT_ONLY	PIX_NOT_CREATED	LT_PIX_NOT_CREATED	KKR_NOT_STARTED	CI_NOT_CREATED	Generated from conservative clean/global working queue; draft only; no final registry action.	449	gpm_stl.csv	167047491	Laying It Down	Laying It Down	KLEIGH	Still Walking	0:04:42	99.0	Alt Rock	YES		BATCH_CLEAN_PENDING_REVIEW		
GPMC-REG-IMPORT-DRAFT-CLEAN-GLOBAL-20260624	399	DRAFT_IMPORT_PENDING_REVIEW	docs/registry/batch-intake-working-queues/gpmc_clean_global_track_working_queue_20260624.tsv	400	TRACK_RECORD_NOT_CREATED	TRACK_ID_NOT_ASSIGNED	PUBLIC_TITLE_DRAFT_ONLY	PIX_NOT_CREATED	LT_PIX_NOT_CREATED	KKR_NOT_STARTED	CI_NOT_CREATED	Generated from conservative clean/global working queue; draft only; no final registry action.	451	gpm_stl.csv	167047496	Me n’ My Guitar	Me n’ My Guitar	Katie Beste	Dealin’ Feelin'	0:03:38	117.0	Mod Country	YES		BATCH_CLEAN_PENDING_REVIEW		
GPMC-REG-IMPORT-DRAFT-CLEAN-GLOBAL-20260624	400	DRAFT_IMPORT_PENDING_REVIEW	docs/registry/batch-intake-working-queues/gpmc_clean_global_track_working_queue_20260624.tsv	401	TRACK_RECORD_NOT_CREATED	TRACK_ID_NOT_ASSIGNED	PUBLIC_TITLE_DRAFT_ONLY	PIX_NOT_CREATED	LT_PIX_NOT_CREATED	KKR_NOT_STARTED	CI_NOT_CREATED	Generated from conservative clean/global working queue; draft only; no final registry action.	452	gpm_stl.csv	167047497	Me n' My Guitar - INSTRO - Lt BGVs	Me n' My Guitar - INSTRO - Lt BGVs - INSTRO	G Putnam Music	Busting Out	0:03:23	117.0	Mod Country	YES	GLOBAL_INSTRO_STANDARD	GLOBAL_STANDARD_APPLIED	GLOBAL_INSTRO_STANDARD	
GPMC-REG-IMPORT-DRAFT-CLEAN-GLOBAL-20260624	401	DRAFT_IMPORT_PENDING_REVIEW	docs/registry/batch-intake-working-queues/gpmc_clean_global_track_working_queue_20260624.tsv	402	TRACK_RECORD_NOT_CREATED	TRACK_ID_NOT_ASSIGNED	PUBLIC_TITLE_DRAFT_ONLY	PIX_NOT_CREATED	LT_PIX_NOT_CREATED	KKR_NOT_STARTED	CI_NOT_CREATED	Generated from conservative clean/global working queue; draft only; no final registry action.	453	gpm_stl.csv	167047499	The Merry Man - INSTRO	The Merry Man - INSTRO	G Putnam Music	Busting Out	0:01:11	120.0	Film	YES	GLOBAL_INSTRO_STANDARD	GLOBAL_STANDARD_APPLIED	GLOBAL_INSTRO_STANDARD	
GPMC-REG-IMPORT-DRAFT-CLEAN-GLOBAL-20260624	402	DRAFT_IMPORT_PENDING_REVIEW	docs/registry/batch-intake-working-queues/gpmc_clean_global_track_working_queue_20260624.tsv	403	TRACK_RECORD_NOT_CREATED	TRACK_ID_NOT_ASSIGNED	PUBLIC_TITLE_DRAFT_ONLY	PIX_NOT_CREATED	LT_PIX_NOT_CREATED	KKR_NOT_STARTED	CI_NOT_CREATED	Generated from conservative clean/global working queue; draft only; no final registry action.	454	gpm_stl.csv	167047503	Midnight Melody - INSTRO	Midnight Melody - INSTRO	G Putnam Music	Thrilling Feeling	0:05:39	135.0	Film	YES	GLOBAL_INSTRO_STANDARD	GLOBAL_STANDARD_APPLIED	GLOBAL_INSTRO_STANDARD	
GPMC-REG-IMPORT-DRAFT-CLEAN-GLOBAL-20260624	403	DRAFT_IMPORT_PENDING_REVIEW	docs/registry/batch-intake-working-queues/gpmc_clean_global_track_working_queue_20260624.tsv	404	TRACK_RECORD_NOT_CREATED	TRACK_ID_NOT_ASSIGNED	PUBLIC_TITLE_DRAFT_ONLY	PIX_NOT_CREATED	LT_PIX_NOT_CREATED	KKR_NOT_STARTED	CI_NOT_CREATED	Generated from conservative clean/global working queue; draft only; no final registry action.	455	gpm_stl.csv	167047507	Misty Midnight Blue - INSTRO	Misty Midnight Blue - INSTRO	G Putnam Music	Remembering Forgetting	0:03:19	109.0	Indie Rock	YES	GLOBAL_INSTRO_STANDARD	GLOBAL_STANDARD_APPLIED	GLOBAL_INSTRO_STANDARD	
GPMC-REG-IMPORT-DRAFT-CLEAN-GLOBAL-20260624	404	DRAFT_IMPORT_PENDING_REVIEW	docs/registry/batch-intake-working-queues/gpmc_clean_global_track_working_queue_20260624.tsv	405	TRACK_RECORD_NOT_CREATED	TRACK_ID_NOT_ASSIGNED	PUBLIC_TITLE_DRAFT_ONLY	PIX_NOT_CREATED	LT_PIX_NOT_CREATED	KKR_NOT_STARTED	CI_NOT_CREATED	Generated from conservative clean/global working queue; draft only; no final registry action.	456	gpm_stl.csv	167047508	Misty Midnight Blue - INSTRO - STRIPPED	Misty Midnight Blue - INSTRO - STRIPPED - INSTRO	G Putnam Music	Desperate & Dirty	0:03:19	110.0	Singer-Songwriter	YES	GLOBAL_INSTRO_STANDARD	GLOBAL_STANDARD_APPLIED	GLOBAL_INSTRO_STANDARD	
GPMC-REG-IMPORT-DRAFT-CLEAN-GLOBAL-20260624	405	DRAFT_IMPORT_PENDING_REVIEW	docs/registry/batch-intake-working-queues/gpmc_clean_global_track_working_queue_20260624.tsv	406	TRACK_RECORD_NOT_CREATED	TRACK_ID_NOT_ASSIGNED	PUBLIC_TITLE_DRAFT_ONLY	PIX_NOT_CREATED	LT_PIX_NOT_CREATED	KKR_NOT_STARTED	CI_NOT_CREATED	Generated from conservative clean/global working queue; draft only; no final registry action.	457	gpm_stl.csv	167047510	More Than One Way	More Than One Way	KLEIGH	Doin’ the Ev’ryday	0:04:21	99.0	Alt Rock, Folk	YES		BATCH_CLEAN_PENDING_REVIEW		
GPMC-REG-IMPORT-DRAFT-CLEAN-GLOBAL-20260624	406	DRAFT_IMPORT_PENDING_REVIEW	docs/registry/batch-intake-working-queues/gpmc_clean_global_track_working_queue_20260624.tsv	407	TRACK_RECORD_NOT_CREATED	TRACK_ID_NOT_ASSIGNED	PUBLIC_TITLE_DRAFT_ONLY	PIX_NOT_CREATED	LT_PIX_NOT_CREATED	KKR_NOT_STARTED	CI_NOT_CREATED	Generated from conservative clean/global working queue; draft only; no final registry action.	458	gpm_stl.csv	167047524	Music Is Awesome - INSTRO	Music Is Awesome - INSTRO	G Putnam Music	Cinema	0:06:02	120.0	TV/Film, AHs	YES	GLOBAL_INSTRO_STANDARD	GLOBAL_STANDARD_APPLIED	GLOBAL_INSTRO_STANDARD	
GPMC-REG-IMPORT-DRAFT-CLEAN-GLOBAL-20260624	407	DRAFT_IMPORT_PENDING_REVIEW	docs/registry/batch-intake-working-queues/gpmc_clean_global_track_working_queue_20260624.tsv	408	TRACK_RECORD_NOT_CREATED	TRACK_ID_NOT_ASSIGNED	PUBLIC_TITLE_DRAFT_ONLY	PIX_NOT_CREATED	LT_PIX_NOT_CREATED	KKR_NOT_STARTED	CI_NOT_CREATED	Generated from conservative clean/global working queue; draft only; no final registry action.	459	gpm_stl.csv	167047530	My All	My All	KLEIGH	Beautiful World	0:05:35	82.0	Singer Songwriter	YES		BATCH_CLEAN_PENDING_REVIEW		
GPMC-REG-IMPORT-DRAFT-CLEAN-GLOBAL-20260624	408	DRAFT_IMPORT_PENDING_REVIEW	docs/registry/batch-intake-working-queues/gpmc_clean_global_track_working_queue_20260624.tsv	409	TRACK_RECORD_NOT_CREATED	TRACK_ID_NOT_ASSIGNED	PUBLIC_TITLE_DRAFT_ONLY	PIX_NOT_CREATED	LT_PIX_NOT_CREATED	KKR_NOT_STARTED	CI_NOT_CREATED	Generated from conservative clean/global working queue; draft only; no final registry action.	460	gpm_stl.csv	167047534	My Life Is Yours My Lady - INSTRO	My Life Is Yours My Lady - INSTRO	G Putnam Music	Caught Off Guard	0:06:03	139.0	Film	YES	GLOBAL_INSTRO_STANDARD	GLOBAL_STANDARD_APPLIED	GLOBAL_INSTRO_STANDARD	
GPMC-REG-IMPORT-DRAFT-CLEAN-GLOBAL-20260624	409	DRAFT_IMPORT_PENDING_REVIEW	docs/registry/batch-intake-working-queues/gpmc_clean_global_track_working_queue_20260624.tsv	410	TRACK_RECORD_NOT_CREATED	TRACK_ID_NOT_ASSIGNED	PUBLIC_TITLE_DRAFT_ONLY	PIX_NOT_CREATED	LT_PIX_NOT_CREATED	KKR_NOT_STARTED	CI_NOT_CREATED	Generated from conservative clean/global working queue; draft only; no final registry action.	461	gpm_stl.csv	167047538	My Sword Is Yours - INSTRO	My Sword Is Yours - INSTRO	G Putnam Music	TV/Film	0:03:43	104.0	Symphony	YES	GLOBAL_INSTRO_STANDARD	GLOBAL_STANDARD_APPLIED	GLOBAL_INSTRO_STANDARD	
GPMC-REG-IMPORT-DRAFT-CLEAN-GLOBAL-20260624	410	DRAFT_IMPORT_PENDING_REVIEW	docs/registry/batch-intake-working-queues/gpmc_clean_global_track_working_queue_20260624.tsv	411	TRACK_RECORD_NOT_CREATED	TRACK_ID_NOT_ASSIGNED	PUBLIC_TITLE_DRAFT_ONLY	PIX_NOT_CREATED	LT_PIX_NOT_CREATED	KKR_NOT_STARTED	CI_NOT_CREATED	Generated from conservative clean/global working queue; draft only; no final registry action.	463	gpm_stl.csv	167047545	Never Ever Ever	Never Ever Ever	KLEIGH	Go for the Heart	0:04:50		Singer-Songwriter	YES		BATCH_CLEAN_PENDING_REVIEW		
GPMC-REG-IMPORT-DRAFT-CLEAN-GLOBAL-20260624	411	DRAFT_IMPORT_PENDING_REVIEW	docs/registry/batch-intake-working-queues/gpmc_clean_global_track_working_queue_20260624.tsv	412	TRACK_RECORD_NOT_CREATED	TRACK_ID_NOT_ASSIGNED	PUBLIC_TITLE_DRAFT_ONLY	PIX_NOT_CREATED	LT_PIX_NOT_CREATED	KKR_NOT_STARTED	CI_NOT_CREATED	Generated from conservative clean/global working queue; draft only; no final registry action.	464	gpm_stl.csv	167047553	No Rest For Vengeance - INSTRO	No Rest For Vengeance - INSTRO	G Putnam Music	Thrilling Feeling	0:06:13	120.0	Film	YES	GLOBAL_INSTRO_STANDARD	GLOBAL_STANDARD_APPLIED	GLOBAL_INSTRO_STANDARD	
GPMC-REG-IMPORT-DRAFT-CLEAN-GLOBAL-20260624	412	DRAFT_IMPORT_PENDING_REVIEW	docs/registry/batch-intake-working-queues/gpmc_clean_global_track_working_queue_20260624.tsv	413	TRACK_RECORD_NOT_CREATED	TRACK_ID_NOT_ASSIGNED	PUBLIC_TITLE_DRAFT_ONLY	PIX_NOT_CREATED	LT_PIX_NOT_CREATED	KKR_NOT_STARTED	CI_NOT_CREATED	Generated from conservative clean/global working queue; draft only; no final registry action.	465	gpm_stl.csv	167047556	noodle - INSTRO	noodle - INSTRO	G Putnam Music	Busting Out	0:03:39	80.0	Cinema, TV/Film	YES	GLOBAL_INSTRO_STANDARD	GLOBAL_STANDARD_APPLIED	GLOBAL_INSTRO_STANDARD	
GPMC-REG-IMPORT-DRAFT-CLEAN-GLOBAL-20260624	413	DRAFT_IMPORT_PENDING_REVIEW	docs/registry/batch-intake-working-queues/gpmc_clean_global_track_working_queue_20260624.tsv	414	TRACK_RECORD_NOT_CREATED	TRACK_ID_NOT_ASSIGNED	PUBLIC_TITLE_DRAFT_ONLY	PIX_NOT_CREATED	LT_PIX_NOT_CREATED	KKR_NOT_STARTED	CI_NOT_CREATED	Generated from conservative clean/global working queue; draft only; no final registry action.	466	gpm_stl.csv	167047562	Normandy Battle - INSTRO	Normandy Battle - INSTRO	G Putnam Music	TV/Film	0:05:54	129.0	Symphony	YES	GLOBAL_INSTRO_STANDARD	GLOBAL_STANDARD_APPLIED	GLOBAL_INSTRO_STANDARD	
GPMC-REG-IMPORT-DRAFT-CLEAN-GLOBAL-20260624	414	DRAFT_IMPORT_PENDING_REVIEW	docs/registry/batch-intake-working-queues/gpmc_clean_global_track_working_queue_20260624.tsv	415	TRACK_RECORD_NOT_CREATED	TRACK_ID_NOT_ASSIGNED	PUBLIC_TITLE_DRAFT_ONLY	PIX_NOT_CREATED	LT_PIX_NOT_CREATED	KKR_NOT_STARTED	CI_NOT_CREATED	Generated from conservative clean/global working queue; draft only; no final registry action.	467	gpm_stl.csv	167047570	Not Bad Just Sad  - INSTRO	Not Bad Just Sad - INSTRO	Michael Scherer	Scherer Delight	0:02:42		Jazz	YES	GLOBAL_INSTRO_STANDARD	GLOBAL_STANDARD_APPLIED	GLOBAL_INSTRO_STANDARD	
GPMC-REG-IMPORT-DRAFT-CLEAN-GLOBAL-20260624	415	DRAFT_IMPORT_PENDING_REVIEW	docs/registry/batch-intake-working-queues/gpmc_clean_global_track_working_queue_20260624.tsv	416	TRACK_RECORD_NOT_CREATED	TRACK_ID_NOT_ASSIGNED	PUBLIC_TITLE_DRAFT_ONLY	PIX_NOT_CREATED	LT_PIX_NOT_CREATED	KKR_NOT_STARTED	CI_NOT_CREATED	Generated from conservative clean/global working queue; draft only; no final registry action.	468	gpm_stl.csv	167047583	Now - INSTRO	Now - INSTRO	G Putnam Music	Thrilling Feeling	0:04:22	109.0	Rock	YES	GLOBAL_INSTRO_STANDARD	GLOBAL_STANDARD_APPLIED	GLOBAL_INSTRO_STANDARD	
GPMC-REG-IMPORT-DRAFT-CLEAN-GLOBAL-20260624	416	DRAFT_IMPORT_PENDING_REVIEW	docs/registry/batch-intake-working-queues/gpmc_clean_global_track_working_queue_20260624.tsv	417	TRACK_RECORD_NOT_CREATED	TRACK_ID_NOT_ASSIGNED	PUBLIC_TITLE_DRAFT_ONLY	PIX_NOT_CREATED	LT_PIX_NOT_CREATED	KKR_NOT_STARTED	CI_NOT_CREATED	Generated from conservative clean/global working queue; draft only; no final registry action.	470	gpm_stl.csv	167047626	October - INSTRO	October - INSTRO	G Putnam Music	Slight Light	0:03:59		Indie	YES	GLOBAL_INSTRO_STANDARD	GLOBAL_STANDARD_APPLIED	GLOBAL_INSTRO_STANDARD	
GPMC-REG-IMPORT-DRAFT-CLEAN-GLOBAL-20260624	417	DRAFT_IMPORT_PENDING_REVIEW	docs/registry/batch-intake-working-queues/gpmc_clean_global_track_working_queue_20260624.tsv	418	TRACK_RECORD_NOT_CREATED	TRACK_ID_NOT_ASSIGNED	PUBLIC_TITLE_DRAFT_ONLY	PIX_NOT_CREATED	LT_PIX_NOT_CREATED	KKR_NOT_STARTED	CI_NOT_CREATED	Generated from conservative clean/global working queue; draft only; no final registry action.	471	gpm_stl.csv	167047652	OH SO CASUALLY-RACHEL	OH SO CASUALLY-RACHEL	Rachel Sharnett	Sexy Swagger	0:03:27	91.0	Country/Rock	YES		BATCH_CLEAN_PENDING_REVIEW		
GPMC-REG-IMPORT-DRAFT-CLEAN-GLOBAL-20260624	418	DRAFT_IMPORT_PENDING_REVIEW	docs/registry/batch-intake-working-queues/gpmc_clean_global_track_working_queue_20260624.tsv	419	TRACK_RECORD_NOT_CREATED	TRACK_ID_NOT_ASSIGNED	PUBLIC_TITLE_DRAFT_ONLY	PIX_NOT_CREATED	LT_PIX_NOT_CREATED	KKR_NOT_STARTED	CI_NOT_CREATED	Generated from conservative clean/global working queue; draft only; no final registry action.	472	gpm_stl.csv	167047655	On My Way	On My Way	KLEIGH	We Got This	0:03:51	95.0	Alt Rock	YES		BATCH_CLEAN_PENDING_REVIEW		
GPMC-REG-IMPORT-DRAFT-CLEAN-GLOBAL-20260624	419	DRAFT_IMPORT_PENDING_REVIEW	docs/registry/batch-intake-working-queues/gpmc_clean_global_track_working_queue_20260624.tsv	420	TRACK_RECORD_NOT_CREATED	TRACK_ID_NOT_ASSIGNED	PUBLIC_TITLE_DRAFT_ONLY	PIX_NOT_CREATED	LT_PIX_NOT_CREATED	KKR_NOT_STARTED	CI_NOT_CREATED	Generated from conservative clean/global working queue; draft only; no final registry action.	474	gpm_stl.csv	167047665	Still  Missing You - INSTRO	Still  Missing You - INSTRO	Michael Scherer	He Has Jazz	0:02:25	95.0	Jazz	YES	GLOBAL_INSTRO_STANDARD	GLOBAL_STANDARD_APPLIED	GLOBAL_INSTRO_STANDARD	
GPMC-REG-IMPORT-DRAFT-CLEAN-GLOBAL-20260624	420	DRAFT_IMPORT_PENDING_REVIEW	docs/registry/batch-intake-working-queues/gpmc_clean_global_track_working_queue_20260624.tsv	421	TRACK_RECORD_NOT_CREATED	TRACK_ID_NOT_ASSIGNED	PUBLIC_TITLE_DRAFT_ONLY	PIX_NOT_CREATED	LT_PIX_NOT_CREATED	KKR_NOT_STARTED	CI_NOT_CREATED	Generated from conservative clean/global working queue; draft only; no final registry action.	475	gpm_stl.csv	167047666	Only Wanna Be with You	Only Wanna Be with You	KLEIGH	Lovin’ Loving	0:06:35	85.0	PROG Rock	YES		BATCH_CLEAN_PENDING_REVIEW		
GPMC-REG-IMPORT-DRAFT-CLEAN-GLOBAL-20260624	421	DRAFT_IMPORT_PENDING_REVIEW	docs/registry/batch-intake-working-queues/gpmc_clean_global_track_working_queue_20260624.tsv	422	TRACK_RECORD_NOT_CREATED	TRACK_ID_NOT_ASSIGNED	PUBLIC_TITLE_DRAFT_ONLY	PIX_NOT_CREATED	LT_PIX_NOT_CREATED	KKR_NOT_STARTED	CI_NOT_CREATED	Generated from conservative clean/global working queue; draft only; no final registry action.	476	gpm_stl.csv	167047668	OVER UNDER Ballad	OVER UNDER Ballad	Michael Scherer	Scherer Desire	0:01:01		Jazz	YES		BATCH_CLEAN_PENDING_REVIEW		
GPMC-REG-IMPORT-DRAFT-CLEAN-GLOBAL-20260624	422	DRAFT_IMPORT_PENDING_REVIEW	docs/registry/batch-intake-working-queues/gpmc_clean_global_track_working_queue_20260624.tsv	423	TRACK_RECORD_NOT_CREATED	TRACK_ID_NOT_ASSIGNED	PUBLIC_TITLE_DRAFT_ONLY	PIX_NOT_CREATED	LT_PIX_NOT_CREATED	KKR_NOT_STARTED	CI_NOT_CREATED	Generated from conservative clean/global working queue; draft only; no final registry action.	477	gpm_stl.csv	167047671	Over and Over	Over and Over	KLEIGH	Go for the Heart	0:03:41	96.0	Alt Rock	YES		BATCH_CLEAN_PENDING_REVIEW		
GPMC-REG-IMPORT-DRAFT-CLEAN-GLOBAL-20260624	423	DRAFT_IMPORT_PENDING_REVIEW	docs/registry/batch-intake-working-queues/gpmc_clean_global_track_working_queue_20260624.tsv	424	TRACK_RECORD_NOT_CREATED	TRACK_ID_NOT_ASSIGNED	PUBLIC_TITLE_DRAFT_ONLY	PIX_NOT_CREATED	LT_PIX_NOT_CREATED	KKR_NOT_STARTED	CI_NOT_CREATED	Generated from conservative clean/global working queue; draft only; no final registry action.	478	gpm_stl.csv	167047672	Overtaken - INSTRO	Overtaken - INSTRO	G Putnam Music	Cinema	0:05:18	143.0	Film	YES	GLOBAL_INSTRO_STANDARD	GLOBAL_STANDARD_APPLIED	GLOBAL_INSTRO_STANDARD	
GPMC-REG-IMPORT-DRAFT-CLEAN-GLOBAL-20260624	424	DRAFT_IMPORT_PENDING_REVIEW	docs/registry/batch-intake-working-queues/gpmc_clean_global_track_working_queue_20260624.tsv	425	TRACK_RECORD_NOT_CREATED	TRACK_ID_NOT_ASSIGNED	PUBLIC_TITLE_DRAFT_ONLY	PIX_NOT_CREATED	LT_PIX_NOT_CREATED	KKR_NOT_STARTED	CI_NOT_CREATED	Generated from conservative clean/global working queue; draft only; no final registry action.	479	gpm_stl.csv	167047674	Paradise - INSTRO	Paradise - INSTRO	G Putnam Music	Cinema	0:04:47		Film	YES	GLOBAL_INSTRO_STANDARD	GLOBAL_STANDARD_APPLIED	GLOBAL_INSTRO_STANDARD	
GPMC-REG-IMPORT-DRAFT-CLEAN-GLOBAL-20260624	425	DRAFT_IMPORT_PENDING_REVIEW	docs/registry/batch-intake-working-queues/gpmc_clean_global_track_working_queue_20260624.tsv	426	TRACK_RECORD_NOT_CREATED	TRACK_ID_NOT_ASSIGNED	PUBLIC_TITLE_DRAFT_ONLY	PIX_NOT_CREATED	LT_PIX_NOT_CREATED	KKR_NOT_STARTED	CI_NOT_CREATED	Generated from conservative clean/global working queue; draft only; no final registry action.	481	gpm_stl.csv	167047686	PAST TENNESSEE - Stripped	PAST TENNESSEE - Stripped	Simon Webb	Festive	0:03:34	151.0	Country	YES		BATCH_CLEAN_PENDING_REVIEW		
GPMC-REG-IMPORT-DRAFT-CLEAN-GLOBAL-20260624	426	DRAFT_IMPORT_PENDING_REVIEW	docs/registry/batch-intake-working-queues/gpmc_clean_global_track_working_queue_20260624.tsv	427	TRACK_RECORD_NOT_CREATED	TRACK_ID_NOT_ASSIGNED	PUBLIC_TITLE_DRAFT_ONLY	PIX_NOT_CREATED	LT_PIX_NOT_CREATED	KKR_NOT_STARTED	CI_NOT_CREATED	Generated from conservative clean/global working queue; draft only; no final registry action.	482	gpm_stl.csv	167047734	Peter Jackson - INSTRO	Peter Jackson - INSTRO	G Putnam Music	Cinema	0:04:27	139.0	TV/Film	YES	GLOBAL_INSTRO_STANDARD	GLOBAL_STANDARD_APPLIED	GLOBAL_INSTRO_STANDARD	
GPMC-REG-IMPORT-DRAFT-CLEAN-GLOBAL-20260624	427	DRAFT_IMPORT_PENDING_REVIEW	docs/registry/batch-intake-working-queues/gpmc_clean_global_track_working_queue_20260624.tsv	428	TRACK_RECORD_NOT_CREATED	TRACK_ID_NOT_ASSIGNED	PUBLIC_TITLE_DRAFT_ONLY	PIX_NOT_CREATED	LT_PIX_NOT_CREATED	KKR_NOT_STARTED	CI_NOT_CREATED	Generated from conservative clean/global working queue; draft only; no final registry action.	483	gpm_stl.csv	167047827	Poppin' Out - INSTRO	Poppin' Out - INSTRO	Michael Scherer	He Has Jazz	0:04:50	147.0	Jazz	YES	GLOBAL_INSTRO_STANDARD	GLOBAL_STANDARD_APPLIED	GLOBAL_INSTRO_STANDARD	
GPMC-REG-IMPORT-DRAFT-CLEAN-GLOBAL-20260624	428	DRAFT_IMPORT_PENDING_REVIEW	docs/registry/batch-intake-working-queues/gpmc_clean_global_track_working_queue_20260624.tsv	429	TRACK_RECORD_NOT_CREATED	TRACK_ID_NOT_ASSIGNED	PUBLIC_TITLE_DRAFT_ONLY	PIX_NOT_CREATED	LT_PIX_NOT_CREATED	KKR_NOT_STARTED	CI_NOT_CREATED	Generated from conservative clean/global working queue; draft only; no final registry action.	484	gpm_stl.csv	167047830	The Rain It Falls - INSTRO	The Rain It Falls - INSTRO	G Putnam Music	For Real?	0:03:10		Symphony	YES	GLOBAL_INSTRO_STANDARD	GLOBAL_STANDARD_APPLIED	GLOBAL_INSTRO_STANDARD	
GPMC-REG-IMPORT-DRAFT-CLEAN-GLOBAL-20260624	429	DRAFT_IMPORT_PENDING_REVIEW	docs/registry/batch-intake-working-queues/gpmc_clean_global_track_working_queue_20260624.tsv	430	TRACK_RECORD_NOT_CREATED	TRACK_ID_NOT_ASSIGNED	PUBLIC_TITLE_DRAFT_ONLY	PIX_NOT_CREATED	LT_PIX_NOT_CREATED	KKR_NOT_STARTED	CI_NOT_CREATED	Generated from conservative clean/global working queue; draft only; no final registry action.	486	gpm_stl.csv	167047860	01 Shooting Star	01 Shooting Star	KLEIGH	G Putnam Music	0:04:11	120.0		YES		BATCH_CLEAN_PENDING_REVIEW		
GPMC-REG-IMPORT-DRAFT-CLEAN-GLOBAL-20260624	430	DRAFT_IMPORT_PENDING_REVIEW	docs/registry/batch-intake-working-queues/gpmc_clean_global_track_working_queue_20260624.tsv	431	TRACK_RECORD_NOT_CREATED	TRACK_ID_NOT_ASSIGNED	PUBLIC_TITLE_DRAFT_ONLY	PIX_NOT_CREATED	LT_PIX_NOT_CREATED	KKR_NOT_STARTED	CI_NOT_CREATED	Generated from conservative clean/global working queue; draft only; no final registry action.	487	gpm_stl.csv	167047865	SEMI-SWEET SAM	SEMI-SWEET SAM	Karen Bair	Scratch	0:03:08	151.0	TRAD Country	YES		BATCH_CLEAN_PENDING_REVIEW		
GPMC-REG-IMPORT-DRAFT-CLEAN-GLOBAL-20260624	431	DRAFT_IMPORT_PENDING_REVIEW	docs/registry/batch-intake-working-queues/gpmc_clean_global_track_working_queue_20260624.tsv	432	TRACK_RECORD_NOT_CREATED	TRACK_ID_NOT_ASSIGNED	PUBLIC_TITLE_DRAFT_ONLY	PIX_NOT_CREATED	LT_PIX_NOT_CREATED	KKR_NOT_STARTED	CI_NOT_CREATED	Generated from conservative clean/global working queue; draft only; no final registry action.	488	gpm_stl.csv	167047867	SING ME - Piano Short - INSTRO	SING ME - Piano Short - INSTRO	Michael Scherer	Scherer Desire	0:00:32	120.0	JazzHERE FOR YOUR EAR!  Let's please chat.    ONE STOP  G Putnam Music, LLC  Contact Greg Putnam @ 309-530-4626  contact@musicmaykers.com   ASCAP 802139278 (Writer)   ASCAP 848819778 (Publisher)  Featured songwriter recognized by TRO-ESSEX  Several placements in past year.     Thanks for listening!  Greg	YES	GLOBAL_INSTRO_STANDARD	GLOBAL_STANDARD_APPLIED	GLOBAL_INSTRO_STANDARD	
GPMC-REG-IMPORT-DRAFT-CLEAN-GLOBAL-20260624	432	DRAFT_IMPORT_PENDING_REVIEW	docs/registry/batch-intake-working-queues/gpmc_clean_global_track_working_queue_20260624.tsv	433	TRACK_RECORD_NOT_CREATED	TRACK_ID_NOT_ASSIGNED	PUBLIC_TITLE_DRAFT_ONLY	PIX_NOT_CREATED	LT_PIX_NOT_CREATED	KKR_NOT_STARTED	CI_NOT_CREATED	Generated from conservative clean/global working queue; draft only; no final registry action.	489	gpm_stl.csv	167047868	Snazzy Times  - INSTRO	Snazzy Times - INSTRO	Michael Scherer	He Has Jazz	0:01:02	103.0	Jazz	YES	GLOBAL_INSTRO_STANDARD	GLOBAL_STANDARD_APPLIED	GLOBAL_INSTRO_STANDARD	
GPMC-REG-IMPORT-DRAFT-CLEAN-GLOBAL-20260624	433	DRAFT_IMPORT_PENDING_REVIEW	docs/registry/batch-intake-working-queues/gpmc_clean_global_track_working_queue_20260624.tsv	434	TRACK_RECORD_NOT_CREATED	TRACK_ID_NOT_ASSIGNED	PUBLIC_TITLE_DRAFT_ONLY	PIX_NOT_CREATED	LT_PIX_NOT_CREATED	KKR_NOT_STARTED	CI_NOT_CREATED	Generated from conservative clean/global working queue; draft only; no final registry action.	490	gpm_stl.csv	167047887	Soft Touch - INSTRO - Lounge Jazz Trio	Soft Touch - INSTRO - Lounge Jazz Trio - INSTRO	Michael D Scherer	Scherer Delight	0:02:36	110.0	Jazz Trio	YES	GLOBAL_INSTRO_STANDARD	GLOBAL_STANDARD_APPLIED	GLOBAL_INSTRO_STANDARD	
GPMC-REG-IMPORT-DRAFT-CLEAN-GLOBAL-20260624	434	DRAFT_IMPORT_PENDING_REVIEW	docs/registry/batch-intake-working-queues/gpmc_clean_global_track_working_queue_20260624.tsv	435	TRACK_RECORD_NOT_CREATED	TRACK_ID_NOT_ASSIGNED	PUBLIC_TITLE_DRAFT_ONLY	PIX_NOT_CREATED	LT_PIX_NOT_CREATED	KKR_NOT_STARTED	CI_NOT_CREATED	Generated from conservative clean/global working queue; draft only; no final registry action.	491	gpm_stl.csv	167047888	SOFT PIANO THEME Ab Major	SOFT PIANO THEME Ab Major			0:01:06			YES		BATCH_CLEAN_PENDING_REVIEW		
GPMC-REG-IMPORT-DRAFT-CLEAN-GLOBAL-20260624	435	DRAFT_IMPORT_PENDING_REVIEW	docs/registry/batch-intake-working-queues/gpmc_clean_global_track_working_queue_20260624.tsv	436	TRACK_RECORD_NOT_CREATED	TRACK_ID_NOT_ASSIGNED	PUBLIC_TITLE_DRAFT_ONLY	PIX_NOT_CREATED	LT_PIX_NOT_CREATED	KKR_NOT_STARTED	CI_NOT_CREATED	Generated from conservative clean/global working queue; draft only; no final registry action.	492	gpm_stl.csv	167047889	Steel Soldier - INSTRO	Steel Soldier - INSTRO	G Putnam Music	Cinema	0:04:00	109.0	Symphony	YES	GLOBAL_INSTRO_STANDARD	GLOBAL_STANDARD_APPLIED	GLOBAL_INSTRO_STANDARD	
GPMC-REG-IMPORT-DRAFT-CLEAN-GLOBAL-20260624	436	DRAFT_IMPORT_PENDING_REVIEW	docs/registry/batch-intake-working-queues/gpmc_clean_global_track_working_queue_20260624.tsv	437	TRACK_RECORD_NOT_CREATED	TRACK_ID_NOT_ASSIGNED	PUBLIC_TITLE_DRAFT_ONLY	PIX_NOT_CREATED	LT_PIX_NOT_CREATED	KKR_NOT_STARTED	CI_NOT_CREATED	Generated from conservative clean/global working queue; draft only; no final registry action.	493	gpm_stl.csv	167047892	SUNDAY AFTERNOON -  INSTRO bpm	SUNDAY AFTERNOON -  INSTRO bpm - INSTRO	Michael Scherer	He Has Jazz	0:05:07	88.0	Jazz	YES	GLOBAL_INSTRO_STANDARD	GLOBAL_STANDARD_APPLIED	GLOBAL_INSTRO_STANDARD	
GPMC-REG-IMPORT-DRAFT-CLEAN-GLOBAL-20260624	437	DRAFT_IMPORT_PENDING_REVIEW	docs/registry/batch-intake-working-queues/gpmc_clean_global_track_working_queue_20260624.tsv	438	TRACK_RECORD_NOT_CREATED	TRACK_ID_NOT_ASSIGNED	PUBLIC_TITLE_DRAFT_ONLY	PIX_NOT_CREATED	LT_PIX_NOT_CREATED	KKR_NOT_STARTED	CI_NOT_CREATED	Generated from conservative clean/global working queue; draft only; no final registry action.	494	gpm_stl.csv	167047895	LIFE’S A TEST	LIFE’S A TEST	Chris Krause	Cowboy Country	0:03:12	92.0	TRAD Country	YES		BATCH_CLEAN_PENDING_REVIEW		
GPMC-REG-IMPORT-DRAFT-CLEAN-GLOBAL-20260624	438	DRAFT_IMPORT_PENDING_REVIEW	docs/registry/batch-intake-working-queues/gpmc_clean_global_track_working_queue_20260624.tsv	439	TRACK_RECORD_NOT_CREATED	TRACK_ID_NOT_ASSIGNED	PUBLIC_TITLE_DRAFT_ONLY	PIX_NOT_CREATED	LT_PIX_NOT_CREATED	KKR_NOT_STARTED	CI_NOT_CREATED	Generated from conservative clean/global working queue; draft only; no final registry action.	495	gpm_stl.csv	167112028	Blue - INSTRO	Blue - INSTRO	G Putnam Music	Cinema	0:06:36	144.0	TV/Film	YES	GLOBAL_INSTRO_STANDARD	GLOBAL_STANDARD_APPLIED	GLOBAL_INSTRO_STANDARD	
GPMC-REG-IMPORT-DRAFT-CLEAN-GLOBAL-20260624	439	DRAFT_IMPORT_PENDING_REVIEW	docs/registry/batch-intake-working-queues/gpmc_clean_global_track_working_queue_20260624.tsv	440	TRACK_RECORD_NOT_CREATED	TRACK_ID_NOT_ASSIGNED	PUBLIC_TITLE_DRAFT_ONLY	PIX_NOT_CREATED	LT_PIX_NOT_CREATED	KKR_NOT_STARTED	CI_NOT_CREATED	Generated from conservative clean/global working queue; draft only; no final registry action.	496	gpm_stl.csv	167156882	Forever It's Goodbye - INSTRO	Forever It's Goodbye - INSTRO	KLEIGH	Rough House	0:03:38	80.0	Alt Rock, Indie, Singer-Songwriter	YES	GLOBAL_INSTRO_STANDARD	GLOBAL_STANDARD_APPLIED	GLOBAL_INSTRO_STANDARD	
GPMC-REG-IMPORT-DRAFT-CLEAN-GLOBAL-20260624	440	DRAFT_IMPORT_PENDING_REVIEW	docs/registry/batch-intake-working-queues/gpmc_clean_global_track_working_queue_20260624.tsv	441	TRACK_RECORD_NOT_CREATED	TRACK_ID_NOT_ASSIGNED	PUBLIC_TITLE_DRAFT_ONLY	PIX_NOT_CREATED	LT_PIX_NOT_CREATED	KKR_NOT_STARTED	CI_NOT_CREATED	Generated from conservative clean/global working queue; draft only; no final registry action.	497	gpm_stl.csv	167158582	I Know That I Know	I Know That I Know	KLEIGH	Beautiful World	0:04:53	89.0	Alt Rock	YES		BATCH_CLEAN_PENDING_REVIEW		
GPMC-REG-IMPORT-DRAFT-CLEAN-GLOBAL-20260624	441	DRAFT_IMPORT_PENDING_REVIEW	docs/registry/batch-intake-working-queues/gpmc_clean_global_track_working_queue_20260624.tsv	442	TRACK_RECORD_NOT_CREATED	TRACK_ID_NOT_ASSIGNED	PUBLIC_TITLE_DRAFT_ONLY	PIX_NOT_CREATED	LT_PIX_NOT_CREATED	KKR_NOT_STARTED	CI_NOT_CREATED	Generated from conservative clean/global working queue; draft only; no final registry action.	498	gpm_stl.csv	167158879	Into the Blue	Into the Blue	G Putnam Music	Go for the Heart	0:03:17	109.0	TV/Film	YES		BATCH_CLEAN_PENDING_REVIEW		
GPMC-REG-IMPORT-DRAFT-CLEAN-GLOBAL-20260624	442	DRAFT_IMPORT_PENDING_REVIEW	docs/registry/batch-intake-working-queues/gpmc_clean_global_track_working_queue_20260624.tsv	443	TRACK_RECORD_NOT_CREATED	TRACK_ID_NOT_ASSIGNED	PUBLIC_TITLE_DRAFT_ONLY	PIX_NOT_CREATED	LT_PIX_NOT_CREATED	KKR_NOT_STARTED	CI_NOT_CREATED	Generated from conservative clean/global working queue; draft only; no final registry action.	499	gpm_stl.csv	167159652	Little Miss Worry - UNPLUGGED	Little Miss Worry - UNPLUGGED	KLEIGH	Still Walking	0:03:42	143.0	Indie	YES		BATCH_CLEAN_PENDING_REVIEW		
GPMC-REG-IMPORT-DRAFT-CLEAN-GLOBAL-20260624	443	DRAFT_IMPORT_PENDING_REVIEW	docs/registry/batch-intake-working-queues/gpmc_clean_global_track_working_queue_20260624.tsv	444	TRACK_RECORD_NOT_CREATED	TRACK_ID_NOT_ASSIGNED	PUBLIC_TITLE_DRAFT_ONLY	PIX_NOT_CREATED	LT_PIX_NOT_CREATED	KKR_NOT_STARTED	CI_NOT_CREATED	Generated from conservative clean/global working queue; draft only; no final registry action.	500	gpm_stl.csv	167188255	Oh Won't Do It Again - INSTRO	Oh Won't Do It Again - INSTRO	G Putnam Music	Cinema	0:02:36	80.0	Synth, Dark	YES	GLOBAL_INSTRO_STANDARD	GLOBAL_STANDARD_APPLIED	GLOBAL_INSTRO_STANDARD	
GPMC-REG-IMPORT-DRAFT-CLEAN-GLOBAL-20260624	444	DRAFT_IMPORT_PENDING_REVIEW	docs/registry/batch-intake-working-queues/gpmc_clean_global_track_working_queue_20260624.tsv	445	TRACK_RECORD_NOT_CREATED	TRACK_ID_NOT_ASSIGNED	PUBLIC_TITLE_DRAFT_ONLY	PIX_NOT_CREATED	LT_PIX_NOT_CREATED	KKR_NOT_STARTED	CI_NOT_CREATED	Generated from conservative clean/global working queue; draft only; no final registry action.	503	gpm_stl.csv	167188815	The 3rd Synthetic Adventure - INSTRO	The 3rd Synthetic Adventure - INSTRO	G Putnam Music	Cinema	0:04:21	125.0	TV/Film	YES	GLOBAL_INSTRO_STANDARD	GLOBAL_STANDARD_APPLIED	GLOBAL_INSTRO_STANDARD	
GPMC-REG-IMPORT-DRAFT-CLEAN-GLOBAL-20260624	445	DRAFT_IMPORT_PENDING_REVIEW	docs/registry/batch-intake-working-queues/gpmc_clean_global_track_working_queue_20260624.tsv	446	TRACK_RECORD_NOT_CREATED	TRACK_ID_NOT_ASSIGNED	PUBLIC_TITLE_DRAFT_ONLY	PIX_NOT_CREATED	LT_PIX_NOT_CREATED	KKR_NOT_STARTED	CI_NOT_CREATED	Generated from conservative clean/global working queue; draft only; no final registry action.	504	gpm_stl.csv	167188937	This Puzzle	This Puzzle	Elle Gerdes	Elle’s Bells	0:03:34	87.0	Country/AC	YES		BATCH_CLEAN_PENDING_REVIEW		
GPMC-REG-IMPORT-DRAFT-CLEAN-GLOBAL-20260624	446	DRAFT_IMPORT_PENDING_REVIEW	docs/registry/batch-intake-working-queues/gpmc_clean_global_track_working_queue_20260624.tsv	447	TRACK_RECORD_NOT_CREATED	TRACK_ID_NOT_ASSIGNED	PUBLIC_TITLE_DRAFT_ONLY	PIX_NOT_CREATED	LT_PIX_NOT_CREATED	KKR_NOT_STARTED	CI_NOT_CREATED	Generated from conservative clean/global working queue; draft only; no final registry action.	505	gpm_stl.csv	167188938	This Puzzle - Stripped	This Puzzle - Stripped	Ashleigh Brucker	An Ash Bash	0:03:37	88.0	Country	YES		BATCH_CLEAN_PENDING_REVIEW		
GPMC-REG-IMPORT-DRAFT-CLEAN-GLOBAL-20260624	447	DRAFT_IMPORT_PENDING_REVIEW	docs/registry/batch-intake-working-queues/gpmc_clean_global_track_working_queue_20260624.tsv	448	TRACK_RECORD_NOT_CREATED	TRACK_ID_NOT_ASSIGNED	PUBLIC_TITLE_DRAFT_ONLY	PIX_NOT_CREATED	LT_PIX_NOT_CREATED	KKR_NOT_STARTED	CI_NOT_CREATED	Generated from conservative clean/global working queue; draft only; no final registry action.	507	gpm_stl.csv	167191228	Thinkin' about You	Thinkin' about You	Lilli O'Dowd	Really Lilli	0:02:56	78.0	Power Ballad	YES		BATCH_CLEAN_PENDING_REVIEW		
GPMC-REG-IMPORT-DRAFT-CLEAN-GLOBAL-20260624	448	DRAFT_IMPORT_PENDING_REVIEW	docs/registry/batch-intake-working-queues/gpmc_clean_global_track_working_queue_20260624.tsv	449	TRACK_RECORD_NOT_CREATED	TRACK_ID_NOT_ASSIGNED	PUBLIC_TITLE_DRAFT_ONLY	PIX_NOT_CREATED	LT_PIX_NOT_CREATED	KKR_NOT_STARTED	CI_NOT_CREATED	Generated from conservative clean/global working queue; draft only; no final registry action.	508	gpm_stl.csv	167191331	Those Days	Those Days	KLEIGH	Heart for Heart	0:04:15	89.0	Singer-Songwriter	YES		BATCH_CLEAN_PENDING_REVIEW		
GPMC-REG-IMPORT-DRAFT-CLEAN-GLOBAL-20260624	449	DRAFT_IMPORT_PENDING_REVIEW	docs/registry/batch-intake-working-queues/gpmc_clean_global_track_working_queue_20260624.tsv	450	TRACK_RECORD_NOT_CREATED	TRACK_ID_NOT_ASSIGNED	PUBLIC_TITLE_DRAFT_ONLY	PIX_NOT_CREATED	LT_PIX_NOT_CREATED	KKR_NOT_STARTED	CI_NOT_CREATED	Generated from conservative clean/global working queue; draft only; no final registry action.	509	gpm_stl.csv	167191683	Twist n' Turns - INSTRO	Twist n' Turns - INSTRO	Michael Scherer	He Has Jazz	0:02:54	125.0	Film	YES	GLOBAL_INSTRO_STANDARD	GLOBAL_STANDARD_APPLIED	GLOBAL_INSTRO_STANDARD	
GPMC-REG-IMPORT-DRAFT-CLEAN-GLOBAL-20260624	450	DRAFT_IMPORT_PENDING_REVIEW	docs/registry/batch-intake-working-queues/gpmc_clean_global_track_working_queue_20260624.tsv	451	TRACK_RECORD_NOT_CREATED	TRACK_ID_NOT_ASSIGNED	PUBLIC_TITLE_DRAFT_ONLY	PIX_NOT_CREATED	LT_PIX_NOT_CREATED	KKR_NOT_STARTED	CI_NOT_CREATED	Generated from conservative clean/global working queue; draft only; no final registry action.	510	gpm_stl.csv	167191822	Wanna Know You	Wanna Know You	KLEIGH	Lovin’ Love	0:04:24	97.0	Singer Songwriter	YES		BATCH_CLEAN_PENDING_REVIEW		
GPMC-REG-IMPORT-DRAFT-CLEAN-GLOBAL-20260624	451	DRAFT_IMPORT_PENDING_REVIEW	docs/registry/batch-intake-working-queues/gpmc_clean_global_track_working_queue_20260624.tsv	452	TRACK_RECORD_NOT_CREATED	TRACK_ID_NOT_ASSIGNED	PUBLIC_TITLE_DRAFT_ONLY	PIX_NOT_CREATED	LT_PIX_NOT_CREATED	KKR_NOT_STARTED	CI_NOT_CREATED	Generated from conservative clean/global working queue; draft only; no final registry action.	511	gpm_stl.csv	167191823	The War	The War	KLEIGH	Rough House	0:03:49	84.0	Film	YES		BATCH_CLEAN_PENDING_REVIEW		
GPMC-REG-IMPORT-DRAFT-CLEAN-GLOBAL-20260624	452	DRAFT_IMPORT_PENDING_REVIEW	docs/registry/batch-intake-working-queues/gpmc_clean_global_track_working_queue_20260624.tsv	453	TRACK_RECORD_NOT_CREATED	TRACK_ID_NOT_ASSIGNED	PUBLIC_TITLE_DRAFT_ONLY	PIX_NOT_CREATED	LT_PIX_NOT_CREATED	KKR_NOT_STARTED	CI_NOT_CREATED	Generated from conservative clean/global working queue; draft only; no final registry action.	512	gpm_stl.csv	167191851	A Woman Knows - NS	A Woman Knows - NS	Lisa Perry	Clearly	0:04:28	116.0	TRAD Coutry	YES		BATCH_CLEAN_PENDING_REVIEW		
GPMC-REG-IMPORT-DRAFT-CLEAN-GLOBAL-20260624	453	DRAFT_IMPORT_PENDING_REVIEW	docs/registry/batch-intake-working-queues/gpmc_clean_global_track_working_queue_20260624.tsv	454	TRACK_RECORD_NOT_CREATED	TRACK_ID_NOT_ASSIGNED	PUBLIC_TITLE_DRAFT_ONLY	PIX_NOT_CREATED	LT_PIX_NOT_CREATED	KKR_NOT_STARTED	CI_NOT_CREATED	Generated from conservative clean/global working queue; draft only; no final registry action.	513	gpm_stl.csv	167282487	A Woman Knows - No Steel	A Woman Knows - No Steel	Lisa Perry	G Putnam Music	0:04:28			YES		BATCH_CLEAN_PENDING_REVIEW		
GPMC-REG-IMPORT-DRAFT-CLEAN-GLOBAL-20260624	454	DRAFT_IMPORT_PENDING_REVIEW	docs/registry/batch-intake-working-queues/gpmc_clean_global_track_working_queue_20260624.tsv	455	TRACK_RECORD_NOT_CREATED	TRACK_ID_NOT_ASSIGNED	PUBLIC_TITLE_DRAFT_ONLY	PIX_NOT_CREATED	LT_PIX_NOT_CREATED	KKR_NOT_STARTED	CI_NOT_CREATED	Generated from conservative clean/global working queue; draft only; no final registry action.	514	gpm_stl.csv	167283006	A WOMAN KNOWS	A WOMAN KNOWS	Dyanne Harvey	TRAD Rich n' All	0:04:27	116.0	TRAD Coutry	YES		BATCH_CLEAN_PENDING_REVIEW		
GPMC-REG-IMPORT-DRAFT-CLEAN-GLOBAL-20260624	455	DRAFT_IMPORT_PENDING_REVIEW	docs/registry/batch-intake-working-queues/gpmc_clean_global_track_working_queue_20260624.tsv	456	TRACK_RECORD_NOT_CREATED	TRACK_ID_NOT_ASSIGNED	PUBLIC_TITLE_DRAFT_ONLY	PIX_NOT_CREATED	LT_PIX_NOT_CREATED	KKR_NOT_STARTED	CI_NOT_CREATED	Generated from conservative clean/global working queue; draft only; no final registry action.	515	gpm_stl.csv	167283009	A WOMAN KNOWS - INSTRO	A WOMAN KNOWS - INSTRO	G Putnam Music	Slight Light	0:04:28	116.0	TRAD Coutry	YES	GLOBAL_INSTRO_STANDARD	GLOBAL_STANDARD_APPLIED	GLOBAL_INSTRO_STANDARD	
GPMC-REG-IMPORT-DRAFT-CLEAN-GLOBAL-20260624	456	DRAFT_IMPORT_PENDING_REVIEW	docs/registry/batch-intake-working-queues/gpmc_clean_global_track_working_queue_20260624.tsv	457	TRACK_RECORD_NOT_CREATED	TRACK_ID_NOT_ASSIGNED	PUBLIC_TITLE_DRAFT_ONLY	PIX_NOT_CREATED	LT_PIX_NOT_CREATED	KKR_NOT_STARTED	CI_NOT_CREATED	Generated from conservative clean/global working queue; draft only; no final registry action.	516	gpm_stl.csv	167283567	ALL I WANT IS YOU - INSTRO	ALL I WANT IS YOU - INSTRO	G Putnam Music	Desperate & Dirty	0:03:50	120.0	Country Rock	YES	GLOBAL_INSTRO_STANDARD	GLOBAL_STANDARD_APPLIED	GLOBAL_INSTRO_STANDARD	
GPMC-REG-IMPORT-DRAFT-CLEAN-GLOBAL-20260624	457	DRAFT_IMPORT_PENDING_REVIEW	docs/registry/batch-intake-working-queues/gpmc_clean_global_track_working_queue_20260624.tsv	458	TRACK_RECORD_NOT_CREATED	TRACK_ID_NOT_ASSIGNED	PUBLIC_TITLE_DRAFT_ONLY	PIX_NOT_CREATED	LT_PIX_NOT_CREATED	KKR_NOT_STARTED	CI_NOT_CREATED	Generated from conservative clean/global working queue; draft only; no final registry action.	517	gpm_stl.csv	167434371	I Live For This	I Live For This	Billy Harper	Cowboy Country	0:03:11	89.0	Mod Country	YES		BATCH_CLEAN_PENDING_REVIEW		
GPMC-REG-IMPORT-DRAFT-CLEAN-GLOBAL-20260624	458	DRAFT_IMPORT_PENDING_REVIEW	docs/registry/batch-intake-working-queues/gpmc_clean_global_track_working_queue_20260624.tsv	459	TRACK_RECORD_NOT_CREATED	TRACK_ID_NOT_ASSIGNED	PUBLIC_TITLE_DRAFT_ONLY	PIX_NOT_CREATED	LT_PIX_NOT_CREATED	KKR_NOT_STARTED	CI_NOT_CREATED	Generated from conservative clean/global working queue; draft only; no final registry action.	518	gpm_stl.csv	167505319	You Ain't Sayin' ASH	You Ain't Sayin' ASH	Ashleigh Brucker	An Ash Bash	0:04:03	88.0	Country, Pop	YES		BATCH_CLEAN_PENDING_REVIEW		
GPMC-REG-IMPORT-DRAFT-CLEAN-GLOBAL-20260624	459	DRAFT_IMPORT_PENDING_REVIEW	docs/registry/batch-intake-working-queues/gpmc_clean_global_track_working_queue_20260624.tsv	460	TRACK_RECORD_NOT_CREATED	TRACK_ID_NOT_ASSIGNED	PUBLIC_TITLE_DRAFT_ONLY	PIX_NOT_CREATED	LT_PIX_NOT_CREATED	KKR_NOT_STARTED	CI_NOT_CREATED	Generated from conservative clean/global working queue; draft only; no final registry action.	519	gpm_stl.csv	167505900	That Empty Chair - Radio Edit - INSTRO	That Empty Chair - Radio Edit - INSTRO	G Putnam Music	Slight Light	0:03:34	75.0	Cont Country	YES	GLOBAL_INSTRO_STANDARD	GLOBAL_STANDARD_APPLIED	GLOBAL_INSTRO_STANDARD	
GPMC-REG-IMPORT-DRAFT-CLEAN-GLOBAL-20260624	460	DRAFT_IMPORT_PENDING_REVIEW	docs/registry/batch-intake-working-queues/gpmc_clean_global_track_working_queue_20260624.tsv	461	TRACK_RECORD_NOT_CREATED	TRACK_ID_NOT_ASSIGNED	PUBLIC_TITLE_DRAFT_ONLY	PIX_NOT_CREATED	LT_PIX_NOT_CREATED	KKR_NOT_STARTED	CI_NOT_CREATED	Generated from conservative clean/global working queue; draft only; no final registry action.	520	gpm_stl.csv	167947697	AWAKE	AWAKE	KLEIGH	Universe Of Dreams	0:02:54	120.0	Synth Pop	YES		BATCH_CLEAN_PENDING_REVIEW		
GPMC-REG-IMPORT-DRAFT-CLEAN-GLOBAL-20260624	461	DRAFT_IMPORT_PENDING_REVIEW	docs/registry/batch-intake-working-queues/gpmc_clean_global_track_working_queue_20260624.tsv	462	TRACK_RECORD_NOT_CREATED	TRACK_ID_NOT_ASSIGNED	PUBLIC_TITLE_DRAFT_ONLY	PIX_NOT_CREATED	LT_PIX_NOT_CREATED	KKR_NOT_STARTED	CI_NOT_CREATED	Generated from conservative clean/global working queue; draft only; no final registry action.	521	gpm_stl.csv	167947724	Take Me Away	Take Me Away	KLEIGH	Universe of Dreams	0:03:57	120.0	Synth Pop	YES		BATCH_CLEAN_PENDING_REVIEW		
GPMC-REG-IMPORT-DRAFT-CLEAN-GLOBAL-20260624	462	DRAFT_IMPORT_PENDING_REVIEW	docs/registry/batch-intake-working-queues/gpmc_clean_global_track_working_queue_20260624.tsv	463	TRACK_RECORD_NOT_CREATED	TRACK_ID_NOT_ASSIGNED	PUBLIC_TITLE_DRAFT_ONLY	PIX_NOT_CREATED	LT_PIX_NOT_CREATED	KKR_NOT_STARTED	CI_NOT_CREATED	Generated from conservative clean/global working queue; draft only; no final registry action.	522	gpm_stl.csv	167947802	DIVE RIGHT INTO YOU	DIVE RIGHT INTO YOU	KLEIGH	Universe of Dreams	0:03:36	120.0	Synth Pop	YES		BATCH_CLEAN_PENDING_REVIEW		
GPMC-REG-IMPORT-DRAFT-CLEAN-GLOBAL-20260624	463	DRAFT_IMPORT_PENDING_REVIEW	docs/registry/batch-intake-working-queues/gpmc_clean_global_track_working_queue_20260624.tsv	464	TRACK_RECORD_NOT_CREATED	TRACK_ID_NOT_ASSIGNED	PUBLIC_TITLE_DRAFT_ONLY	PIX_NOT_CREATED	LT_PIX_NOT_CREATED	KKR_NOT_STARTED	CI_NOT_CREATED	Generated from conservative clean/global working queue; draft only; no final registry action.	523	gpm_stl.csv	168275759	Comin' True	Comin' True	G Putnam Music	Coming Up!	0:02:20	134.0	Singer/Songwriter	YES		BATCH_CLEAN_PENDING_REVIEW		
GPMC-REG-IMPORT-DRAFT-CLEAN-GLOBAL-20260624	464	DRAFT_IMPORT_PENDING_REVIEW	docs/registry/batch-intake-working-queues/gpmc_clean_global_track_working_queue_20260624.tsv	465	TRACK_RECORD_NOT_CREATED	TRACK_ID_NOT_ASSIGNED	PUBLIC_TITLE_DRAFT_ONLY	PIX_NOT_CREATED	LT_PIX_NOT_CREATED	KKR_NOT_STARTED	CI_NOT_CREATED	Generated from conservative clean/global working queue; draft only; no final registry action.	524	gpm_stl.csv	168336641	No Luck with Luck	No Luck with Luck	KLEIGH	Beyond Me	0:03:48		Singer-Songwriter	YES		BATCH_CLEAN_PENDING_REVIEW		
GPMC-REG-IMPORT-DRAFT-CLEAN-GLOBAL-20260624	465	DRAFT_IMPORT_PENDING_REVIEW	docs/registry/batch-intake-working-queues/gpmc_clean_global_track_working_queue_20260624.tsv	466	TRACK_RECORD_NOT_CREATED	TRACK_ID_NOT_ASSIGNED	PUBLIC_TITLE_DRAFT_ONLY	PIX_NOT_CREATED	LT_PIX_NOT_CREATED	KKR_NOT_STARTED	CI_NOT_CREATED	Generated from conservative clean/global working queue; draft only; no final registry action.	526	gpm_stl.csv	169636161	ALL LIFE’S ABOUT	ALL LIFE’S ABOUT	Kleigh	Newly New	0:03:55	96.0	Power ballad	YES		BATCH_CLEAN_PENDING_REVIEW		
GPMC-REG-IMPORT-DRAFT-CLEAN-GLOBAL-20260624	466	DRAFT_IMPORT_PENDING_REVIEW	docs/registry/batch-intake-working-queues/gpmc_clean_global_track_working_queue_20260624.tsv	467	TRACK_RECORD_NOT_CREATED	TRACK_ID_NOT_ASSIGNED	PUBLIC_TITLE_DRAFT_ONLY	PIX_NOT_CREATED	LT_PIX_NOT_CREATED	KKR_NOT_STARTED	CI_NOT_CREATED	Generated from conservative clean/global working queue; draft only; no final registry action.	527	gpm_stl.csv	169987482	Is It Us?	Is It Us?	KLEIGH	We're Better than This	0:03:53	84.0	ALT ROCK	YES		BATCH_CLEAN_PENDING_REVIEW		
GPMC-REG-IMPORT-DRAFT-CLEAN-GLOBAL-20260624	467	DRAFT_IMPORT_PENDING_REVIEW	docs/registry/batch-intake-working-queues/gpmc_clean_global_track_working_queue_20260624.tsv	468	TRACK_RECORD_NOT_CREATED	TRACK_ID_NOT_ASSIGNED	PUBLIC_TITLE_DRAFT_ONLY	PIX_NOT_CREATED	LT_PIX_NOT_CREATED	KKR_NOT_STARTED	CI_NOT_CREATED	Generated from conservative clean/global working queue; draft only; no final registry action.	528	gpm_stl.csv	170755269	Fly Again - INSTRO	Fly Again - INSTRO	G Putnam Music	G Putnam Music - INSTRO	0:04:37	109.0	Singer-Songwriter, Alt Rock	YES	GLOBAL_INSTRO_STANDARD	GLOBAL_STANDARD_APPLIED	GLOBAL_INSTRO_STANDARD	
GPMC-REG-IMPORT-DRAFT-CLEAN-GLOBAL-20260624	468	DRAFT_IMPORT_PENDING_REVIEW	docs/registry/batch-intake-working-queues/gpmc_clean_global_track_working_queue_20260624.tsv	469	TRACK_RECORD_NOT_CREATED	TRACK_ID_NOT_ASSIGNED	PUBLIC_TITLE_DRAFT_ONLY	PIX_NOT_CREATED	LT_PIX_NOT_CREATED	KKR_NOT_STARTED	CI_NOT_CREATED	Generated from conservative clean/global working queue; draft only; no final registry action.	529	gpm_stl.csv	170829911	WHERE ARE YOU NOW?	WHERE ARE YOU NOW?	KLEIGH	Memory’s Malice	0:03:33		Singer-Songwriter	YES		BATCH_CLEAN_PENDING_REVIEW		
GPMC-REG-IMPORT-DRAFT-CLEAN-GLOBAL-20260624	469	DRAFT_IMPORT_PENDING_REVIEW	docs/registry/batch-intake-working-queues/gpmc_clean_global_track_working_queue_20260624.tsv	470	TRACK_RECORD_NOT_CREATED	TRACK_ID_NOT_ASSIGNED	PUBLIC_TITLE_DRAFT_ONLY	PIX_NOT_CREATED	LT_PIX_NOT_CREATED	KKR_NOT_STARTED	CI_NOT_CREATED	Generated from conservative clean/global working queue; draft only; no final registry action.	530	gpm_stl.csv	172393407	WALKING ALONE(TOWARD MY DESTINY) - INSTRO	WALKING ALONE(TOWARD MY DESTINY) - INSTRO	G Putnam Music	Still Walking	0:04:36	104.0	Metal, Rock, Alt Rock	YES	GLOBAL_INSTRO_STANDARD	GLOBAL_STANDARD_APPLIED	GLOBAL_INSTRO_STANDARD	
GPMC-REG-IMPORT-DRAFT-CLEAN-GLOBAL-20260624	470	DRAFT_IMPORT_PENDING_REVIEW	docs/registry/batch-intake-working-queues/gpmc_clean_global_track_working_queue_20260624.tsv	471	TRACK_RECORD_NOT_CREATED	TRACK_ID_NOT_ASSIGNED	PUBLIC_TITLE_DRAFT_ONLY	PIX_NOT_CREATED	LT_PIX_NOT_CREATED	KKR_NOT_STARTED	CI_NOT_CREATED	Generated from conservative clean/global working queue; draft only; no final registry action.	531	gpm_stl.csv	172393758	Claustraphobia	Claustraphobia	Kleigh		0:03:32	123.0	Orchestral symphonic	YES		BATCH_CLEAN_PENDING_REVIEW		
GPMC-REG-IMPORT-DRAFT-CLEAN-GLOBAL-20260624	471	DRAFT_IMPORT_PENDING_REVIEW	docs/registry/batch-intake-working-queues/gpmc_clean_global_track_working_queue_20260624.tsv	472	TRACK_RECORD_NOT_CREATED	TRACK_ID_NOT_ASSIGNED	PUBLIC_TITLE_DRAFT_ONLY	PIX_NOT_CREATED	LT_PIX_NOT_CREATED	KKR_NOT_STARTED	CI_NOT_CREATED	Generated from conservative clean/global working queue; draft only; no final registry action.	532	gpm_stl.csv	173843246	Get So Down	Get So Down	KLEIGH	Newly New	0:04:24	69.0	Alt Rock, singer-songwriter	YES		BATCH_CLEAN_PENDING_REVIEW		
GPMC-REG-IMPORT-DRAFT-CLEAN-GLOBAL-20260624	472	DRAFT_IMPORT_PENDING_REVIEW	docs/registry/batch-intake-working-queues/gpmc_clean_global_track_working_queue_20260624.tsv	473	TRACK_RECORD_NOT_CREATED	TRACK_ID_NOT_ASSIGNED	PUBLIC_TITLE_DRAFT_ONLY	PIX_NOT_CREATED	LT_PIX_NOT_CREATED	KKR_NOT_STARTED	CI_NOT_CREATED	Generated from conservative clean/global working queue; draft only; no final registry action.	533	gpm_stl.csv	173897393	I Get So Down	I Get So Down			0:04:24			YES		BATCH_CLEAN_PENDING_REVIEW		
GPMC-REG-IMPORT-DRAFT-CLEAN-GLOBAL-20260624	473	DRAFT_IMPORT_PENDING_REVIEW	docs/registry/batch-intake-working-queues/gpmc_clean_global_track_working_queue_20260624.tsv	474	TRACK_RECORD_NOT_CREATED	TRACK_ID_NOT_ASSIGNED	PUBLIC_TITLE_DRAFT_ONLY	PIX_NOT_CREATED	LT_PIX_NOT_CREATED	KKR_NOT_STARTED	CI_NOT_CREATED	Generated from conservative clean/global working queue; draft only; no final registry action.	537	gpm_stl.csv	174644040	Kleigh - Breathing Serenity	Kleigh - Breathing Serenity			0:03:51			YES		BATCH_CLEAN_PENDING_REVIEW		
GPMC-REG-IMPORT-DRAFT-CLEAN-GLOBAL-20260624	474	DRAFT_IMPORT_PENDING_REVIEW	docs/registry/batch-intake-working-queues/gpmc_clean_global_track_working_queue_20260624.tsv	475	TRACK_RECORD_NOT_CREATED	TRACK_ID_NOT_ASSIGNED	PUBLIC_TITLE_DRAFT_ONLY	PIX_NOT_CREATED	LT_PIX_NOT_CREATED	KKR_NOT_STARTED	CI_NOT_CREATED	Generated from conservative clean/global working queue; draft only; no final registry action.	538	gpm_stl.csv	174644042	Kleigh - Nightfall	Kleigh - Nightfall			0:04:14			YES		BATCH_CLEAN_PENDING_REVIEW		
GPMC-REG-IMPORT-DRAFT-CLEAN-GLOBAL-20260624	475	DRAFT_IMPORT_PENDING_REVIEW	docs/registry/batch-intake-working-queues/gpmc_clean_global_track_working_queue_20260624.tsv	476	TRACK_RECORD_NOT_CREATED	TRACK_ID_NOT_ASSIGNED	PUBLIC_TITLE_DRAFT_ONLY	PIX_NOT_CREATED	LT_PIX_NOT_CREATED	KKR_NOT_STARTED	CI_NOT_CREATED	Generated from conservative clean/global working queue; draft only; no final registry action.	539	gpm_stl.csv	174644047	Kleigh - A Calm Evening	Kleigh - A Calm Evening			0:03:59			YES		BATCH_CLEAN_PENDING_REVIEW		
GPMC-REG-IMPORT-DRAFT-CLEAN-GLOBAL-20260624	476	DRAFT_IMPORT_PENDING_REVIEW	docs/registry/batch-intake-working-queues/gpmc_clean_global_track_working_queue_20260624.tsv	477	TRACK_RECORD_NOT_CREATED	TRACK_ID_NOT_ASSIGNED	PUBLIC_TITLE_DRAFT_ONLY	PIX_NOT_CREATED	LT_PIX_NOT_CREATED	KKR_NOT_STARTED	CI_NOT_CREATED	Generated from conservative clean/global working queue; draft only; no final registry action.	540	gpm_stl.csv	174644049	Kleigh - Reflections	Kleigh - Reflections			0:03:50			YES		BATCH_CLEAN_PENDING_REVIEW		
GPMC-REG-IMPORT-DRAFT-CLEAN-GLOBAL-20260624	477	DRAFT_IMPORT_PENDING_REVIEW	docs/registry/batch-intake-working-queues/gpmc_clean_global_track_working_queue_20260624.tsv	478	TRACK_RECORD_NOT_CREATED	TRACK_ID_NOT_ASSIGNED	PUBLIC_TITLE_DRAFT_ONLY	PIX_NOT_CREATED	LT_PIX_NOT_CREATED	KKR_NOT_STARTED	CI_NOT_CREATED	Generated from conservative clean/global working queue; draft only; no final registry action.	541	gpm_stl.csv	174644050	Kleigh - Optimistic Expectations	Kleigh - Optimistic Expectations			0:04:30			YES		BATCH_CLEAN_PENDING_REVIEW		
GPMC-REG-IMPORT-DRAFT-CLEAN-GLOBAL-20260624	478	DRAFT_IMPORT_PENDING_REVIEW	docs/registry/batch-intake-working-queues/gpmc_clean_global_track_working_queue_20260624.tsv	479	TRACK_RECORD_NOT_CREATED	TRACK_ID_NOT_ASSIGNED	PUBLIC_TITLE_DRAFT_ONLY	PIX_NOT_CREATED	LT_PIX_NOT_CREATED	KKR_NOT_STARTED	CI_NOT_CREATED	Generated from conservative clean/global working queue; draft only; no final registry action.	542	gpm_stl.csv	174644056	Kleigh - Tall Forest	Kleigh - Tall Forest			0:03:54			YES		BATCH_CLEAN_PENDING_REVIEW		
GPMC-REG-IMPORT-DRAFT-CLEAN-GLOBAL-20260624	479	DRAFT_IMPORT_PENDING_REVIEW	docs/registry/batch-intake-working-queues/gpmc_clean_global_track_working_queue_20260624.tsv	480	TRACK_RECORD_NOT_CREATED	TRACK_ID_NOT_ASSIGNED	PUBLIC_TITLE_DRAFT_ONLY	PIX_NOT_CREATED	LT_PIX_NOT_CREATED	KKR_NOT_STARTED	CI_NOT_CREATED	Generated from conservative clean/global working queue; draft only; no final registry action.	543	gpm_stl.csv	174644058	Kleigh - Solace	Kleigh - Solace			0:04:45			YES		BATCH_CLEAN_PENDING_REVIEW		
GPMC-REG-IMPORT-DRAFT-CLEAN-GLOBAL-20260624	480	DRAFT_IMPORT_PENDING_REVIEW	docs/registry/batch-intake-working-queues/gpmc_clean_global_track_working_queue_20260624.tsv	481	TRACK_RECORD_NOT_CREATED	TRACK_ID_NOT_ASSIGNED	PUBLIC_TITLE_DRAFT_ONLY	PIX_NOT_CREATED	LT_PIX_NOT_CREATED	KKR_NOT_STARTED	CI_NOT_CREATED	Generated from conservative clean/global working queue; draft only; no final registry action.	544	gpm_stl.csv	174644060	Kleigh - Waterfall	Kleigh - Waterfall			0:04:52			YES		BATCH_CLEAN_PENDING_REVIEW		
GPMC-REG-IMPORT-DRAFT-CLEAN-GLOBAL-20260624	481	DRAFT_IMPORT_PENDING_REVIEW	docs/registry/batch-intake-working-queues/gpmc_clean_global_track_working_queue_20260624.tsv	482	TRACK_RECORD_NOT_CREATED	TRACK_ID_NOT_ASSIGNED	PUBLIC_TITLE_DRAFT_ONLY	PIX_NOT_CREATED	LT_PIX_NOT_CREATED	KKR_NOT_STARTED	CI_NOT_CREATED	Generated from conservative clean/global working queue; draft only; no final registry action.	545	gpm_stl.csv	174735510	Is-It-Us	Is-It-Us			0:03:53			YES		BATCH_CLEAN_PENDING_REVIEW		
GPMC-REG-IMPORT-DRAFT-CLEAN-GLOBAL-20260624	482	DRAFT_IMPORT_PENDING_REVIEW	docs/registry/batch-intake-working-queues/gpmc_clean_global_track_working_queue_20260624.tsv	483	TRACK_RECORD_NOT_CREATED	TRACK_ID_NOT_ASSIGNED	PUBLIC_TITLE_DRAFT_ONLY	PIX_NOT_CREATED	LT_PIX_NOT_CREATED	KKR_NOT_STARTED	CI_NOT_CREATED	Generated from conservative clean/global working queue; draft only; no final registry action.	546	gpm_stl.csv	174735591	Bought-Into-Your-Game	Bought-Into-Your-Game	KLEIGH	Newly New	0:05:14	87.0	Singer Songwriter	YES		BATCH_CLEAN_PENDING_REVIEW		
GPMC-REG-IMPORT-DRAFT-CLEAN-GLOBAL-20260624	483	DRAFT_IMPORT_PENDING_REVIEW	docs/registry/batch-intake-working-queues/gpmc_clean_global_track_working_queue_20260624.tsv	484	TRACK_RECORD_NOT_CREATED	TRACK_ID_NOT_ASSIGNED	PUBLIC_TITLE_DRAFT_ONLY	PIX_NOT_CREATED	LT_PIX_NOT_CREATED	KKR_NOT_STARTED	CI_NOT_CREATED	Generated from conservative clean/global working queue; draft only; no final registry action.	547	gpm_stl.csv	174809729	Magical Miracle	Magical Miracle	Kleigh	Newly New	0:04:22	61.0	Songwriter Pop	YES		BATCH_CLEAN_PENDING_REVIEW		
GPMC-REG-IMPORT-DRAFT-CLEAN-GLOBAL-20260624	484	DRAFT_IMPORT_PENDING_REVIEW	docs/registry/batch-intake-working-queues/gpmc_clean_global_track_working_queue_20260624.tsv	485	TRACK_RECORD_NOT_CREATED	TRACK_ID_NOT_ASSIGNED	PUBLIC_TITLE_DRAFT_ONLY	PIX_NOT_CREATED	LT_PIX_NOT_CREATED	KKR_NOT_STARTED	CI_NOT_CREATED	Generated from conservative clean/global working queue; draft only; no final registry action.	548	gpm_stl.csv	175174138	AIN'T WASTED TIME	AIN'T WASTED TIME			0:02:40			YES		BATCH_CLEAN_PENDING_REVIEW		
GPMC-REG-IMPORT-DRAFT-CLEAN-GLOBAL-20260624	485	DRAFT_IMPORT_PENDING_REVIEW	docs/registry/batch-intake-working-queues/gpmc_clean_global_track_working_queue_20260624.tsv	486	TRACK_RECORD_NOT_CREATED	TRACK_ID_NOT_ASSIGNED	PUBLIC_TITLE_DRAFT_ONLY	PIX_NOT_CREATED	LT_PIX_NOT_CREATED	KKR_NOT_STARTED	CI_NOT_CREATED	Generated from conservative clean/global working queue; draft only; no final registry action.	549	gpm_stl.csv	175174390	ALL ALONE	ALL ALONE	Zach Jackson	Zach’s Back	0:03:08	96.0		YES		BATCH_CLEAN_PENDING_REVIEW		
GPMC-REG-IMPORT-DRAFT-CLEAN-GLOBAL-20260624	486	DRAFT_IMPORT_PENDING_REVIEW	docs/registry/batch-intake-working-queues/gpmc_clean_global_track_working_queue_20260624.tsv	487	TRACK_RECORD_NOT_CREATED	TRACK_ID_NOT_ASSIGNED	PUBLIC_TITLE_DRAFT_ONLY	PIX_NOT_CREATED	LT_PIX_NOT_CREATED	KKR_NOT_STARTED	CI_NOT_CREATED	Generated from conservative clean/global working queue; draft only; no final registry action.	550	gpm_stl.csv	175177650	ALIVE N' KICKIN'	ALIVE N' KICKIN'			0:02:43			YES		BATCH_CLEAN_PENDING_REVIEW		
GPMC-REG-IMPORT-DRAFT-CLEAN-GLOBAL-20260624	487	DRAFT_IMPORT_PENDING_REVIEW	docs/registry/batch-intake-working-queues/gpmc_clean_global_track_working_queue_20260624.tsv	488	TRACK_RECORD_NOT_CREATED	TRACK_ID_NOT_ASSIGNED	PUBLIC_TITLE_DRAFT_ONLY	PIX_NOT_CREATED	LT_PIX_NOT_CREATED	KKR_NOT_STARTED	CI_NOT_CREATED	Generated from conservative clean/global working queue; draft only; no final registry action.	551	gpm_stl.csv	175178233	BATTLE CRIES	BATTLE CRIES			0:03:37			YES		BATCH_CLEAN_PENDING_REVIEW		
GPMC-REG-IMPORT-DRAFT-CLEAN-GLOBAL-20260624	488	DRAFT_IMPORT_PENDING_REVIEW	docs/registry/batch-intake-working-queues/gpmc_clean_global_track_working_queue_20260624.tsv	489	TRACK_RECORD_NOT_CREATED	TRACK_ID_NOT_ASSIGNED	PUBLIC_TITLE_DRAFT_ONLY	PIX_NOT_CREATED	LT_PIX_NOT_CREATED	KKR_NOT_STARTED	CI_NOT_CREATED	Generated from conservative clean/global working queue; draft only; no final registry action.	552	gpm_stl.csv	175178347	BE TRUSTWORTHY	BE TRUSTWORTHY			0:03:12			YES		BATCH_CLEAN_PENDING_REVIEW		
GPMC-REG-IMPORT-DRAFT-CLEAN-GLOBAL-20260624	489	DRAFT_IMPORT_PENDING_REVIEW	docs/registry/batch-intake-working-queues/gpmc_clean_global_track_working_queue_20260624.tsv	490	TRACK_RECORD_NOT_CREATED	TRACK_ID_NOT_ASSIGNED	PUBLIC_TITLE_DRAFT_ONLY	PIX_NOT_CREATED	LT_PIX_NOT_CREATED	KKR_NOT_STARTED	CI_NOT_CREATED	Generated from conservative clean/global working queue; draft only; no final registry action.	555	gpm_stl.csv	175178876	BIG 'N LOUD-STRIPPED DOWN	BIG 'N LOUD-STRIPPED DOWN			0:04:19			YES		BATCH_CLEAN_PENDING_REVIEW		
GPMC-REG-IMPORT-DRAFT-CLEAN-GLOBAL-20260624	490	DRAFT_IMPORT_PENDING_REVIEW	docs/registry/batch-intake-working-queues/gpmc_clean_global_track_working_queue_20260624.tsv	491	TRACK_RECORD_NOT_CREATED	TRACK_ID_NOT_ASSIGNED	PUBLIC_TITLE_DRAFT_ONLY	PIX_NOT_CREATED	LT_PIX_NOT_CREATED	KKR_NOT_STARTED	CI_NOT_CREATED	Generated from conservative clean/global working queue; draft only; no final registry action.	556	gpm_stl.csv	175178883	BIG 'N LOUD	BIG 'N LOUD			0:04:19			YES		BATCH_CLEAN_PENDING_REVIEW		
GPMC-REG-IMPORT-DRAFT-CLEAN-GLOBAL-20260624	491	DRAFT_IMPORT_PENDING_REVIEW	docs/registry/batch-intake-working-queues/gpmc_clean_global_track_working_queue_20260624.tsv	492	TRACK_RECORD_NOT_CREATED	TRACK_ID_NOT_ASSIGNED	PUBLIC_TITLE_DRAFT_ONLY	PIX_NOT_CREATED	LT_PIX_NOT_CREATED	KKR_NOT_STARTED	CI_NOT_CREATED	Generated from conservative clean/global working queue; draft only; no final registry action.	563	gpm_stl.csv	175180849	DON'T CALL IT LOVE	DON'T CALL IT LOVE			0:03:10			YES		BATCH_CLEAN_PENDING_REVIEW		
GPMC-REG-IMPORT-DRAFT-CLEAN-GLOBAL-20260624	492	DRAFT_IMPORT_PENDING_REVIEW	docs/registry/batch-intake-working-queues/gpmc_clean_global_track_working_queue_20260624.tsv	493	TRACK_RECORD_NOT_CREATED	TRACK_ID_NOT_ASSIGNED	PUBLIC_TITLE_DRAFT_ONLY	PIX_NOT_CREATED	LT_PIX_NOT_CREATED	KKR_NOT_STARTED	CI_NOT_CREATED	Generated from conservative clean/global working queue; draft only; no final registry action.	564	gpm_stl.csv	175181059	I LIVE FOR THIS - Exclusive to SpiderCues	I LIVE FOR THIS - Exclusive to SpiderCues	G Putnam Music	Male	0:03:11	90.0	Americana,Country	YES		BATCH_CLEAN_PENDING_REVIEW		
GPMC-REG-IMPORT-DRAFT-CLEAN-GLOBAL-20260624	493	DRAFT_IMPORT_PENDING_REVIEW	docs/registry/batch-intake-working-queues/gpmc_clean_global_track_working_queue_20260624.tsv	494	TRACK_RECORD_NOT_CREATED	TRACK_ID_NOT_ASSIGNED	PUBLIC_TITLE_DRAFT_ONLY	PIX_NOT_CREATED	LT_PIX_NOT_CREATED	KKR_NOT_STARTED	CI_NOT_CREATED	Generated from conservative clean/global working queue; draft only; no final registry action.	565	gpm_stl.csv	175181060	HAD ME BELIEVIN' - Exclusive to SpiderCues	HAD ME BELIEVIN' - Exclusive to SpiderCues	G Putnam Music	Female	0:03:08	122.0	Pop, Country	YES		BATCH_CLEAN_PENDING_REVIEW		
GPMC-REG-IMPORT-DRAFT-CLEAN-GLOBAL-20260624	494	DRAFT_IMPORT_PENDING_REVIEW	docs/registry/batch-intake-working-queues/gpmc_clean_global_track_working_queue_20260624.tsv	495	TRACK_RECORD_NOT_CREATED	TRACK_ID_NOT_ASSIGNED	PUBLIC_TITLE_DRAFT_ONLY	PIX_NOT_CREATED	LT_PIX_NOT_CREATED	KKR_NOT_STARTED	CI_NOT_CREATED	Generated from conservative clean/global working queue; draft only; no final registry action.	566	gpm_stl.csv	175181061	GET A CLUE - Exclusive to SpiderCues	GET A CLUE - Exclusive to SpiderCues	G Putnam Music	Female	0:03:21	85.0	Soul, Rock, Pop	YES		BATCH_CLEAN_PENDING_REVIEW		
GPMC-REG-IMPORT-DRAFT-CLEAN-GLOBAL-20260624	495	DRAFT_IMPORT_PENDING_REVIEW	docs/registry/batch-intake-working-queues/gpmc_clean_global_track_working_queue_20260624.tsv	496	TRACK_RECORD_NOT_CREATED	TRACK_ID_NOT_ASSIGNED	PUBLIC_TITLE_DRAFT_ONLY	PIX_NOT_CREATED	LT_PIX_NOT_CREATED	KKR_NOT_STARTED	CI_NOT_CREATED	Generated from conservative clean/global working queue; draft only; no final registry action.	571	gpm_stl.csv	175181520	LISTEN - Exclusive to SpiderCues	LISTEN - Exclusive to SpiderCues	G Putnam Music	Female	0:04:36	85.0	Country	YES		BATCH_CLEAN_PENDING_REVIEW		
GPMC-REG-IMPORT-DRAFT-CLEAN-GLOBAL-20260624	496	DRAFT_IMPORT_PENDING_REVIEW	docs/registry/batch-intake-working-queues/gpmc_clean_global_track_working_queue_20260624.tsv	497	TRACK_RECORD_NOT_CREATED	TRACK_ID_NOT_ASSIGNED	PUBLIC_TITLE_DRAFT_ONLY	PIX_NOT_CREATED	LT_PIX_NOT_CREATED	KKR_NOT_STARTED	CI_NOT_CREATED	Generated from conservative clean/global working queue; draft only; no final registry action.	573	gpm_stl.csv	175181606	FAR AWAY FROM HERE	FAR AWAY FROM HERE			0:02:45			YES		BATCH_CLEAN_PENDING_REVIEW		
GPMC-REG-IMPORT-DRAFT-CLEAN-GLOBAL-20260624	497	DRAFT_IMPORT_PENDING_REVIEW	docs/registry/batch-intake-working-queues/gpmc_clean_global_track_working_queue_20260624.tsv	498	TRACK_RECORD_NOT_CREATED	TRACK_ID_NOT_ASSIGNED	PUBLIC_TITLE_DRAFT_ONLY	PIX_NOT_CREATED	LT_PIX_NOT_CREATED	KKR_NOT_STARTED	CI_NOT_CREATED	Generated from conservative clean/global working queue; draft only; no final registry action.	575	gpm_stl.csv	175182297	GOING OFF THE DEEP END - MASTER TV MIX	GOING OFF THE DEEP END - MASTER TV MIX			0:03:09		Abstract	YES		BATCH_CLEAN_PENDING_REVIEW		
GPMC-REG-IMPORT-DRAFT-CLEAN-GLOBAL-20260624	498	DRAFT_IMPORT_PENDING_REVIEW	docs/registry/batch-intake-working-queues/gpmc_clean_global_track_working_queue_20260624.tsv	499	TRACK_RECORD_NOT_CREATED	TRACK_ID_NOT_ASSIGNED	PUBLIC_TITLE_DRAFT_ONLY	PIX_NOT_CREATED	LT_PIX_NOT_CREATED	KKR_NOT_STARTED	CI_NOT_CREATED	Generated from conservative clean/global working queue; draft only; no final registry action.	578	gpm_stl.csv	175183479	CLEAN SWEEP - Exclusive to SpiderCues	CLEAN SWEEP - Exclusive to SpiderCues	G Putnam Music	Female	0:03:28	94.0	90s Country	YES		BATCH_CLEAN_PENDING_REVIEW		
GPMC-REG-IMPORT-DRAFT-CLEAN-GLOBAL-20260624	499	DRAFT_IMPORT_PENDING_REVIEW	docs/registry/batch-intake-working-queues/gpmc_clean_global_track_working_queue_20260624.tsv	500	TRACK_RECORD_NOT_CREATED	TRACK_ID_NOT_ASSIGNED	PUBLIC_TITLE_DRAFT_ONLY	PIX_NOT_CREATED	LT_PIX_NOT_CREATED	KKR_NOT_STARTED	CI_NOT_CREATED	Generated from conservative clean/global working queue; draft only; no final registry action.	579	gpm_stl.csv	175183483	A WOMAN KNOWS - Exclusive to SpiderCues	A WOMAN KNOWS - Exclusive to SpiderCues	G Putnam Music	Female	0:04:28	116.0	Folk, Country	YES		BATCH_CLEAN_PENDING_REVIEW		
GPMC-REG-IMPORT-DRAFT-CLEAN-GLOBAL-20260624	500	DRAFT_IMPORT_PENDING_REVIEW	docs/registry/batch-intake-working-queues/gpmc_clean_global_track_working_queue_20260624.tsv	501	TRACK_RECORD_NOT_CREATED	TRACK_ID_NOT_ASSIGNED	PUBLIC_TITLE_DRAFT_ONLY	PIX_NOT_CREATED	LT_PIX_NOT_CREATED	KKR_NOT_STARTED	CI_NOT_CREATED	Generated from conservative clean/global working queue; draft only; no final registry action.	580	gpm_stl.csv	179459166	Pop Star	Pop Star	Kleigh		0:03:31	125.0	Pop / Chic Pop	YES		BATCH_CLEAN_PENDING_REVIEW		
GPMC-REG-IMPORT-DRAFT-CLEAN-GLOBAL-20260624	501	DRAFT_IMPORT_PENDING_REVIEW	docs/registry/batch-intake-working-queues/gpmc_clean_global_track_working_queue_20260624.tsv	502	TRACK_RECORD_NOT_CREATED	TRACK_ID_NOT_ASSIGNED	PUBLIC_TITLE_DRAFT_ONLY	PIX_NOT_CREATED	LT_PIX_NOT_CREATED	KKR_NOT_STARTED	CI_NOT_CREATED	Generated from conservative clean/global working queue; draft only; no final registry action.	581	gpm_stl.csv	179462407	Pop Star instrumental	Pop Star - INSTRO	Kleigh		0:03:31			YES	GLOBAL_INSTRO_STANDARD	GLOBAL_STANDARD_APPLIED	GLOBAL_INSTRO_STANDARD	
GPMC-REG-IMPORT-DRAFT-CLEAN-GLOBAL-20260624	502	DRAFT_IMPORT_PENDING_REVIEW	docs/registry/batch-intake-working-queues/gpmc_clean_global_track_working_queue_20260624.tsv	503	TRACK_RECORD_NOT_CREATED	TRACK_ID_NOT_ASSIGNED	PUBLIC_TITLE_DRAFT_ONLY	PIX_NOT_CREATED	LT_PIX_NOT_CREATED	KKR_NOT_STARTED	CI_NOT_CREATED	Generated from conservative clean/global working queue; draft only; no final registry action.	582	gpm_stl.csv	179462454	DOWN BABY instrumental	DOWN BABY - INSTRO	KLEIGH	Go for the Heart	0:04:05			YES	GLOBAL_INSTRO_STANDARD	GLOBAL_STANDARD_APPLIED	GLOBAL_INSTRO_STANDARD	
GPMC-REG-IMPORT-DRAFT-CLEAN-GLOBAL-20260624	503	DRAFT_IMPORT_PENDING_REVIEW	docs/registry/batch-intake-working-queues/gpmc_clean_global_track_working_queue_20260624.tsv	504	TRACK_RECORD_NOT_CREATED	TRACK_ID_NOT_ASSIGNED	PUBLIC_TITLE_DRAFT_ONLY	PIX_NOT_CREATED	LT_PIX_NOT_CREATED	KKR_NOT_STARTED	CI_NOT_CREATED	Generated from conservative clean/global working queue; draft only; no final registry action.	583	gpm_stl.csv	179462498	DIVE RIGHT INTO YOU  instrumental	DIVE RIGHT INTO YOU - INSTRO	KLEIGH	Universe of Dreams	0:03:36			YES	GLOBAL_INSTRO_STANDARD	GLOBAL_STANDARD_APPLIED	GLOBAL_INSTRO_STANDARD	
GPMC-REG-IMPORT-DRAFT-CLEAN-GLOBAL-20260624	504	DRAFT_IMPORT_PENDING_REVIEW	docs/registry/batch-intake-working-queues/gpmc_clean_global_track_working_queue_20260624.tsv	505	TRACK_RECORD_NOT_CREATED	TRACK_ID_NOT_ASSIGNED	PUBLIC_TITLE_DRAFT_ONLY	PIX_NOT_CREATED	LT_PIX_NOT_CREATED	KKR_NOT_STARTED	CI_NOT_CREATED	Generated from conservative clean/global working queue; draft only; no final registry action.	584	gpm_stl.csv	180050979	Just like You	Just like You	Kleigh		0:04:01	99.0		YES		BATCH_CLEAN_PENDING_REVIEW		
