track_id_assignment_batch_id	assignment_row_number	registry_import_batch_id	registry_import_row_number	source_queue_file	source_queue_row_number	source_csv	source_id	source_title	proposed_display_title	artist	album	assigned_gpmc_track_id	assignment_status	official_track_record_status	pix_status	lt_pix_status	kkr_status	ci_status	assignment_note
GPMC-TRK-ASSIGN-DRAFT-CLEAN-GLOBAL-20260624	1	GPMC-REG-IMPORT-DRAFT-CLEAN-GLOBAL-20260624	1	docs/registry/batch-intake-working-queues/gpmc_clean_global_track_working_queue_20260624.tsv	2	gpm_stl.csv	44077375	TIL I'M DYIN' I'M TRYIN' - INSTRO	TIL I'M DYIN' I'M TRYIN' - INSTRO	gputnam	Busting Out	GPMC-TRK-000001	DRAFT_TRACK_ID_RESERVED_PENDING_ADMIN_APPROVAL	TRACK_RECORD_NOT_CREATED	PIX_NOT_CREATED	LT_PIX_NOT_CREATED	KKR_NOT_STARTED	CI_NOT_CREATED	Draft assignment only; ID not official until final import is approved and registry row is created.
GPMC-TRK-ASSIGN-DRAFT-CLEAN-GLOBAL-20260624	2	GPMC-REG-IMPORT-DRAFT-CLEAN-GLOBAL-20260624	2	docs/registry/batch-intake-working-queues/gpmc_clean_global_track_working_queue_20260624.tsv	3	gpm_stl.csv	44080078	IMAGINE IF - INSTRO	IMAGINE IF - INSTRO	G Putnam Music	Remembering Forgetting	GPMC-TRK-000002	DRAFT_TRACK_ID_RESERVED_PENDING_ADMIN_APPROVAL	TRACK_RECORD_NOT_CREATED	PIX_NOT_CREATED	LT_PIX_NOT_CREATED	KKR_NOT_STARTED	CI_NOT_CREATED	Draft assignment only; ID not official until final import is approved and registry row is created.
GPMC-TRK-ASSIGN-DRAFT-CLEAN-GLOBAL-20260624	3	GPMC-REG-IMPORT-DRAFT-CLEAN-GLOBAL-20260624	3	docs/registry/batch-intake-working-queues/gpmc_clean_global_track_working_queue_20260624.tsv	4	gpm_stl.csv	44080109	SOMEWHERE INSIDE - INSTRO	SOMEWHERE INSIDE - INSTRO	Cindy Youngren	Clearly	GPMC-TRK-000003	DRAFT_TRACK_ID_RESERVED_PENDING_ADMIN_APPROVAL	TRACK_RECORD_NOT_CREATED	PIX_NOT_CREATED	LT_PIX_NOT_CREATED	KKR_NOT_STARTED	CI_NOT_CREATED	Draft assignment only; ID not official until final import is approved and registry row is created.
GPMC-TRK-ASSIGN-DRAFT-CLEAN-GLOBAL-20260624	4	GPMC-REG-IMPORT-DRAFT-CLEAN-GLOBAL-20260624	4	docs/registry/batch-intake-working-queues/gpmc_clean_global_track_working_queue_20260624.tsv	5	gpm_stl.csv	63893177	MY BABY LEFT ME - INSTRO	MY BABY LEFT ME - INSTRO	G Putnam Music	Slight Light	GPMC-TRK-000004	DRAFT_TRACK_ID_RESERVED_PENDING_ADMIN_APPROVAL	TRACK_RECORD_NOT_CREATED	PIX_NOT_CREATED	LT_PIX_NOT_CREATED	KKR_NOT_STARTED	CI_NOT_CREATED	Draft assignment only; ID not official until final import is approved and registry row is created.
GPMC-TRK-ASSIGN-DRAFT-CLEAN-GLOBAL-20260624	5	GPMC-REG-IMPORT-DRAFT-CLEAN-GLOBAL-20260624	5	docs/registry/batch-intake-working-queues/gpmc_clean_global_track_working_queue_20260624.tsv	6	gpm_stl.csv	64057105	TIL I'M DYIN' I'M TRYIN'	TIL I'M DYIN' I'M TRYIN'	Zach Linley	Cowboy Country	GPMC-TRK-000005	DRAFT_TRACK_ID_RESERVED_PENDING_ADMIN_APPROVAL	TRACK_RECORD_NOT_CREATED	PIX_NOT_CREATED	LT_PIX_NOT_CREATED	KKR_NOT_STARTED	CI_NOT_CREATED	Draft assignment only; ID not official until final import is approved and registry row is created.
GPMC-TRK-ASSIGN-DRAFT-CLEAN-GLOBAL-20260624	6	GPMC-REG-IMPORT-DRAFT-CLEAN-GLOBAL-20260624	6	docs/registry/batch-intake-working-queues/gpmc_clean_global_track_working_queue_20260624.tsv	7	gpm_stl.csv	64057147	FEEL FREE - INSTRO	FEEL FREE - INSTRO	G Putnam Music	Desperate n’ Dirty	GPMC-TRK-000006	DRAFT_TRACK_ID_RESERVED_PENDING_ADMIN_APPROVAL	TRACK_RECORD_NOT_CREATED	PIX_NOT_CREATED	LT_PIX_NOT_CREATED	KKR_NOT_STARTED	CI_NOT_CREATED	Draft assignment only; ID not official until final import is approved and registry row is created.
GPMC-TRK-ASSIGN-DRAFT-CLEAN-GLOBAL-20260624	7	GPMC-REG-IMPORT-DRAFT-CLEAN-GLOBAL-20260624	7	docs/registry/batch-intake-working-queues/gpmc_clean_global_track_working_queue_20260624.tsv	8	gpm_stl.csv	64057224	MISTY MIDNIGHT BLUE	MISTY MIDNIGHT BLUE	NATU Visinia	NATU Ought To	GPMC-TRK-000007	DRAFT_TRACK_ID_RESERVED_PENDING_ADMIN_APPROVAL	TRACK_RECORD_NOT_CREATED	PIX_NOT_CREATED	LT_PIX_NOT_CREATED	KKR_NOT_STARTED	CI_NOT_CREATED	Draft assignment only; ID not official until final import is approved and registry row is created.
GPMC-TRK-ASSIGN-DRAFT-CLEAN-GLOBAL-20260624	8	GPMC-REG-IMPORT-DRAFT-CLEAN-GLOBAL-20260624	8	docs/registry/batch-intake-working-queues/gpmc_clean_global_track_working_queue_20260624.tsv	9	gpm_stl.csv	64057298	OH SO CASUALLY	OH SO CASUALLY	Katie Beste	The Struggle	GPMC-TRK-000008	DRAFT_TRACK_ID_RESERVED_PENDING_ADMIN_APPROVAL	TRACK_RECORD_NOT_CREATED	PIX_NOT_CREATED	LT_PIX_NOT_CREATED	KKR_NOT_STARTED	CI_NOT_CREATED	Draft assignment only; ID not official until final import is approved and registry row is created.
GPMC-TRK-ASSIGN-DRAFT-CLEAN-GLOBAL-20260624	9	GPMC-REG-IMPORT-DRAFT-CLEAN-GLOBAL-20260624	9	docs/registry/batch-intake-working-queues/gpmc_clean_global_track_working_queue_20260624.tsv	10	gpm_stl.csv	64057483	SWEETER THAN MINE - INSTRO	SWEETER THAN MINE - INSTRO	G Putnam Music	Pretty Pop	GPMC-TRK-000009	DRAFT_TRACK_ID_RESERVED_PENDING_ADMIN_APPROVAL	TRACK_RECORD_NOT_CREATED	PIX_NOT_CREATED	LT_PIX_NOT_CREATED	KKR_NOT_STARTED	CI_NOT_CREATED	Draft assignment only; ID not official until final import is approved and registry row is created.
GPMC-TRK-ASSIGN-DRAFT-CLEAN-GLOBAL-20260624	10	GPMC-REG-IMPORT-DRAFT-CLEAN-GLOBAL-20260624	10	docs/registry/batch-intake-working-queues/gpmc_clean_global_track_working_queue_20260624.tsv	11	gpm_stl.csv	64059291	THAT'S A HAVE-TO	THAT'S A HAVE-TO	Jade Lotzow	Female	GPMC-TRK-000010	DRAFT_TRACK_ID_RESERVED_PENDING_ADMIN_APPROVAL	TRACK_RECORD_NOT_CREATED	PIX_NOT_CREATED	LT_PIX_NOT_CREATED	KKR_NOT_STARTED	CI_NOT_CREATED	Draft assignment only; ID not official until final import is approved and registry row is created.
GPMC-TRK-ASSIGN-DRAFT-CLEAN-GLOBAL-20260624	11	GPMC-REG-IMPORT-DRAFT-CLEAN-GLOBAL-20260624	11	docs/registry/batch-intake-working-queues/gpmc_clean_global_track_working_queue_20260624.tsv	12	gpm_stl.csv	64059503	ESTOY BIEN - INSTRO	ESTOY BIEN - INSTRO	G Putnam Music	TV/Film	GPMC-TRK-000011	DRAFT_TRACK_ID_RESERVED_PENDING_ADMIN_APPROVAL	TRACK_RECORD_NOT_CREATED	PIX_NOT_CREATED	LT_PIX_NOT_CREATED	KKR_NOT_STARTED	CI_NOT_CREATED	Draft assignment only; ID not official until final import is approved and registry row is created.
GPMC-TRK-ASSIGN-DRAFT-CLEAN-GLOBAL-20260624	12	GPMC-REG-IMPORT-DRAFT-CLEAN-GLOBAL-20260624	12	docs/registry/batch-intake-working-queues/gpmc_clean_global_track_working_queue_20260624.tsv	13	gpm_stl.csv	64059506	COME BACK-COME BACK - INSTRO	COME BACK-COME BACK - INSTRO	G Putnam Music	Rock till We Drop	GPMC-TRK-000012	DRAFT_TRACK_ID_RESERVED_PENDING_ADMIN_APPROVAL	TRACK_RECORD_NOT_CREATED	PIX_NOT_CREATED	LT_PIX_NOT_CREATED	KKR_NOT_STARTED	CI_NOT_CREATED	Draft assignment only; ID not official until final import is approved and registry row is created.
GPMC-TRK-ASSIGN-DRAFT-CLEAN-GLOBAL-20260624	13	GPMC-REG-IMPORT-DRAFT-CLEAN-GLOBAL-20260624	13	docs/registry/batch-intake-working-queues/gpmc_clean_global_track_working_queue_20260624.tsv	14	gpm_stl.csv	64059511	CLAWS - INSTRO	CLAWS - INSTRO	G Putnam Music	Sweet as Sexy	GPMC-TRK-000013	DRAFT_TRACK_ID_RESERVED_PENDING_ADMIN_APPROVAL	TRACK_RECORD_NOT_CREATED	PIX_NOT_CREATED	LT_PIX_NOT_CREATED	KKR_NOT_STARTED	CI_NOT_CREATED	Draft assignment only; ID not official until final import is approved and registry row is created.
GPMC-TRK-ASSIGN-DRAFT-CLEAN-GLOBAL-20260624	14	GPMC-REG-IMPORT-DRAFT-CLEAN-GLOBAL-20260624	14	docs/registry/batch-intake-working-queues/gpmc_clean_global_track_working_queue_20260624.tsv	15	gpm_stl.csv	64059521	INTO THE LIGHT - INSTRO	INTO THE LIGHT - INSTRO	G Putnam Music	Synth Nymph	GPMC-TRK-000014	DRAFT_TRACK_ID_RESERVED_PENDING_ADMIN_APPROVAL	TRACK_RECORD_NOT_CREATED	PIX_NOT_CREATED	LT_PIX_NOT_CREATED	KKR_NOT_STARTED	CI_NOT_CREATED	Draft assignment only; ID not official until final import is approved and registry row is created.
GPMC-TRK-ASSIGN-DRAFT-CLEAN-GLOBAL-20260624	15	GPMC-REG-IMPORT-DRAFT-CLEAN-GLOBAL-20260624	15	docs/registry/batch-intake-working-queues/gpmc_clean_global_track_working_queue_20260624.tsv	16	gpm_stl.csv	64059708	SANDMAN'S COMIN' - INSTRO	SANDMAN'S COMIN' - INSTRO	G Putnam Music	Busting Out	GPMC-TRK-000015	DRAFT_TRACK_ID_RESERVED_PENDING_ADMIN_APPROVAL	TRACK_RECORD_NOT_CREATED	PIX_NOT_CREATED	LT_PIX_NOT_CREATED	KKR_NOT_STARTED	CI_NOT_CREATED	Draft assignment only; ID not official until final import is approved and registry row is created.
GPMC-TRK-ASSIGN-DRAFT-CLEAN-GLOBAL-20260624	16	GPMC-REG-IMPORT-DRAFT-CLEAN-GLOBAL-20260624	16	docs/registry/batch-intake-working-queues/gpmc_clean_global_track_working_queue_20260624.tsv	17	gpm_stl.csv	64059726	CHANGE ME	CHANGE ME	Chris Krause	Change Me	GPMC-TRK-000016	DRAFT_TRACK_ID_RESERVED_PENDING_ADMIN_APPROVAL	TRACK_RECORD_NOT_CREATED	PIX_NOT_CREATED	LT_PIX_NOT_CREATED	KKR_NOT_STARTED	CI_NOT_CREATED	Draft assignment only; ID not official until final import is approved and registry row is created.
GPMC-TRK-ASSIGN-DRAFT-CLEAN-GLOBAL-20260624	17	GPMC-REG-IMPORT-DRAFT-CLEAN-GLOBAL-20260624	17	docs/registry/batch-intake-working-queues/gpmc_clean_global_track_working_queue_20260624.tsv	18	gpm_stl.csv	64059773	KENTUCKY IN HER HEART	KENTUCKY IN HER HEART	Alex Fehr	Subtly Simple	GPMC-TRK-000017	DRAFT_TRACK_ID_RESERVED_PENDING_ADMIN_APPROVAL	TRACK_RECORD_NOT_CREATED	PIX_NOT_CREATED	LT_PIX_NOT_CREATED	KKR_NOT_STARTED	CI_NOT_CREATED	Draft assignment only; ID not official until final import is approved and registry row is created.
GPMC-TRK-ASSIGN-DRAFT-CLEAN-GLOBAL-20260624	18	GPMC-REG-IMPORT-DRAFT-CLEAN-GLOBAL-20260624	18	docs/registry/batch-intake-working-queues/gpmc_clean_global_track_working_queue_20260624.tsv	19	gpm_stl.csv	68345674	MUSTA BEEN - INSTRO	MUSTA BEEN - INSTRO	G Putnam Music	Synth Nymph	GPMC-TRK-000018	DRAFT_TRACK_ID_RESERVED_PENDING_ADMIN_APPROVAL	TRACK_RECORD_NOT_CREATED	PIX_NOT_CREATED	LT_PIX_NOT_CREATED	KKR_NOT_STARTED	CI_NOT_CREATED	Draft assignment only; ID not official until final import is approved and registry row is created.
GPMC-TRK-ASSIGN-DRAFT-CLEAN-GLOBAL-20260624	19	GPMC-REG-IMPORT-DRAFT-CLEAN-GLOBAL-20260624	19	docs/registry/batch-intake-working-queues/gpmc_clean_global_track_working_queue_20260624.tsv	20	gpm_stl.csv	68563938	C'MON  COOL - INSTRO	C'MON  COOL - INSTRO	G Putnam Music	Clubbin'	GPMC-TRK-000019	DRAFT_TRACK_ID_RESERVED_PENDING_ADMIN_APPROVAL	TRACK_RECORD_NOT_CREATED	PIX_NOT_CREATED	LT_PIX_NOT_CREATED	KKR_NOT_STARTED	CI_NOT_CREATED	Draft assignment only; ID not official until final import is approved and registry row is created.
GPMC-TRK-ASSIGN-DRAFT-CLEAN-GLOBAL-20260624	20	GPMC-REG-IMPORT-DRAFT-CLEAN-GLOBAL-20260624	20	docs/registry/batch-intake-working-queues/gpmc_clean_global_track_working_queue_20260624.tsv	21	gpm_stl.csv	68836572	MAYBE TONIGHT - 60s - LOFI	MAYBE TONIGHT - 60s - LOFI	Zach Jackson	Classic Rock	GPMC-TRK-000020	DRAFT_TRACK_ID_RESERVED_PENDING_ADMIN_APPROVAL	TRACK_RECORD_NOT_CREATED	PIX_NOT_CREATED	LT_PIX_NOT_CREATED	KKR_NOT_STARTED	CI_NOT_CREATED	Draft assignment only; ID not official until final import is approved and registry row is created.
GPMC-TRK-ASSIGN-DRAFT-CLEAN-GLOBAL-20260624	21	GPMC-REG-IMPORT-DRAFT-CLEAN-GLOBAL-20260624	21	docs/registry/batch-intake-working-queues/gpmc_clean_global_track_working_queue_20260624.tsv	22	gpm_stl.csv	68836598	I DO SWEAR	I DO SWEAR	Zach Jackson	Countin’ On Countin’ On	GPMC-TRK-000021	DRAFT_TRACK_ID_RESERVED_PENDING_ADMIN_APPROVAL	TRACK_RECORD_NOT_CREATED	PIX_NOT_CREATED	LT_PIX_NOT_CREATED	KKR_NOT_STARTED	CI_NOT_CREATED	Draft assignment only; ID not official until final import is approved and registry row is created.
GPMC-TRK-ASSIGN-DRAFT-CLEAN-GLOBAL-20260624	22	GPMC-REG-IMPORT-DRAFT-CLEAN-GLOBAL-20260624	22	docs/registry/batch-intake-working-queues/gpmc_clean_global_track_working_queue_20260624.tsv	23	gpm_stl.csv	68836687	MAYBE TONIGHT - ELV-ISH	MAYBE TONIGHT - ELV-ISH	Zach Jackson	Classic	GPMC-TRK-000022	DRAFT_TRACK_ID_RESERVED_PENDING_ADMIN_APPROVAL	TRACK_RECORD_NOT_CREATED	PIX_NOT_CREATED	LT_PIX_NOT_CREATED	KKR_NOT_STARTED	CI_NOT_CREATED	Draft assignment only; ID not official until final import is approved and registry row is created.
GPMC-TRK-ASSIGN-DRAFT-CLEAN-GLOBAL-20260624	23	GPMC-REG-IMPORT-DRAFT-CLEAN-GLOBAL-20260624	23	docs/registry/batch-intake-working-queues/gpmc_clean_global_track_working_queue_20260624.tsv	24	gpm_stl.csv	69008710	OPEN ROAD	OPEN ROAD	G Putnam Music	Cowboy Country	GPMC-TRK-000023	DRAFT_TRACK_ID_RESERVED_PENDING_ADMIN_APPROVAL	TRACK_RECORD_NOT_CREATED	PIX_NOT_CREATED	LT_PIX_NOT_CREATED	KKR_NOT_STARTED	CI_NOT_CREATED	Draft assignment only; ID not official until final import is approved and registry row is created.
GPMC-TRK-ASSIGN-DRAFT-CLEAN-GLOBAL-20260624	24	GPMC-REG-IMPORT-DRAFT-CLEAN-GLOBAL-20260624	24	docs/registry/batch-intake-working-queues/gpmc_clean_global_track_working_queue_20260624.tsv	25	gpm_stl.csv	69008730	TOUGH PEOPLE DO	TOUGH PEOPLE DO	KLEIGH	Dealin’ Feelin'	GPMC-TRK-000024	DRAFT_TRACK_ID_RESERVED_PENDING_ADMIN_APPROVAL	TRACK_RECORD_NOT_CREATED	PIX_NOT_CREATED	LT_PIX_NOT_CREATED	KKR_NOT_STARTED	CI_NOT_CREATED	Draft assignment only; ID not official until final import is approved and registry row is created.
GPMC-TRK-ASSIGN-DRAFT-CLEAN-GLOBAL-20260624	25	GPMC-REG-IMPORT-DRAFT-CLEAN-GLOBAL-20260624	25	docs/registry/batch-intake-working-queues/gpmc_clean_global_track_working_queue_20260624.tsv	26	gpm_stl.csv	69167937	BEIN' HER MAN	BEIN' HER MAN	Zach Jackson	Dealin' Feelin'	GPMC-TRK-000025	DRAFT_TRACK_ID_RESERVED_PENDING_ADMIN_APPROVAL	TRACK_RECORD_NOT_CREATED	PIX_NOT_CREATED	LT_PIX_NOT_CREATED	KKR_NOT_STARTED	CI_NOT_CREATED	Draft assignment only; ID not official until final import is approved and registry row is created.
GPMC-TRK-ASSIGN-DRAFT-CLEAN-GLOBAL-20260624	26	GPMC-REG-IMPORT-DRAFT-CLEAN-GLOBAL-20260624	26	docs/registry/batch-intake-working-queues/gpmc_clean_global_track_working_queue_20260624.tsv	27	gpm_stl.csv	69167992	YOU AIN'T SAYIN'	YOU AIN'T SAYIN'	Kris Bradley	Growing Stronger	GPMC-TRK-000026	DRAFT_TRACK_ID_RESERVED_PENDING_ADMIN_APPROVAL	TRACK_RECORD_NOT_CREATED	PIX_NOT_CREATED	LT_PIX_NOT_CREATED	KKR_NOT_STARTED	CI_NOT_CREATED	Draft assignment only; ID not official until final import is approved and registry row is created.
GPMC-TRK-ASSIGN-DRAFT-CLEAN-GLOBAL-20260624	27	GPMC-REG-IMPORT-DRAFT-CLEAN-GLOBAL-20260624	27	docs/registry/batch-intake-working-queues/gpmc_clean_global_track_working_queue_20260624.tsv	28	gpm_stl.csv	69167999	IN THE END	IN THE END	Aaron Lotzow	Comin’ Through	GPMC-TRK-000027	DRAFT_TRACK_ID_RESERVED_PENDING_ADMIN_APPROVAL	TRACK_RECORD_NOT_CREATED	PIX_NOT_CREATED	LT_PIX_NOT_CREATED	KKR_NOT_STARTED	CI_NOT_CREATED	Draft assignment only; ID not official until final import is approved and registry row is created.
GPMC-TRK-ASSIGN-DRAFT-CLEAN-GLOBAL-20260624	28	GPMC-REG-IMPORT-DRAFT-CLEAN-GLOBAL-20260624	28	docs/registry/batch-intake-working-queues/gpmc_clean_global_track_working_queue_20260624.tsv	29	gpm_stl.csv	69168036	REMEMBER A TIME - INSTRO	REMEMBER A TIME - INSTRO	G Putnam Music	Rembering Forgetting	GPMC-TRK-000028	DRAFT_TRACK_ID_RESERVED_PENDING_ADMIN_APPROVAL	TRACK_RECORD_NOT_CREATED	PIX_NOT_CREATED	LT_PIX_NOT_CREATED	KKR_NOT_STARTED	CI_NOT_CREATED	Draft assignment only; ID not official until final import is approved and registry row is created.
GPMC-TRK-ASSIGN-DRAFT-CLEAN-GLOBAL-20260624	29	GPMC-REG-IMPORT-DRAFT-CLEAN-GLOBAL-20260624	29	docs/registry/batch-intake-working-queues/gpmc_clean_global_track_working_queue_20260624.tsv	30	gpm_stl.csv	69168047	REMEMBER A TIME	REMEMBER A TIME	Patrik J Sheridan	Vintage	GPMC-TRK-000029	DRAFT_TRACK_ID_RESERVED_PENDING_ADMIN_APPROVAL	TRACK_RECORD_NOT_CREATED	PIX_NOT_CREATED	LT_PIX_NOT_CREATED	KKR_NOT_STARTED	CI_NOT_CREATED	Draft assignment only; ID not official until final import is approved and registry row is created.
GPMC-TRK-ASSIGN-DRAFT-CLEAN-GLOBAL-20260624	30	GPMC-REG-IMPORT-DRAFT-CLEAN-GLOBAL-20260624	30	docs/registry/batch-intake-working-queues/gpmc_clean_global_track_working_queue_20260624.tsv	31	gpm_stl.csv	69168053	SOMETIMES	SOMETIMES	Billy Harper	Change Me	GPMC-TRK-000030	DRAFT_TRACK_ID_RESERVED_PENDING_ADMIN_APPROVAL	TRACK_RECORD_NOT_CREATED	PIX_NOT_CREATED	LT_PIX_NOT_CREATED	KKR_NOT_STARTED	CI_NOT_CREATED	Draft assignment only; ID not official until final import is approved and registry row is created.
GPMC-TRK-ASSIGN-DRAFT-CLEAN-GLOBAL-20260624	31	GPMC-REG-IMPORT-DRAFT-CLEAN-GLOBAL-20260624	31	docs/registry/batch-intake-working-queues/gpmc_clean_global_track_working_queue_20260624.tsv	32	gpm_stl.csv	69168056	SOMEWHERE INSIDE	SOMEWHERE INSIDE	Cindy Youngren	Clearly	GPMC-TRK-000031	DRAFT_TRACK_ID_RESERVED_PENDING_ADMIN_APPROVAL	TRACK_RECORD_NOT_CREATED	PIX_NOT_CREATED	LT_PIX_NOT_CREATED	KKR_NOT_STARTED	CI_NOT_CREATED	Draft assignment only; ID not official until final import is approved and registry row is created.
GPMC-TRK-ASSIGN-DRAFT-CLEAN-GLOBAL-20260624	32	GPMC-REG-IMPORT-DRAFT-CLEAN-GLOBAL-20260624	32	docs/registry/batch-intake-working-queues/gpmc_clean_global_track_working_queue_20260624.tsv	33	gpm_stl.csv	69168066	THERE IS HERE	THERE IS HERE	Chris Krause	Cowboy Country	GPMC-TRK-000032	DRAFT_TRACK_ID_RESERVED_PENDING_ADMIN_APPROVAL	TRACK_RECORD_NOT_CREATED	PIX_NOT_CREATED	LT_PIX_NOT_CREATED	KKR_NOT_STARTED	CI_NOT_CREATED	Draft assignment only; ID not official until final import is approved and registry row is created.
GPMC-TRK-ASSIGN-DRAFT-CLEAN-GLOBAL-20260624	33	GPMC-REG-IMPORT-DRAFT-CLEAN-GLOBAL-20260624	33	docs/registry/batch-intake-working-queues/gpmc_clean_global_track_working_queue_20260624.tsv	34	gpm_stl.csv	69169419	C'MON CHRISTMAS!	C'MON CHRISTMAS!	G Putnam Music	Christmas	GPMC-TRK-000033	DRAFT_TRACK_ID_RESERVED_PENDING_ADMIN_APPROVAL	TRACK_RECORD_NOT_CREATED	PIX_NOT_CREATED	LT_PIX_NOT_CREATED	KKR_NOT_STARTED	CI_NOT_CREATED	Draft assignment only; ID not official until final import is approved and registry row is created.
GPMC-TRK-ASSIGN-DRAFT-CLEAN-GLOBAL-20260624	34	GPMC-REG-IMPORT-DRAFT-CLEAN-GLOBAL-20260624	34	docs/registry/batch-intake-working-queues/gpmc_clean_global_track_working_queue_20260624.tsv	35	gpm_stl.csv	69206210	FEEL FREE	FEEL FREE	Ashleigh Brucker	An Ash Bash	GPMC-TRK-000034	DRAFT_TRACK_ID_RESERVED_PENDING_ADMIN_APPROVAL	TRACK_RECORD_NOT_CREATED	PIX_NOT_CREATED	LT_PIX_NOT_CREATED	KKR_NOT_STARTED	CI_NOT_CREATED	Draft assignment only; ID not official until final import is approved and registry row is created.
GPMC-TRK-ASSIGN-DRAFT-CLEAN-GLOBAL-20260624	35	GPMC-REG-IMPORT-DRAFT-CLEAN-GLOBAL-20260624	35	docs/registry/batch-intake-working-queues/gpmc_clean_global_track_working_queue_20260624.tsv	36	gpm_stl.csv	69206292	GIVE ME A KISS - Ash	GIVE ME A KISS - Ash	Ashleigh Brucker	Sassy Sweet	GPMC-TRK-000035	DRAFT_TRACK_ID_RESERVED_PENDING_ADMIN_APPROVAL	TRACK_RECORD_NOT_CREATED	PIX_NOT_CREATED	LT_PIX_NOT_CREATED	KKR_NOT_STARTED	CI_NOT_CREATED	Draft assignment only; ID not official until final import is approved and registry row is created.
GPMC-TRK-ASSIGN-DRAFT-CLEAN-GLOBAL-20260624	36	GPMC-REG-IMPORT-DRAFT-CLEAN-GLOBAL-20260624	36	docs/registry/batch-intake-working-queues/gpmc_clean_global_track_working_queue_20260624.tsv	37	gpm_stl.csv	69206458	IMAGINE IF	IMAGINE IF	Alex Wahlbert	Growing Stronger	GPMC-TRK-000036	DRAFT_TRACK_ID_RESERVED_PENDING_ADMIN_APPROVAL	TRACK_RECORD_NOT_CREATED	PIX_NOT_CREATED	LT_PIX_NOT_CREATED	KKR_NOT_STARTED	CI_NOT_CREATED	Draft assignment only; ID not official until final import is approved and registry row is created.
GPMC-TRK-ASSIGN-DRAFT-CLEAN-GLOBAL-20260624	37	GPMC-REG-IMPORT-DRAFT-CLEAN-GLOBAL-20260624	37	docs/registry/batch-intake-working-queues/gpmc_clean_global_track_working_queue_20260624.tsv	38	gpm_stl.csv	69206646	KEEPIN' IT COUNTRY	KEEPIN' IT COUNTRY	Elle Christine	Elle’s Bells	GPMC-TRK-000037	DRAFT_TRACK_ID_RESERVED_PENDING_ADMIN_APPROVAL	TRACK_RECORD_NOT_CREATED	PIX_NOT_CREATED	LT_PIX_NOT_CREATED	KKR_NOT_STARTED	CI_NOT_CREATED	Draft assignment only; ID not official until final import is approved and registry row is created.
GPMC-TRK-ASSIGN-DRAFT-CLEAN-GLOBAL-20260624	38	GPMC-REG-IMPORT-DRAFT-CLEAN-GLOBAL-20260624	38	docs/registry/batch-intake-working-queues/gpmc_clean_global_track_working_queue_20260624.tsv	39	gpm_stl.csv	69207118	NEVER BEEN	NEVER BEEN	G Putnam Music	Sexy Swagger	GPMC-TRK-000038	DRAFT_TRACK_ID_RESERVED_PENDING_ADMIN_APPROVAL	TRACK_RECORD_NOT_CREATED	PIX_NOT_CREATED	LT_PIX_NOT_CREATED	KKR_NOT_STARTED	CI_NOT_CREATED	Draft assignment only; ID not official until final import is approved and registry row is created.
GPMC-TRK-ASSIGN-DRAFT-CLEAN-GLOBAL-20260624	39	GPMC-REG-IMPORT-DRAFT-CLEAN-GLOBAL-20260624	39	docs/registry/batch-intake-working-queues/gpmc_clean_global_track_working_queue_20260624.tsv	40	gpm_stl.csv	69207261	LIFE NEW	LIFE NEW	Anjanel Folkens	Change Me	GPMC-TRK-000039	DRAFT_TRACK_ID_RESERVED_PENDING_ADMIN_APPROVAL	TRACK_RECORD_NOT_CREATED	PIX_NOT_CREATED	LT_PIX_NOT_CREATED	KKR_NOT_STARTED	CI_NOT_CREATED	Draft assignment only; ID not official until final import is approved and registry row is created.
GPMC-TRK-ASSIGN-DRAFT-CLEAN-GLOBAL-20260624	40	GPMC-REG-IMPORT-DRAFT-CLEAN-GLOBAL-20260624	40	docs/registry/batch-intake-working-queues/gpmc_clean_global_track_working_queue_20260624.tsv	41	gpm_stl.csv	69207383	PAWN SHOP	PAWN SHOP	Elle Christine	Clearly	GPMC-TRK-000040	DRAFT_TRACK_ID_RESERVED_PENDING_ADMIN_APPROVAL	TRACK_RECORD_NOT_CREATED	PIX_NOT_CREATED	LT_PIX_NOT_CREATED	KKR_NOT_STARTED	CI_NOT_CREATED	Draft assignment only; ID not official until final import is approved and registry row is created.
GPMC-TRK-ASSIGN-DRAFT-CLEAN-GLOBAL-20260624	41	GPMC-REG-IMPORT-DRAFT-CLEAN-GLOBAL-20260624	41	docs/registry/batch-intake-working-queues/gpmc_clean_global_track_working_queue_20260624.tsv	42	gpm_stl.csv	69207533	GOT ME SMOKIN' - '24	GOT ME SMOKIN' - '24	Lilli O'Dowd	Lovin' with Lilli	GPMC-TRK-000041	DRAFT_TRACK_ID_RESERVED_PENDING_ADMIN_APPROVAL	TRACK_RECORD_NOT_CREATED	PIX_NOT_CREATED	LT_PIX_NOT_CREATED	KKR_NOT_STARTED	CI_NOT_CREATED	Draft assignment only; ID not official until final import is approved and registry row is created.
GPMC-TRK-ASSIGN-DRAFT-CLEAN-GLOBAL-20260624	42	GPMC-REG-IMPORT-DRAFT-CLEAN-GLOBAL-20260624	42	docs/registry/batch-intake-working-queues/gpmc_clean_global_track_working_queue_20260624.tsv	43	gpm_stl.csv	70130394	LEARNIN' LIFE - INSTRO	LEARNIN' LIFE - INSTRO	G Putnam Music	Dance Steady	GPMC-TRK-000042	DRAFT_TRACK_ID_RESERVED_PENDING_ADMIN_APPROVAL	TRACK_RECORD_NOT_CREATED	PIX_NOT_CREATED	LT_PIX_NOT_CREATED	KKR_NOT_STARTED	CI_NOT_CREATED	Draft assignment only; ID not official until final import is approved and registry row is created.
GPMC-TRK-ASSIGN-DRAFT-CLEAN-GLOBAL-20260624	43	GPMC-REG-IMPORT-DRAFT-CLEAN-GLOBAL-20260624	43	docs/registry/batch-intake-working-queues/gpmc_clean_global_track_working_queue_20260624.tsv	44	gpm_stl.csv	70319514	NOTHING MEANS NOTHING - INSTRO	NOTHING MEANS NOTHING - INSTRO	G Putnam Music	Clubbin'	GPMC-TRK-000043	DRAFT_TRACK_ID_RESERVED_PENDING_ADMIN_APPROVAL	TRACK_RECORD_NOT_CREATED	PIX_NOT_CREATED	LT_PIX_NOT_CREATED	KKR_NOT_STARTED	CI_NOT_CREATED	Draft assignment only; ID not official until final import is approved and registry row is created.
GPMC-TRK-ASSIGN-DRAFT-CLEAN-GLOBAL-20260624	44	GPMC-REG-IMPORT-DRAFT-CLEAN-GLOBAL-20260624	44	docs/registry/batch-intake-working-queues/gpmc_clean_global_track_working_queue_20260624.tsv	45	gpm_stl.csv	71084622	CHASER  (NASCAR)	CHASER  (NASCAR)	NATU Visinia	Sexy Swagger	GPMC-TRK-000044	DRAFT_TRACK_ID_RESERVED_PENDING_ADMIN_APPROVAL	TRACK_RECORD_NOT_CREATED	PIX_NOT_CREATED	LT_PIX_NOT_CREATED	KKR_NOT_STARTED	CI_NOT_CREATED	Draft assignment only; ID not official until final import is approved and registry row is created.
GPMC-TRK-ASSIGN-DRAFT-CLEAN-GLOBAL-20260624	45	GPMC-REG-IMPORT-DRAFT-CLEAN-GLOBAL-20260624	45	docs/registry/batch-intake-working-queues/gpmc_clean_global_track_working_queue_20260624.tsv	46	gpm_stl.csv	71121598	TIME KEEPS ON MOVIN'	TIME KEEPS ON MOVIN'	Emily Hope	Clearly	GPMC-TRK-000045	DRAFT_TRACK_ID_RESERVED_PENDING_ADMIN_APPROVAL	TRACK_RECORD_NOT_CREATED	PIX_NOT_CREATED	LT_PIX_NOT_CREATED	KKR_NOT_STARTED	CI_NOT_CREATED	Draft assignment only; ID not official until final import is approved and registry row is created.
GPMC-TRK-ASSIGN-DRAFT-CLEAN-GLOBAL-20260624	46	GPMC-REG-IMPORT-DRAFT-CLEAN-GLOBAL-20260624	46	docs/registry/batch-intake-working-queues/gpmc_clean_global_track_working_queue_20260624.tsv	47	gpm_stl.csv	71303470	HOME IS SUNNY - INSTRO ONLY	HOME IS SUNNY - INSTRO ONLY - INSTRO	G Putnam Music	Banjo	GPMC-TRK-000046	DRAFT_TRACK_ID_RESERVED_PENDING_ADMIN_APPROVAL	TRACK_RECORD_NOT_CREATED	PIX_NOT_CREATED	LT_PIX_NOT_CREATED	KKR_NOT_STARTED	CI_NOT_CREATED	Draft assignment only; ID not official until final import is approved and registry row is created.
GPMC-TRK-ASSIGN-DRAFT-CLEAN-GLOBAL-20260624	47	GPMC-REG-IMPORT-DRAFT-CLEAN-GLOBAL-20260624	47	docs/registry/batch-intake-working-queues/gpmc_clean_global_track_working_queue_20260624.tsv	48	gpm_stl.csv	71305650	MIDNIGHT HIRE - INSTRO	MIDNIGHT HIRE - INSTRO	G Putnam Music	Synth Nymph	GPMC-TRK-000047	DRAFT_TRACK_ID_RESERVED_PENDING_ADMIN_APPROVAL	TRACK_RECORD_NOT_CREATED	PIX_NOT_CREATED	LT_PIX_NOT_CREATED	KKR_NOT_STARTED	CI_NOT_CREATED	Draft assignment only; ID not official until final import is approved and registry row is created.
GPMC-TRK-ASSIGN-DRAFT-CLEAN-GLOBAL-20260624	48	GPMC-REG-IMPORT-DRAFT-CLEAN-GLOBAL-20260624	48	docs/registry/batch-intake-working-queues/gpmc_clean_global_track_working_queue_20260624.tsv	49	gpm_stl.csv	71352924	I LIVE FOR THIS - INSTRO	I LIVE FOR THIS - INSTRO	G Putnam Music	Desperate & Dirty	GPMC-TRK-000048	DRAFT_TRACK_ID_RESERVED_PENDING_ADMIN_APPROVAL	TRACK_RECORD_NOT_CREATED	PIX_NOT_CREATED	LT_PIX_NOT_CREATED	KKR_NOT_STARTED	CI_NOT_CREATED	Draft assignment only; ID not official until final import is approved and registry row is created.
GPMC-TRK-ASSIGN-DRAFT-CLEAN-GLOBAL-20260624	49	GPMC-REG-IMPORT-DRAFT-CLEAN-GLOBAL-20260624	49	docs/registry/batch-intake-working-queues/gpmc_clean_global_track_working_queue_20260624.tsv	50	gpm_stl.csv	72435003	DARK CLOUD - 3 - SYNTH	DARK CLOUD - 3 - SYNTH	Olivia Joy	Subtly Simple	GPMC-TRK-000049	DRAFT_TRACK_ID_RESERVED_PENDING_ADMIN_APPROVAL	TRACK_RECORD_NOT_CREATED	PIX_NOT_CREATED	LT_PIX_NOT_CREATED	KKR_NOT_STARTED	CI_NOT_CREATED	Draft assignment only; ID not official until final import is approved and registry row is created.
GPMC-TRK-ASSIGN-DRAFT-CLEAN-GLOBAL-20260624	50	GPMC-REG-IMPORT-DRAFT-CLEAN-GLOBAL-20260624	50	docs/registry/batch-intake-working-queues/gpmc_clean_global_track_working_queue_20260624.tsv	51	gpm_stl.csv	72479226	SANDMAN'S COMIN'	SANDMAN'S COMIN'	Elliot Sedgwick	Sports of Sorts	GPMC-TRK-000050	DRAFT_TRACK_ID_RESERVED_PENDING_ADMIN_APPROVAL	TRACK_RECORD_NOT_CREATED	PIX_NOT_CREATED	LT_PIX_NOT_CREATED	KKR_NOT_STARTED	CI_NOT_CREATED	Draft assignment only; ID not official until final import is approved and registry row is created.
GPMC-TRK-ASSIGN-DRAFT-CLEAN-GLOBAL-20260624	51	GPMC-REG-IMPORT-DRAFT-CLEAN-GLOBAL-20260624	51	docs/registry/batch-intake-working-queues/gpmc_clean_global_track_working_queue_20260624.tsv	52	gpm_stl.csv	72565024	COME BACK - COME BACK - NATU	COME BACK - COME BACK - NATU	NATU Visinia	Change Me	GPMC-TRK-000051	DRAFT_TRACK_ID_RESERVED_PENDING_ADMIN_APPROVAL	TRACK_RECORD_NOT_CREATED	PIX_NOT_CREATED	LT_PIX_NOT_CREATED	KKR_NOT_STARTED	CI_NOT_CREATED	Draft assignment only; ID not official until final import is approved and registry row is created.
GPMC-TRK-ASSIGN-DRAFT-CLEAN-GLOBAL-20260624	52	GPMC-REG-IMPORT-DRAFT-CLEAN-GLOBAL-20260624	52	docs/registry/batch-intake-working-queues/gpmc_clean_global_track_working_queue_20260624.tsv	53	gpm_stl.csv	72661952	GOIN' NOWHERE	GOIN' NOWHERE	Ashleigh Brucker	Change Me	GPMC-TRK-000052	DRAFT_TRACK_ID_RESERVED_PENDING_ADMIN_APPROVAL	TRACK_RECORD_NOT_CREATED	PIX_NOT_CREATED	LT_PIX_NOT_CREATED	KKR_NOT_STARTED	CI_NOT_CREATED	Draft assignment only; ID not official until final import is approved and registry row is created.
GPMC-TRK-ASSIGN-DRAFT-CLEAN-GLOBAL-20260624	53	GPMC-REG-IMPORT-DRAFT-CLEAN-GLOBAL-20260624	53	docs/registry/batch-intake-working-queues/gpmc_clean_global_track_working_queue_20260624.tsv	54	gpm_stl.csv	72663658	HAVE-TO - DUET	HAVE-TO - DUET	Aaron & Jade Lotzow	DUET	GPMC-TRK-000053	DRAFT_TRACK_ID_RESERVED_PENDING_ADMIN_APPROVAL	TRACK_RECORD_NOT_CREATED	PIX_NOT_CREATED	LT_PIX_NOT_CREATED	KKR_NOT_STARTED	CI_NOT_CREATED	Draft assignment only; ID not official until final import is approved and registry row is created.
GPMC-TRK-ASSIGN-DRAFT-CLEAN-GLOBAL-20260624	54	GPMC-REG-IMPORT-DRAFT-CLEAN-GLOBAL-20260624	54	docs/registry/batch-intake-working-queues/gpmc_clean_global_track_working_queue_20260624.tsv	55	gpm_stl.csv	72663750	WORLD OF WORDS — DUET	WORLD OF WORDS — DUET	Sam Masini, Zach Jackson	DUET	GPMC-TRK-000054	DRAFT_TRACK_ID_RESERVED_PENDING_ADMIN_APPROVAL	TRACK_RECORD_NOT_CREATED	PIX_NOT_CREATED	LT_PIX_NOT_CREATED	KKR_NOT_STARTED	CI_NOT_CREATED	Draft assignment only; ID not official until final import is approved and registry row is created.
GPMC-TRK-ASSIGN-DRAFT-CLEAN-GLOBAL-20260624	55	GPMC-REG-IMPORT-DRAFT-CLEAN-GLOBAL-20260624	55	docs/registry/batch-intake-working-queues/gpmc_clean_global_track_working_queue_20260624.tsv	56	gpm_stl.csv	73205191	I WANT YOU - 70s - Neil YoungISH	I WANT YOU - 70s - Neil YoungISH	Zach Jackson	Classic	GPMC-TRK-000055	DRAFT_TRACK_ID_RESERVED_PENDING_ADMIN_APPROVAL	TRACK_RECORD_NOT_CREATED	PIX_NOT_CREATED	LT_PIX_NOT_CREATED	KKR_NOT_STARTED	CI_NOT_CREATED	Draft assignment only; ID not official until final import is approved and registry row is created.
GPMC-TRK-ASSIGN-DRAFT-CLEAN-GLOBAL-20260624	56	GPMC-REG-IMPORT-DRAFT-CLEAN-GLOBAL-20260624	56	docs/registry/batch-intake-working-queues/gpmc_clean_global_track_working_queue_20260624.tsv	57	gpm_stl.csv	73263359	BELIEVE IN ME	BELIEVE IN ME	Chris Krause	Trad RICH n’ All	GPMC-TRK-000056	DRAFT_TRACK_ID_RESERVED_PENDING_ADMIN_APPROVAL	TRACK_RECORD_NOT_CREATED	PIX_NOT_CREATED	LT_PIX_NOT_CREATED	KKR_NOT_STARTED	CI_NOT_CREATED	Draft assignment only; ID not official until final import is approved and registry row is created.
GPMC-TRK-ASSIGN-DRAFT-CLEAN-GLOBAL-20260624	57	GPMC-REG-IMPORT-DRAFT-CLEAN-GLOBAL-20260624	57	docs/registry/batch-intake-working-queues/gpmc_clean_global_track_working_queue_20260624.tsv	58	gpm_stl.csv	73277502	SPARK THE FLAME	SPARK THE FLAME	Tyler Houk	Sexy Swagger	GPMC-TRK-000057	DRAFT_TRACK_ID_RESERVED_PENDING_ADMIN_APPROVAL	TRACK_RECORD_NOT_CREATED	PIX_NOT_CREATED	LT_PIX_NOT_CREATED	KKR_NOT_STARTED	CI_NOT_CREATED	Draft assignment only; ID not official until final import is approved and registry row is created.
GPMC-TRK-ASSIGN-DRAFT-CLEAN-GLOBAL-20260624	58	GPMC-REG-IMPORT-DRAFT-CLEAN-GLOBAL-20260624	58	docs/registry/batch-intake-working-queues/gpmc_clean_global_track_working_queue_20260624.tsv	59	gpm_stl.csv	73294620	HELLO MELLOW - INSTRO	HELLO MELLOW - INSTRO	Michael Scherer	Scherer Delight	GPMC-TRK-000058	DRAFT_TRACK_ID_RESERVED_PENDING_ADMIN_APPROVAL	TRACK_RECORD_NOT_CREATED	PIX_NOT_CREATED	LT_PIX_NOT_CREATED	KKR_NOT_STARTED	CI_NOT_CREATED	Draft assignment only; ID not official until final import is approved and registry row is created.
GPMC-TRK-ASSIGN-DRAFT-CLEAN-GLOBAL-20260624	59	GPMC-REG-IMPORT-DRAFT-CLEAN-GLOBAL-20260624	59	docs/registry/batch-intake-working-queues/gpmc_clean_global_track_working_queue_20260624.tsv	60	gpm_stl.csv	73295720	CHANGE FOR THE BETTER - INSTRO	CHANGE FOR THE BETTER - INSTRO	Michael Scherer	He Has Jazz	GPMC-TRK-000059	DRAFT_TRACK_ID_RESERVED_PENDING_ADMIN_APPROVAL	TRACK_RECORD_NOT_CREATED	PIX_NOT_CREATED	LT_PIX_NOT_CREATED	KKR_NOT_STARTED	CI_NOT_CREATED	Draft assignment only; ID not official until final import is approved and registry row is created.
GPMC-TRK-ASSIGN-DRAFT-CLEAN-GLOBAL-20260624	60	GPMC-REG-IMPORT-DRAFT-CLEAN-GLOBAL-20260624	60	docs/registry/batch-intake-working-queues/gpmc_clean_global_track_working_queue_20260624.tsv	61	gpm_stl.csv	73598276	DARK CLOUD - 4	DARK CLOUD - 4	Olivia Joy	Growing Stronger	GPMC-TRK-000060	DRAFT_TRACK_ID_RESERVED_PENDING_ADMIN_APPROVAL	TRACK_RECORD_NOT_CREATED	PIX_NOT_CREATED	LT_PIX_NOT_CREATED	KKR_NOT_STARTED	CI_NOT_CREATED	Draft assignment only; ID not official until final import is approved and registry row is created.
GPMC-TRK-ASSIGN-DRAFT-CLEAN-GLOBAL-20260624	61	GPMC-REG-IMPORT-DRAFT-CLEAN-GLOBAL-20260624	61	docs/registry/batch-intake-working-queues/gpmc_clean_global_track_working_queue_20260624.tsv	62	gpm_stl.csv	73598281	DARK CLOUD - 4 - El Remix - INSTRO	DARK CLOUD - 4 - El Remix - INSTRO	G Putnam Music	Crawlin' Not Fallin'	GPMC-TRK-000061	DRAFT_TRACK_ID_RESERVED_PENDING_ADMIN_APPROVAL	TRACK_RECORD_NOT_CREATED	PIX_NOT_CREATED	LT_PIX_NOT_CREATED	KKR_NOT_STARTED	CI_NOT_CREATED	Draft assignment only; ID not official until final import is approved and registry row is created.
GPMC-TRK-ASSIGN-DRAFT-CLEAN-GLOBAL-20260624	62	GPMC-REG-IMPORT-DRAFT-CLEAN-GLOBAL-20260624	62	docs/registry/batch-intake-working-queues/gpmc_clean_global_track_working_queue_20260624.tsv	63	gpm_stl.csv	73701169	MAYBE TONIGHT - ROCK INSTRO	MAYBE TONIGHT - ROCK - INSTRO	G Putnam Music	Rock Till We Drop	GPMC-TRK-000062	DRAFT_TRACK_ID_RESERVED_PENDING_ADMIN_APPROVAL	TRACK_RECORD_NOT_CREATED	PIX_NOT_CREATED	LT_PIX_NOT_CREATED	KKR_NOT_STARTED	CI_NOT_CREATED	Draft assignment only; ID not official until final import is approved and registry row is created.
GPMC-TRK-ASSIGN-DRAFT-CLEAN-GLOBAL-20260624	63	GPMC-REG-IMPORT-DRAFT-CLEAN-GLOBAL-20260624	63	docs/registry/batch-intake-working-queues/gpmc_clean_global_track_working_queue_20260624.tsv	64	gpm_stl.csv	73701299	ESTOY BIEN	ESTOY BIEN	NATU Visinia	Festive	GPMC-TRK-000063	DRAFT_TRACK_ID_RESERVED_PENDING_ADMIN_APPROVAL	TRACK_RECORD_NOT_CREATED	PIX_NOT_CREATED	LT_PIX_NOT_CREATED	KKR_NOT_STARTED	CI_NOT_CREATED	Draft assignment only; ID not official until final import is approved and registry row is created.
GPMC-TRK-ASSIGN-DRAFT-CLEAN-GLOBAL-20260624	64	GPMC-REG-IMPORT-DRAFT-CLEAN-GLOBAL-20260624	64	docs/registry/batch-intake-working-queues/gpmc_clean_global_track_working_queue_20260624.tsv	65	gpm_stl.csv	73907259	DARK CLOUD - 2 - Cello	DARK CLOUD - 2 - Cello	G Putnam Music	Soft Female Country	GPMC-TRK-000064	DRAFT_TRACK_ID_RESERVED_PENDING_ADMIN_APPROVAL	TRACK_RECORD_NOT_CREATED	PIX_NOT_CREATED	LT_PIX_NOT_CREATED	KKR_NOT_STARTED	CI_NOT_CREATED	Draft assignment only; ID not official until final import is approved and registry row is created.
GPMC-TRK-ASSIGN-DRAFT-CLEAN-GLOBAL-20260624	65	GPMC-REG-IMPORT-DRAFT-CLEAN-GLOBAL-20260624	65	docs/registry/batch-intake-working-queues/gpmc_clean_global_track_working_queue_20260624.tsv	66	gpm_stl.csv	73928045	TOO SOON	TOO SOON	Cindy Youngren	Vintage 90s	GPMC-TRK-000065	DRAFT_TRACK_ID_RESERVED_PENDING_ADMIN_APPROVAL	TRACK_RECORD_NOT_CREATED	PIX_NOT_CREATED	LT_PIX_NOT_CREATED	KKR_NOT_STARTED	CI_NOT_CREATED	Draft assignment only; ID not official until final import is approved and registry row is created.
GPMC-TRK-ASSIGN-DRAFT-CLEAN-GLOBAL-20260624	66	GPMC-REG-IMPORT-DRAFT-CLEAN-GLOBAL-20260624	66	docs/registry/batch-intake-working-queues/gpmc_clean_global_track_working_queue_20260624.tsv	67	gpm_stl.csv	73971801	COOL - HUMOROUS	COOL - HUMOROUS	Anjanel Folkens	Trad RICH n’ All	GPMC-TRK-000066	DRAFT_TRACK_ID_RESERVED_PENDING_ADMIN_APPROVAL	TRACK_RECORD_NOT_CREATED	PIX_NOT_CREATED	LT_PIX_NOT_CREATED	KKR_NOT_STARTED	CI_NOT_CREATED	Draft assignment only; ID not official until final import is approved and registry row is created.
GPMC-TRK-ASSIGN-DRAFT-CLEAN-GLOBAL-20260624	67	GPMC-REG-IMPORT-DRAFT-CLEAN-GLOBAL-20260624	67	docs/registry/batch-intake-working-queues/gpmc_clean_global_track_working_queue_20260624.tsv	68	gpm_stl.csv	73980318	HEART'S OFF BREAK - INSTRO	HEART'S OFF BREAK - INSTRO	G Putnam Music	Dance Steady	GPMC-TRK-000067	DRAFT_TRACK_ID_RESERVED_PENDING_ADMIN_APPROVAL	TRACK_RECORD_NOT_CREATED	PIX_NOT_CREATED	LT_PIX_NOT_CREATED	KKR_NOT_STARTED	CI_NOT_CREATED	Draft assignment only; ID not official until final import is approved and registry row is created.
GPMC-TRK-ASSIGN-DRAFT-CLEAN-GLOBAL-20260624	68	GPMC-REG-IMPORT-DRAFT-CLEAN-GLOBAL-20260624	68	docs/registry/batch-intake-working-queues/gpmc_clean_global_track_working_queue_20260624.tsv	69	gpm_stl.csv	73997218	SAYIN' GOODBYE	SAYIN' GOODBYE	Ashleigh Brucker	An Ash Bash	GPMC-TRK-000068	DRAFT_TRACK_ID_RESERVED_PENDING_ADMIN_APPROVAL	TRACK_RECORD_NOT_CREATED	PIX_NOT_CREATED	LT_PIX_NOT_CREATED	KKR_NOT_STARTED	CI_NOT_CREATED	Draft assignment only; ID not official until final import is approved and registry row is created.
GPMC-TRK-ASSIGN-DRAFT-CLEAN-GLOBAL-20260624	69	GPMC-REG-IMPORT-DRAFT-CLEAN-GLOBAL-20260624	69	docs/registry/batch-intake-working-queues/gpmc_clean_global_track_working_queue_20260624.tsv	70	gpm_stl.csv	74053220	CHASER - INSTRO	CHASER - INSTRO	G Putnam Music	Sweet as Sexy	GPMC-TRK-000069	DRAFT_TRACK_ID_RESERVED_PENDING_ADMIN_APPROVAL	TRACK_RECORD_NOT_CREATED	PIX_NOT_CREATED	LT_PIX_NOT_CREATED	KKR_NOT_STARTED	CI_NOT_CREATED	Draft assignment only; ID not official until final import is approved and registry row is created.
GPMC-TRK-ASSIGN-DRAFT-CLEAN-GLOBAL-20260624	70	GPMC-REG-IMPORT-DRAFT-CLEAN-GLOBAL-20260624	70	docs/registry/batch-intake-working-queues/gpmc_clean_global_track_working_queue_20260624.tsv	71	gpm_stl.csv	74170651	INTO THE LIGHT - DUO Harmonies	INTO THE LIGHT - DUO Harmonies	Emily Hope, Erik W Nelson	Crawling NOT Falling	GPMC-TRK-000070	DRAFT_TRACK_ID_RESERVED_PENDING_ADMIN_APPROVAL	TRACK_RECORD_NOT_CREATED	PIX_NOT_CREATED	LT_PIX_NOT_CREATED	KKR_NOT_STARTED	CI_NOT_CREATED	Draft assignment only; ID not official until final import is approved and registry row is created.
GPMC-TRK-ASSIGN-DRAFT-CLEAN-GLOBAL-20260624	71	GPMC-REG-IMPORT-DRAFT-CLEAN-GLOBAL-20260624	71	docs/registry/batch-intake-working-queues/gpmc_clean_global_track_working_queue_20260624.tsv	72	gpm_stl.csv	74291994	CRUISIN' ALONG - INSTRO	CRUISIN' ALONG - INSTRO	Michael Scherer	Scherer Delight	GPMC-TRK-000071	DRAFT_TRACK_ID_RESERVED_PENDING_ADMIN_APPROVAL	TRACK_RECORD_NOT_CREATED	PIX_NOT_CREATED	LT_PIX_NOT_CREATED	KKR_NOT_STARTED	CI_NOT_CREATED	Draft assignment only; ID not official until final import is approved and registry row is created.
GPMC-TRK-ASSIGN-DRAFT-CLEAN-GLOBAL-20260624	72	GPMC-REG-IMPORT-DRAFT-CLEAN-GLOBAL-20260624	72	docs/registry/batch-intake-working-queues/gpmc_clean_global_track_working_queue_20260624.tsv	73	gpm_stl.csv	74361966	FRIGHT FLIGHT - INSTRO	FRIGHT FLIGHT - INSTRO	Michael Scherer	Scherer Desire	GPMC-TRK-000072	DRAFT_TRACK_ID_RESERVED_PENDING_ADMIN_APPROVAL	TRACK_RECORD_NOT_CREATED	PIX_NOT_CREATED	LT_PIX_NOT_CREATED	KKR_NOT_STARTED	CI_NOT_CREATED	Draft assignment only; ID not official until final import is approved and registry row is created.
GPMC-TRK-ASSIGN-DRAFT-CLEAN-GLOBAL-20260624	73	GPMC-REG-IMPORT-DRAFT-CLEAN-GLOBAL-20260624	73	docs/registry/batch-intake-working-queues/gpmc_clean_global_track_working_queue_20260624.tsv	74	gpm_stl.csv	74405498	LIGHT IT UP - INSTRO	LIGHT IT UP - INSTRO	Michael Scherer	Scherer Delight	GPMC-TRK-000073	DRAFT_TRACK_ID_RESERVED_PENDING_ADMIN_APPROVAL	TRACK_RECORD_NOT_CREATED	PIX_NOT_CREATED	LT_PIX_NOT_CREATED	KKR_NOT_STARTED	CI_NOT_CREATED	Draft assignment only; ID not official until final import is approved and registry row is created.
GPMC-TRK-ASSIGN-DRAFT-CLEAN-GLOBAL-20260624	74	GPMC-REG-IMPORT-DRAFT-CLEAN-GLOBAL-20260624	74	docs/registry/batch-intake-working-queues/gpmc_clean_global_track_working_queue_20260624.tsv	75	gpm_stl.csv	75014508	RIDIN' CLOUD 10	RIDIN' CLOUD 10	NATU Visinia	NATU Ought To	GPMC-TRK-000074	DRAFT_TRACK_ID_RESERVED_PENDING_ADMIN_APPROVAL	TRACK_RECORD_NOT_CREATED	PIX_NOT_CREATED	LT_PIX_NOT_CREATED	KKR_NOT_STARTED	CI_NOT_CREATED	Draft assignment only; ID not official until final import is approved and registry row is created.
GPMC-TRK-ASSIGN-DRAFT-CLEAN-GLOBAL-20260624	75	GPMC-REG-IMPORT-DRAFT-CLEAN-GLOBAL-20260624	75	docs/registry/batch-intake-working-queues/gpmc_clean_global_track_working_queue_20260624.tsv	76	gpm_stl.csv	75958831	WAY DEEP	WAY DEEP	Billy Harper	Cowboy Country	GPMC-TRK-000075	DRAFT_TRACK_ID_RESERVED_PENDING_ADMIN_APPROVAL	TRACK_RECORD_NOT_CREATED	PIX_NOT_CREATED	LT_PIX_NOT_CREATED	KKR_NOT_STARTED	CI_NOT_CREATED	Draft assignment only; ID not official until final import is approved and registry row is created.
GPMC-TRK-ASSIGN-DRAFT-CLEAN-GLOBAL-20260624	76	GPMC-REG-IMPORT-DRAFT-CLEAN-GLOBAL-20260624	76	docs/registry/batch-intake-working-queues/gpmc_clean_global_track_working_queue_20260624.tsv	77	gpm_stl.csv	76135655	MY ROCK	MY ROCK	Zach Jackson	Clearly	GPMC-TRK-000076	DRAFT_TRACK_ID_RESERVED_PENDING_ADMIN_APPROVAL	TRACK_RECORD_NOT_CREATED	PIX_NOT_CREATED	LT_PIX_NOT_CREATED	KKR_NOT_STARTED	CI_NOT_CREATED	Draft assignment only; ID not official until final import is approved and registry row is created.
GPMC-TRK-ASSIGN-DRAFT-CLEAN-GLOBAL-20260624	77	GPMC-REG-IMPORT-DRAFT-CLEAN-GLOBAL-20260624	77	docs/registry/batch-intake-working-queues/gpmc_clean_global_track_working_queue_20260624.tsv	78	gpm_stl.csv	76197222	RENEGADE - Rock - Sports/Life	RENEGADE - Rock - Sports/Life	Elliot Sedgwick	Sports of Sorts	GPMC-TRK-000077	DRAFT_TRACK_ID_RESERVED_PENDING_ADMIN_APPROVAL	TRACK_RECORD_NOT_CREATED	PIX_NOT_CREATED	LT_PIX_NOT_CREATED	KKR_NOT_STARTED	CI_NOT_CREATED	Draft assignment only; ID not official until final import is approved and registry row is created.
GPMC-TRK-ASSIGN-DRAFT-CLEAN-GLOBAL-20260624	78	GPMC-REG-IMPORT-DRAFT-CLEAN-GLOBAL-20260624	78	docs/registry/batch-intake-working-queues/gpmc_clean_global_track_working_queue_20260624.tsv	79	gpm_stl.csv	76659341	GIVE ME A KISS	GIVE ME A KISS	Cindy Youngren	Sassy Sweet	GPMC-TRK-000078	DRAFT_TRACK_ID_RESERVED_PENDING_ADMIN_APPROVAL	TRACK_RECORD_NOT_CREATED	PIX_NOT_CREATED	LT_PIX_NOT_CREATED	KKR_NOT_STARTED	CI_NOT_CREATED	Draft assignment only; ID not official until final import is approved and registry row is created.
GPMC-TRK-ASSIGN-DRAFT-CLEAN-GLOBAL-20260624	79	GPMC-REG-IMPORT-DRAFT-CLEAN-GLOBAL-20260624	79	docs/registry/batch-intake-working-queues/gpmc_clean_global_track_working_queue_20260624.tsv	80	gpm_stl.csv	77252390	CUTS THROUGH ICE -  INSTRO	CUTS THROUGH ICE - INSTRO	G Putnam Music	Synth Nymph	GPMC-TRK-000079	DRAFT_TRACK_ID_RESERVED_PENDING_ADMIN_APPROVAL	TRACK_RECORD_NOT_CREATED	PIX_NOT_CREATED	LT_PIX_NOT_CREATED	KKR_NOT_STARTED	CI_NOT_CREATED	Draft assignment only; ID not official until final import is approved and registry row is created.
GPMC-TRK-ASSIGN-DRAFT-CLEAN-GLOBAL-20260624	80	GPMC-REG-IMPORT-DRAFT-CLEAN-GLOBAL-20260624	80	docs/registry/batch-intake-working-queues/gpmc_clean_global_track_working_queue_20260624.tsv	81	gpm_stl.csv	77376011	BLAME SAME - NEO-PUNK	BLAME SAME - NEO-PUNK	Zack Jackson	Dealin' Feelin'	GPMC-TRK-000080	DRAFT_TRACK_ID_RESERVED_PENDING_ADMIN_APPROVAL	TRACK_RECORD_NOT_CREATED	PIX_NOT_CREATED	LT_PIX_NOT_CREATED	KKR_NOT_STARTED	CI_NOT_CREATED	Draft assignment only; ID not official until final import is approved and registry row is created.
GPMC-TRK-ASSIGN-DRAFT-CLEAN-GLOBAL-20260624	81	GPMC-REG-IMPORT-DRAFT-CLEAN-GLOBAL-20260624	81	docs/registry/batch-intake-working-queues/gpmc_clean_global_track_working_queue_20260624.tsv	82	gpm_stl.csv	79811236	I AM A FIGHTER - Liv - Indie	I AM A FIGHTER - Liv - Indie	Olivia Joy	Pretty Pop	GPMC-TRK-000081	DRAFT_TRACK_ID_RESERVED_PENDING_ADMIN_APPROVAL	TRACK_RECORD_NOT_CREATED	PIX_NOT_CREATED	LT_PIX_NOT_CREATED	KKR_NOT_STARTED	CI_NOT_CREATED	Draft assignment only; ID not official until final import is approved and registry row is created.
GPMC-TRK-ASSIGN-DRAFT-CLEAN-GLOBAL-20260624	82	GPMC-REG-IMPORT-DRAFT-CLEAN-GLOBAL-20260624	82	docs/registry/batch-intake-working-queues/gpmc_clean_global_track_working_queue_20260624.tsv	83	gpm_stl.csv	79896283	RENEGADE - INSTRO	RENEGADE - INSTRO	G Putnam Music	Crashin’ NOT Fallin'	GPMC-TRK-000082	DRAFT_TRACK_ID_RESERVED_PENDING_ADMIN_APPROVAL	TRACK_RECORD_NOT_CREATED	PIX_NOT_CREATED	LT_PIX_NOT_CREATED	KKR_NOT_STARTED	CI_NOT_CREATED	Draft assignment only; ID not official until final import is approved and registry row is created.
GPMC-TRK-ASSIGN-DRAFT-CLEAN-GLOBAL-20260624	83	GPMC-REG-IMPORT-DRAFT-CLEAN-GLOBAL-20260624	83	docs/registry/batch-intake-working-queues/gpmc_clean_global_track_working_queue_20260624.tsv	84	gpm_stl.csv	80362440	COME ON  OUT - Jingle for Outside at Home	COME ON  OUT - Jingle for Outside at Home	G Putnam Music	Jingle	GPMC-TRK-000083	DRAFT_TRACK_ID_RESERVED_PENDING_ADMIN_APPROVAL	TRACK_RECORD_NOT_CREATED	PIX_NOT_CREATED	LT_PIX_NOT_CREATED	KKR_NOT_STARTED	CI_NOT_CREATED	Draft assignment only; ID not official until final import is approved and registry row is created.
GPMC-TRK-ASSIGN-DRAFT-CLEAN-GLOBAL-20260624	84	GPMC-REG-IMPORT-DRAFT-CLEAN-GLOBAL-20260624	84	docs/registry/batch-intake-working-queues/gpmc_clean_global_track_working_queue_20260624.tsv	85	gpm_stl.csv	80962200	THAT'S MY GIRL	THAT'S MY GIRL	NATU Visinia	NATU Ought To	GPMC-TRK-000084	DRAFT_TRACK_ID_RESERVED_PENDING_ADMIN_APPROVAL	TRACK_RECORD_NOT_CREATED	PIX_NOT_CREATED	LT_PIX_NOT_CREATED	KKR_NOT_STARTED	CI_NOT_CREATED	Draft assignment only; ID not official until final import is approved and registry row is created.
GPMC-TRK-ASSIGN-DRAFT-CLEAN-GLOBAL-20260624	85	GPMC-REG-IMPORT-DRAFT-CLEAN-GLOBAL-20260624	85	docs/registry/batch-intake-working-queues/gpmc_clean_global_track_working_queue_20260624.tsv	86	gpm_stl.csv	80973568	MAKE THAT CLIMB	MAKE THAT CLIMB	NATU Visinia	NATU Ought To	GPMC-TRK-000085	DRAFT_TRACK_ID_RESERVED_PENDING_ADMIN_APPROVAL	TRACK_RECORD_NOT_CREATED	PIX_NOT_CREATED	LT_PIX_NOT_CREATED	KKR_NOT_STARTED	CI_NOT_CREATED	Draft assignment only; ID not official until final import is approved and registry row is created.
GPMC-TRK-ASSIGN-DRAFT-CLEAN-GLOBAL-20260624	86	GPMC-REG-IMPORT-DRAFT-CLEAN-GLOBAL-20260624	86	docs/registry/batch-intake-working-queues/gpmc_clean_global_track_working_queue_20260624.tsv	87	gpm_stl.csv	81242052	WORLD TURNIN'	WORLD TURNIN'	NATU Visinia	NATU Ought To	GPMC-TRK-000086	DRAFT_TRACK_ID_RESERVED_PENDING_ADMIN_APPROVAL	TRACK_RECORD_NOT_CREATED	PIX_NOT_CREATED	LT_PIX_NOT_CREATED	KKR_NOT_STARTED	CI_NOT_CREATED	Draft assignment only; ID not official until final import is approved and registry row is created.
GPMC-TRK-ASSIGN-DRAFT-CLEAN-GLOBAL-20260624	87	GPMC-REG-IMPORT-DRAFT-CLEAN-GLOBAL-20260624	87	docs/registry/batch-intake-working-queues/gpmc_clean_global_track_working_queue_20260624.tsv	88	gpm_stl.csv	81857951	YOUR TOUCH  - Sexy	YOUR TOUCH  - Sexy	G Putnam Music	Sassy Sweet	GPMC-TRK-000087	DRAFT_TRACK_ID_RESERVED_PENDING_ADMIN_APPROVAL	TRACK_RECORD_NOT_CREATED	PIX_NOT_CREATED	LT_PIX_NOT_CREATED	KKR_NOT_STARTED	CI_NOT_CREATED	Draft assignment only; ID not official until final import is approved and registry row is created.
GPMC-TRK-ASSIGN-DRAFT-CLEAN-GLOBAL-20260624	88	GPMC-REG-IMPORT-DRAFT-CLEAN-GLOBAL-20260624	88	docs/registry/batch-intake-working-queues/gpmc_clean_global_track_working_queue_20260624.tsv	89	gpm_stl.csv	82040474	GOT ME SMOKIN' - INSTRO	GOT ME SMOKIN' - INSTRO	G Putnam Music	Sweet as Sexy	GPMC-TRK-000088	DRAFT_TRACK_ID_RESERVED_PENDING_ADMIN_APPROVAL	TRACK_RECORD_NOT_CREATED	PIX_NOT_CREATED	LT_PIX_NOT_CREATED	KKR_NOT_STARTED	CI_NOT_CREATED	Draft assignment only; ID not official until final import is approved and registry row is created.
GPMC-TRK-ASSIGN-DRAFT-CLEAN-GLOBAL-20260624	89	GPMC-REG-IMPORT-DRAFT-CLEAN-GLOBAL-20260624	89	docs/registry/batch-intake-working-queues/gpmc_clean_global_track_working_queue_20260624.tsv	90	gpm_stl.csv	82043654	MAYBE TONIGHT	MAYBE TONIGHT	G Putnam Music	80s/90s Root Rock	GPMC-TRK-000089	DRAFT_TRACK_ID_RESERVED_PENDING_ADMIN_APPROVAL	TRACK_RECORD_NOT_CREATED	PIX_NOT_CREATED	LT_PIX_NOT_CREATED	KKR_NOT_STARTED	CI_NOT_CREATED	Draft assignment only; ID not official until final import is approved and registry row is created.
GPMC-TRK-ASSIGN-DRAFT-CLEAN-GLOBAL-20260624	90	GPMC-REG-IMPORT-DRAFT-CLEAN-GLOBAL-20260624	90	docs/registry/batch-intake-working-queues/gpmc_clean_global_track_working_queue_20260624.tsv	91	gpm_stl.csv	82908355	RUN RUN RUN	RUN RUN RUN	G Putnam Music	SPORTS OF SORTS	GPMC-TRK-000090	DRAFT_TRACK_ID_RESERVED_PENDING_ADMIN_APPROVAL	TRACK_RECORD_NOT_CREATED	PIX_NOT_CREATED	LT_PIX_NOT_CREATED	KKR_NOT_STARTED	CI_NOT_CREATED	Draft assignment only; ID not official until final import is approved and registry row is created.
GPMC-TRK-ASSIGN-DRAFT-CLEAN-GLOBAL-20260624	91	GPMC-REG-IMPORT-DRAFT-CLEAN-GLOBAL-20260624	91	docs/registry/batch-intake-working-queues/gpmc_clean_global_track_working_queue_20260624.tsv	92	gpm_stl.csv	83735625	IN THE BLEAK MID-WINTER	IN THE BLEAK MID-WINTER	Cindy Youngren	Christmas	GPMC-TRK-000091	DRAFT_TRACK_ID_RESERVED_PENDING_ADMIN_APPROVAL	TRACK_RECORD_NOT_CREATED	PIX_NOT_CREATED	LT_PIX_NOT_CREATED	KKR_NOT_STARTED	CI_NOT_CREATED	Draft assignment only; ID not official until final import is approved and registry row is created.
GPMC-TRK-ASSIGN-DRAFT-CLEAN-GLOBAL-20260624	92	GPMC-REG-IMPORT-DRAFT-CLEAN-GLOBAL-20260624	92	docs/registry/batch-intake-working-queues/gpmc_clean_global_track_working_queue_20260624.tsv	93	gpm_stl.csv	84325799	TONIGHT	TONIGHT	G Putnam Music	- ROMANTIC, SEXY, ADORING	GPMC-TRK-000092	DRAFT_TRACK_ID_RESERVED_PENDING_ADMIN_APPROVAL	TRACK_RECORD_NOT_CREATED	PIX_NOT_CREATED	LT_PIX_NOT_CREATED	KKR_NOT_STARTED	CI_NOT_CREATED	Draft assignment only; ID not official until final import is approved and registry row is created.
GPMC-TRK-ASSIGN-DRAFT-CLEAN-GLOBAL-20260624	93	GPMC-REG-IMPORT-DRAFT-CLEAN-GLOBAL-20260624	93	docs/registry/batch-intake-working-queues/gpmc_clean_global_track_working_queue_20260624.tsv	94	gpm_stl.csv	84522273	COMIN' TRUE - INSTRO	COMIN' TRUE - INSTRO	G Putnam Music	Dance Steady	GPMC-TRK-000093	DRAFT_TRACK_ID_RESERVED_PENDING_ADMIN_APPROVAL	TRACK_RECORD_NOT_CREATED	PIX_NOT_CREATED	LT_PIX_NOT_CREATED	KKR_NOT_STARTED	CI_NOT_CREATED	Draft assignment only; ID not official until final import is approved and registry row is created.
GPMC-TRK-ASSIGN-DRAFT-CLEAN-GLOBAL-20260624	94	GPMC-REG-IMPORT-DRAFT-CLEAN-GLOBAL-20260624	94	docs/registry/batch-intake-working-queues/gpmc_clean_global_track_working_queue_20260624.tsv	95	gpm_stl.csv	84628320	BLINKIN' 'BOUT YOU	BLINKIN' 'BOUT YOU	G Putnam Music	Scherer Desire	GPMC-TRK-000094	DRAFT_TRACK_ID_RESERVED_PENDING_ADMIN_APPROVAL	TRACK_RECORD_NOT_CREATED	PIX_NOT_CREATED	LT_PIX_NOT_CREATED	KKR_NOT_STARTED	CI_NOT_CREATED	Draft assignment only; ID not official until final import is approved and registry row is created.
GPMC-TRK-ASSIGN-DRAFT-CLEAN-GLOBAL-20260624	95	GPMC-REG-IMPORT-DRAFT-CLEAN-GLOBAL-20260624	95	docs/registry/batch-intake-working-queues/gpmc_clean_global_track_working_queue_20260624.tsv	96	gpm_stl.csv	84628321	AM MISSING YOU - INSTRO	AM MISSING YOU - INSTRO	G Putnam Music	Film/TV	GPMC-TRK-000095	DRAFT_TRACK_ID_RESERVED_PENDING_ADMIN_APPROVAL	TRACK_RECORD_NOT_CREATED	PIX_NOT_CREATED	LT_PIX_NOT_CREATED	KKR_NOT_STARTED	CI_NOT_CREATED	Draft assignment only; ID not official until final import is approved and registry row is created.
GPMC-TRK-ASSIGN-DRAFT-CLEAN-GLOBAL-20260624	96	GPMC-REG-IMPORT-DRAFT-CLEAN-GLOBAL-20260624	96	docs/registry/batch-intake-working-queues/gpmc_clean_global_track_working_queue_20260624.tsv	97	gpm_stl.csv	84638659	I DO SWEAR - INSTRO	I DO SWEAR - INSTRO	G Putnam Music	Slight Light	GPMC-TRK-000096	DRAFT_TRACK_ID_RESERVED_PENDING_ADMIN_APPROVAL	TRACK_RECORD_NOT_CREATED	PIX_NOT_CREATED	LT_PIX_NOT_CREATED	KKR_NOT_STARTED	CI_NOT_CREATED	Draft assignment only; ID not official until final import is approved and registry row is created.
GPMC-TRK-ASSIGN-DRAFT-CLEAN-GLOBAL-20260624	97	GPMC-REG-IMPORT-DRAFT-CLEAN-GLOBAL-20260624	97	docs/registry/batch-intake-working-queues/gpmc_clean_global_track_working_queue_20260624.tsv	98	gpm_stl.csv	84644555	IN THE END - INSTRO	IN THE END - INSTRO	G Putnam Music	Desperate & Dirty	GPMC-TRK-000097	DRAFT_TRACK_ID_RESERVED_PENDING_ADMIN_APPROVAL	TRACK_RECORD_NOT_CREATED	PIX_NOT_CREATED	LT_PIX_NOT_CREATED	KKR_NOT_STARTED	CI_NOT_CREATED	Draft assignment only; ID not official until final import is approved and registry row is created.
GPMC-TRK-ASSIGN-DRAFT-CLEAN-GLOBAL-20260624	98	GPMC-REG-IMPORT-DRAFT-CLEAN-GLOBAL-20260624	98	docs/registry/batch-intake-working-queues/gpmc_clean_global_track_working_queue_20260624.tsv	99	gpm_stl.csv	84884072	SEARCHIN' - INSTRO	SEARCHIN' - INSTRO	G Putnam Music	Remembering Forgetting	GPMC-TRK-000098	DRAFT_TRACK_ID_RESERVED_PENDING_ADMIN_APPROVAL	TRACK_RECORD_NOT_CREATED	PIX_NOT_CREATED	LT_PIX_NOT_CREATED	KKR_NOT_STARTED	CI_NOT_CREATED	Draft assignment only; ID not official until final import is approved and registry row is created.
GPMC-TRK-ASSIGN-DRAFT-CLEAN-GLOBAL-20260624	99	GPMC-REG-IMPORT-DRAFT-CLEAN-GLOBAL-20260624	99	docs/registry/batch-intake-working-queues/gpmc_clean_global_track_working_queue_20260624.tsv	100	gpm_stl.csv	84884455	SPARK THE FLAME - INSTRO	SPARK THE FLAME - INSTRO	G Putnam Music	Sweet as Sexy	GPMC-TRK-000099	DRAFT_TRACK_ID_RESERVED_PENDING_ADMIN_APPROVAL	TRACK_RECORD_NOT_CREATED	PIX_NOT_CREATED	LT_PIX_NOT_CREATED	KKR_NOT_STARTED	CI_NOT_CREATED	Draft assignment only; ID not official until final import is approved and registry row is created.
GPMC-TRK-ASSIGN-DRAFT-CLEAN-GLOBAL-20260624	100	GPMC-REG-IMPORT-DRAFT-CLEAN-GLOBAL-20260624	100	docs/registry/batch-intake-working-queues/gpmc_clean_global_track_working_queue_20260624.tsv	101	gpm_stl.csv	84884606	SWIPE RIGHT - INSTRO	SWIPE RIGHT - INSTRO	G Putnam Music	Sweet as Sexy	GPMC-TRK-000100	DRAFT_TRACK_ID_RESERVED_PENDING_ADMIN_APPROVAL	TRACK_RECORD_NOT_CREATED	PIX_NOT_CREATED	LT_PIX_NOT_CREATED	KKR_NOT_STARTED	CI_NOT_CREATED	Draft assignment only; ID not official until final import is approved and registry row is created.
GPMC-TRK-ASSIGN-DRAFT-CLEAN-GLOBAL-20260624	101	GPMC-REG-IMPORT-DRAFT-CLEAN-GLOBAL-20260624	101	docs/registry/batch-intake-working-queues/gpmc_clean_global_track_working_queue_20260624.tsv	102	gpm_stl.csv	84885853	TIME KEEPS ON MOVIN - INSTRO	TIME KEEPS ON MOVIN - INSTRO	G Putnam Music	Slight Light	GPMC-TRK-000101	DRAFT_TRACK_ID_RESERVED_PENDING_ADMIN_APPROVAL	TRACK_RECORD_NOT_CREATED	PIX_NOT_CREATED	LT_PIX_NOT_CREATED	KKR_NOT_STARTED	CI_NOT_CREATED	Draft assignment only; ID not official until final import is approved and registry row is created.
GPMC-TRK-ASSIGN-DRAFT-CLEAN-GLOBAL-20260624	102	GPMC-REG-IMPORT-DRAFT-CLEAN-GLOBAL-20260624	102	docs/registry/batch-intake-working-queues/gpmc_clean_global_track_working_queue_20260624.tsv	103	gpm_stl.csv	85598810	I LIKE TO LIKE - INSTRO	I LIKE TO LIKE - INSTRO	Michael Scherer	Scherer Delight	GPMC-TRK-000102	DRAFT_TRACK_ID_RESERVED_PENDING_ADMIN_APPROVAL	TRACK_RECORD_NOT_CREATED	PIX_NOT_CREATED	LT_PIX_NOT_CREATED	KKR_NOT_STARTED	CI_NOT_CREATED	Draft assignment only; ID not official until final import is approved and registry row is created.
GPMC-TRK-ASSIGN-DRAFT-CLEAN-GLOBAL-20260624	103	GPMC-REG-IMPORT-DRAFT-CLEAN-GLOBAL-20260624	103	docs/registry/batch-intake-working-queues/gpmc_clean_global_track_working_queue_20260624.tsv	104	gpm_stl.csv	85638364	MISTY MIDNIGHT BLUE - SINGER SONGWRITER MIX	MISTY MIDNIGHT BLUE - SINGER SONGWRITER MIX	Natu Visinia	Growing Stronger	GPMC-TRK-000103	DRAFT_TRACK_ID_RESERVED_PENDING_ADMIN_APPROVAL	TRACK_RECORD_NOT_CREATED	PIX_NOT_CREATED	LT_PIX_NOT_CREATED	KKR_NOT_STARTED	CI_NOT_CREATED	Draft assignment only; ID not official until final import is approved and registry row is created.
GPMC-TRK-ASSIGN-DRAFT-CLEAN-GLOBAL-20260624	104	GPMC-REG-IMPORT-DRAFT-CLEAN-GLOBAL-20260624	104	docs/registry/batch-intake-working-queues/gpmc_clean_global_track_working_queue_20260624.tsv	105	gpm_stl.csv	86475082	STAY IN MY WAY	STAY IN MY WAY	NATU Visinia	NATU Ought To	GPMC-TRK-000104	DRAFT_TRACK_ID_RESERVED_PENDING_ADMIN_APPROVAL	TRACK_RECORD_NOT_CREATED	PIX_NOT_CREATED	LT_PIX_NOT_CREATED	KKR_NOT_STARTED	CI_NOT_CREATED	Draft assignment only; ID not official until final import is approved and registry row is created.
GPMC-TRK-ASSIGN-DRAFT-CLEAN-GLOBAL-20260624	105	GPMC-REG-IMPORT-DRAFT-CLEAN-GLOBAL-20260624	105	docs/registry/batch-intake-working-queues/gpmc_clean_global_track_working_queue_20260624.tsv	106	gpm_stl.csv	86744337	UH OH HERE WE GO	UH OH HERE WE GO	Erik W Nelson	Sports of Sorts	GPMC-TRK-000105	DRAFT_TRACK_ID_RESERVED_PENDING_ADMIN_APPROVAL	TRACK_RECORD_NOT_CREATED	PIX_NOT_CREATED	LT_PIX_NOT_CREATED	KKR_NOT_STARTED	CI_NOT_CREATED	Draft assignment only; ID not official until final import is approved and registry row is created.
GPMC-TRK-ASSIGN-DRAFT-CLEAN-GLOBAL-20260624	106	GPMC-REG-IMPORT-DRAFT-CLEAN-GLOBAL-20260624	106	docs/registry/batch-intake-working-queues/gpmc_clean_global_track_working_queue_20260624.tsv	107	gpm_stl.csv	87044144	COOL JAZZ JIVIN' - INSTRO	COOL JAZZ JIVIN' - INSTRO	Michael Scherer	Scherer Delight	GPMC-TRK-000106	DRAFT_TRACK_ID_RESERVED_PENDING_ADMIN_APPROVAL	TRACK_RECORD_NOT_CREATED	PIX_NOT_CREATED	LT_PIX_NOT_CREATED	KKR_NOT_STARTED	CI_NOT_CREATED	Draft assignment only; ID not official until final import is approved and registry row is created.
GPMC-TRK-ASSIGN-DRAFT-CLEAN-GLOBAL-20260624	107	GPMC-REG-IMPORT-DRAFT-CLEAN-GLOBAL-20260624	107	docs/registry/batch-intake-working-queues/gpmc_clean_global_track_working_queue_20260624.tsv	108	gpm_stl.csv	87044146	GROOVIN' SOUL - INSTRO	GROOVIN' SOUL - INSTRO	Michael Scherer	Scherer Delight	GPMC-TRK-000107	DRAFT_TRACK_ID_RESERVED_PENDING_ADMIN_APPROVAL	TRACK_RECORD_NOT_CREATED	PIX_NOT_CREATED	LT_PIX_NOT_CREATED	KKR_NOT_STARTED	CI_NOT_CREATED	Draft assignment only; ID not official until final import is approved and registry row is created.
GPMC-TRK-ASSIGN-DRAFT-CLEAN-GLOBAL-20260624	108	GPMC-REG-IMPORT-DRAFT-CLEAN-GLOBAL-20260624	108	docs/registry/batch-intake-working-queues/gpmc_clean_global_track_working_queue_20260624.tsv	109	gpm_stl.csv	87044152	STRUTTIN' SAM - Short - INSTRO	STRUTTIN' SAM - Short - INSTRO	Michael Scherer	He Has Jazz	GPMC-TRK-000108	DRAFT_TRACK_ID_RESERVED_PENDING_ADMIN_APPROVAL	TRACK_RECORD_NOT_CREATED	PIX_NOT_CREATED	LT_PIX_NOT_CREATED	KKR_NOT_STARTED	CI_NOT_CREATED	Draft assignment only; ID not official until final import is approved and registry row is created.
GPMC-TRK-ASSIGN-DRAFT-CLEAN-GLOBAL-20260624	109	GPMC-REG-IMPORT-DRAFT-CLEAN-GLOBAL-20260624	109	docs/registry/batch-intake-working-queues/gpmc_clean_global_track_working_queue_20260624.tsv	110	gpm_stl.csv	87044155	TAKIN' THE TIME - INSTRO	TAKIN' THE TIME - INSTRO	Michael Scherer	He Has Jazz	GPMC-TRK-000109	DRAFT_TRACK_ID_RESERVED_PENDING_ADMIN_APPROVAL	TRACK_RECORD_NOT_CREATED	PIX_NOT_CREATED	LT_PIX_NOT_CREATED	KKR_NOT_STARTED	CI_NOT_CREATED	Draft assignment only; ID not official until final import is approved and registry row is created.
GPMC-TRK-ASSIGN-DRAFT-CLEAN-GLOBAL-20260624	110	GPMC-REG-IMPORT-DRAFT-CLEAN-GLOBAL-20260624	110	docs/registry/batch-intake-working-queues/gpmc_clean_global_track_working_queue_20260624.tsv	111	gpm_stl.csv	87048508	WHERE ARE THE SMILES - INSTRO	WHERE ARE THE SMILES - INSTRO	Michael Scherer	He Has Jazz	GPMC-TRK-000110	DRAFT_TRACK_ID_RESERVED_PENDING_ADMIN_APPROVAL	TRACK_RECORD_NOT_CREATED	PIX_NOT_CREATED	LT_PIX_NOT_CREATED	KKR_NOT_STARTED	CI_NOT_CREATED	Draft assignment only; ID not official until final import is approved and registry row is created.
GPMC-TRK-ASSIGN-DRAFT-CLEAN-GLOBAL-20260624	111	GPMC-REG-IMPORT-DRAFT-CLEAN-GLOBAL-20260624	111	docs/registry/batch-intake-working-queues/gpmc_clean_global_track_working_queue_20260624.tsv	112	gpm_stl.csv	87364619	TRIPLE TREAT - INSTRO	TRIPLE TREAT - INSTRO	Michael Scherer	Scherer Desire	GPMC-TRK-000111	DRAFT_TRACK_ID_RESERVED_PENDING_ADMIN_APPROVAL	TRACK_RECORD_NOT_CREATED	PIX_NOT_CREATED	LT_PIX_NOT_CREATED	KKR_NOT_STARTED	CI_NOT_CREATED	Draft assignment only; ID not official until final import is approved and registry row is created.
GPMC-TRK-ASSIGN-DRAFT-CLEAN-GLOBAL-20260624	112	GPMC-REG-IMPORT-DRAFT-CLEAN-GLOBAL-20260624	112	docs/registry/batch-intake-working-queues/gpmc_clean_global_track_working_queue_20260624.tsv	113	gpm_stl.csv	88459348	MY EYES TELL IT ALL - INSTRO	MY EYES TELL IT ALL - INSTRO	G Putnam Music	Desperate & Dirty	GPMC-TRK-000112	DRAFT_TRACK_ID_RESERVED_PENDING_ADMIN_APPROVAL	TRACK_RECORD_NOT_CREATED	PIX_NOT_CREATED	LT_PIX_NOT_CREATED	KKR_NOT_STARTED	CI_NOT_CREATED	Draft assignment only; ID not official until final import is approved and registry row is created.
GPMC-TRK-ASSIGN-DRAFT-CLEAN-GLOBAL-20260624	113	GPMC-REG-IMPORT-DRAFT-CLEAN-GLOBAL-20260624	113	docs/registry/batch-intake-working-queues/gpmc_clean_global_track_working_queue_20260624.tsv	114	gpm_stl.csv	88735944	YOUR TOUCH - INSTRUMENTAL	YOUR TOUCH - INSTRO	G Putnam Music	Sweet as Sexy	GPMC-TRK-000113	DRAFT_TRACK_ID_RESERVED_PENDING_ADMIN_APPROVAL	TRACK_RECORD_NOT_CREATED	PIX_NOT_CREATED	LT_PIX_NOT_CREATED	KKR_NOT_STARTED	CI_NOT_CREATED	Draft assignment only; ID not official until final import is approved and registry row is created.
GPMC-TRK-ASSIGN-DRAFT-CLEAN-GLOBAL-20260624	114	GPMC-REG-IMPORT-DRAFT-CLEAN-GLOBAL-20260624	114	docs/registry/batch-intake-working-queues/gpmc_clean_global_track_working_queue_20260624.tsv	115	gpm_stl.csv	88820597	SOMETIMES - INSTRO	SOMETIMES - INSTRO	G Putnam Music	Desperate & Dirty	GPMC-TRK-000114	DRAFT_TRACK_ID_RESERVED_PENDING_ADMIN_APPROVAL	TRACK_RECORD_NOT_CREATED	PIX_NOT_CREATED	LT_PIX_NOT_CREATED	KKR_NOT_STARTED	CI_NOT_CREATED	Draft assignment only; ID not official until final import is approved and registry row is created.
GPMC-TRK-ASSIGN-DRAFT-CLEAN-GLOBAL-20260624	115	GPMC-REG-IMPORT-DRAFT-CLEAN-GLOBAL-20260624	115	docs/registry/batch-intake-working-queues/gpmc_clean_global_track_working_queue_20260624.tsv	116	gpm_stl.csv	88839181	CAN'T STOP MY EYES - TRAILER	CAN'T STOP MY EYES - TRAILER	G Putnam Music	Synth Nymph	GPMC-TRK-000115	DRAFT_TRACK_ID_RESERVED_PENDING_ADMIN_APPROVAL	TRACK_RECORD_NOT_CREATED	PIX_NOT_CREATED	LT_PIX_NOT_CREATED	KKR_NOT_STARTED	CI_NOT_CREATED	Draft assignment only; ID not official until final import is approved and registry row is created.
GPMC-TRK-ASSIGN-DRAFT-CLEAN-GLOBAL-20260624	116	GPMC-REG-IMPORT-DRAFT-CLEAN-GLOBAL-20260624	116	docs/registry/batch-intake-working-queues/gpmc_clean_global_track_working_queue_20260624.tsv	117	gpm_stl.csv	89000077	UH OH HERE WE GO - INSTRO	UH OH HERE WE GO - INSTRO	G Putnam Music	Sports of Sorts	GPMC-TRK-000116	DRAFT_TRACK_ID_RESERVED_PENDING_ADMIN_APPROVAL	TRACK_RECORD_NOT_CREATED	PIX_NOT_CREATED	LT_PIX_NOT_CREATED	KKR_NOT_STARTED	CI_NOT_CREATED	Draft assignment only; ID not official until final import is approved and registry row is created.
GPMC-TRK-ASSIGN-DRAFT-CLEAN-GLOBAL-20260624	117	GPMC-REG-IMPORT-DRAFT-CLEAN-GLOBAL-20260624	117	docs/registry/batch-intake-working-queues/gpmc_clean_global_track_working_queue_20260624.tsv	118	gpm_stl.csv	89051849	THE FOUNDATION - DEMOCRACY	THE FOUNDATION - DEMOCRACY	Elliot Sedgwick	The Struggle	GPMC-TRK-000117	DRAFT_TRACK_ID_RESERVED_PENDING_ADMIN_APPROVAL	TRACK_RECORD_NOT_CREATED	PIX_NOT_CREATED	LT_PIX_NOT_CREATED	KKR_NOT_STARTED	CI_NOT_CREATED	Draft assignment only; ID not official until final import is approved and registry row is created.
GPMC-TRK-ASSIGN-DRAFT-CLEAN-GLOBAL-20260624	118	GPMC-REG-IMPORT-DRAFT-CLEAN-GLOBAL-20260624	118	docs/registry/batch-intake-working-queues/gpmc_clean_global_track_working_queue_20260624.tsv	119	gpm_stl.csv	89073169	NO! WON'T DO IT AGAIN  - INSTRO	NO! WON'T DO IT AGAIN - INSTRO	G Putnam Music	Synth Nymph	GPMC-TRK-000118	DRAFT_TRACK_ID_RESERVED_PENDING_ADMIN_APPROVAL	TRACK_RECORD_NOT_CREATED	PIX_NOT_CREATED	LT_PIX_NOT_CREATED	KKR_NOT_STARTED	CI_NOT_CREATED	Draft assignment only; ID not official until final import is approved and registry row is created.
GPMC-TRK-ASSIGN-DRAFT-CLEAN-GLOBAL-20260624	119	GPMC-REG-IMPORT-DRAFT-CLEAN-GLOBAL-20260624	119	docs/registry/batch-intake-working-queues/gpmc_clean_global_track_working_queue_20260624.tsv	120	gpm_stl.csv	89083504	TIME'S PRESENT -  INSTRO	TIME'S PRESENT - INSTRO	G Putnam Music	Bustin’ Out	GPMC-TRK-000119	DRAFT_TRACK_ID_RESERVED_PENDING_ADMIN_APPROVAL	TRACK_RECORD_NOT_CREATED	PIX_NOT_CREATED	LT_PIX_NOT_CREATED	KKR_NOT_STARTED	CI_NOT_CREATED	Draft assignment only; ID not official until final import is approved and registry row is created.
GPMC-TRK-ASSIGN-DRAFT-CLEAN-GLOBAL-20260624	120	GPMC-REG-IMPORT-DRAFT-CLEAN-GLOBAL-20260624	120	docs/registry/batch-intake-working-queues/gpmc_clean_global_track_working_queue_20260624.tsv	121	gpm_stl.csv	89145838	RIGHT HERE SOMEHOW - INSTRO	RIGHT HERE SOMEHOW - INSTRO	G Putnam Music	CLUBBIN'	GPMC-TRK-000120	DRAFT_TRACK_ID_RESERVED_PENDING_ADMIN_APPROVAL	TRACK_RECORD_NOT_CREATED	PIX_NOT_CREATED	LT_PIX_NOT_CREATED	KKR_NOT_STARTED	CI_NOT_CREATED	Draft assignment only; ID not official until final import is approved and registry row is created.
GPMC-TRK-ASSIGN-DRAFT-CLEAN-GLOBAL-20260624	121	GPMC-REG-IMPORT-DRAFT-CLEAN-GLOBAL-20260624	121	docs/registry/batch-intake-working-queues/gpmc_clean_global_track_working_queue_20260624.tsv	122	gpm_stl.csv	89280768	PILLS OR PAIN - INSTRO	PILLS OR PAIN - INSTRO	G Putnam Music	Desperate & Dirty	GPMC-TRK-000121	DRAFT_TRACK_ID_RESERVED_PENDING_ADMIN_APPROVAL	TRACK_RECORD_NOT_CREATED	PIX_NOT_CREATED	LT_PIX_NOT_CREATED	KKR_NOT_STARTED	CI_NOT_CREATED	Draft assignment only; ID not official until final import is approved and registry row is created.
GPMC-TRK-ASSIGN-DRAFT-CLEAN-GLOBAL-20260624	122	GPMC-REG-IMPORT-DRAFT-CLEAN-GLOBAL-20260624	122	docs/registry/batch-intake-working-queues/gpmc_clean_global_track_working_queue_20260624.tsv	123	gpm_stl.csv	89439950	ASK ME TO DANCE	ASK ME TO DANCE	G Putnam Music	Dance Steady	GPMC-TRK-000122	DRAFT_TRACK_ID_RESERVED_PENDING_ADMIN_APPROVAL	TRACK_RECORD_NOT_CREATED	PIX_NOT_CREATED	LT_PIX_NOT_CREATED	KKR_NOT_STARTED	CI_NOT_CREATED	Draft assignment only; ID not official until final import is approved and registry row is created.
GPMC-TRK-ASSIGN-DRAFT-CLEAN-GLOBAL-20260624	123	GPMC-REG-IMPORT-DRAFT-CLEAN-GLOBAL-20260624	123	docs/registry/batch-intake-working-queues/gpmc_clean_global_track_working_queue_20260624.tsv	124	gpm_stl.csv	89654189	HEARTS 💕  LIKE MINE	HEARTS 💕  LIKE MINE	Michael Schere	Coming Through	GPMC-TRK-000123	DRAFT_TRACK_ID_RESERVED_PENDING_ADMIN_APPROVAL	TRACK_RECORD_NOT_CREATED	PIX_NOT_CREATED	LT_PIX_NOT_CREATED	KKR_NOT_STARTED	CI_NOT_CREATED	Draft assignment only; ID not official until final import is approved and registry row is created.
GPMC-TRK-ASSIGN-DRAFT-CLEAN-GLOBAL-20260624	124	GPMC-REG-IMPORT-DRAFT-CLEAN-GLOBAL-20260624	124	docs/registry/batch-intake-working-queues/gpmc_clean_global_track_working_queue_20260624.tsv	125	gpm_stl.csv	89784762	LA BUENA VIDA - INSTRO	LA BUENA VIDA - INSTRO	Michael Scherer	Scherer Desire	GPMC-TRK-000124	DRAFT_TRACK_ID_RESERVED_PENDING_ADMIN_APPROVAL	TRACK_RECORD_NOT_CREATED	PIX_NOT_CREATED	LT_PIX_NOT_CREATED	KKR_NOT_STARTED	CI_NOT_CREATED	Draft assignment only; ID not official until final import is approved and registry row is created.
GPMC-TRK-ASSIGN-DRAFT-CLEAN-GLOBAL-20260624	125	GPMC-REG-IMPORT-DRAFT-CLEAN-GLOBAL-20260624	125	docs/registry/batch-intake-working-queues/gpmc_clean_global_track_working_queue_20260624.tsv	126	gpm_stl.csv	89784763	ALL NIGHT LONG - INSTRO	ALL NIGHT LONG - INSTRO	G Putnam Music	Scherer Desire	GPMC-TRK-000125	DRAFT_TRACK_ID_RESERVED_PENDING_ADMIN_APPROVAL	TRACK_RECORD_NOT_CREATED	PIX_NOT_CREATED	LT_PIX_NOT_CREATED	KKR_NOT_STARTED	CI_NOT_CREATED	Draft assignment only; ID not official until final import is approved and registry row is created.
GPMC-TRK-ASSIGN-DRAFT-CLEAN-GLOBAL-20260624	126	GPMC-REG-IMPORT-DRAFT-CLEAN-GLOBAL-20260624	126	docs/registry/batch-intake-working-queues/gpmc_clean_global_track_working_queue_20260624.tsv	127	gpm_stl.csv	89784764	CRUISIN' LITE - INSTRO	CRUISIN' LITE - INSTRO	G Putnam Music	He Has Jazz	GPMC-TRK-000126	DRAFT_TRACK_ID_RESERVED_PENDING_ADMIN_APPROVAL	TRACK_RECORD_NOT_CREATED	PIX_NOT_CREATED	LT_PIX_NOT_CREATED	KKR_NOT_STARTED	CI_NOT_CREATED	Draft assignment only; ID not official until final import is approved and registry row is created.
GPMC-TRK-ASSIGN-DRAFT-CLEAN-GLOBAL-20260624	127	GPMC-REG-IMPORT-DRAFT-CLEAN-GLOBAL-20260624	127	docs/registry/batch-intake-working-queues/gpmc_clean_global_track_working_queue_20260624.tsv	128	gpm_stl.csv	89784778	WALK IN THE PARK	WALK IN THE PARK	Michael Scherer	He Has Jazz	GPMC-TRK-000127	DRAFT_TRACK_ID_RESERVED_PENDING_ADMIN_APPROVAL	TRACK_RECORD_NOT_CREATED	PIX_NOT_CREATED	LT_PIX_NOT_CREATED	KKR_NOT_STARTED	CI_NOT_CREATED	Draft assignment only; ID not official until final import is approved and registry row is created.
GPMC-TRK-ASSIGN-DRAFT-CLEAN-GLOBAL-20260624	128	GPMC-REG-IMPORT-DRAFT-CLEAN-GLOBAL-20260624	128	docs/registry/batch-intake-working-queues/gpmc_clean_global_track_working_queue_20260624.tsv	129	gpm_stl.csv	89784779	THAT'S THE LIFE - INSTRO	THAT'S THE LIFE - INSTRO	Michael Scherer	Scherer Desire	GPMC-TRK-000128	DRAFT_TRACK_ID_RESERVED_PENDING_ADMIN_APPROVAL	TRACK_RECORD_NOT_CREATED	PIX_NOT_CREATED	LT_PIX_NOT_CREATED	KKR_NOT_STARTED	CI_NOT_CREATED	Draft assignment only; ID not official until final import is approved and registry row is created.
GPMC-TRK-ASSIGN-DRAFT-CLEAN-GLOBAL-20260624	129	GPMC-REG-IMPORT-DRAFT-CLEAN-GLOBAL-20260624	129	docs/registry/batch-intake-working-queues/gpmc_clean_global_track_working_queue_20260624.tsv	130	gpm_stl.csv	90227828	SALT OF THE EARTH	SALT OF THE EARTH	Lu	The Struggle	GPMC-TRK-000129	DRAFT_TRACK_ID_RESERVED_PENDING_ADMIN_APPROVAL	TRACK_RECORD_NOT_CREATED	PIX_NOT_CREATED	LT_PIX_NOT_CREATED	KKR_NOT_STARTED	CI_NOT_CREATED	Draft assignment only; ID not official until final import is approved and registry row is created.
GPMC-TRK-ASSIGN-DRAFT-CLEAN-GLOBAL-20260624	130	GPMC-REG-IMPORT-DRAFT-CLEAN-GLOBAL-20260624	130	docs/registry/batch-intake-working-queues/gpmc_clean_global_track_working_queue_20260624.tsv	131	gpm_stl.csv	90866202	RUN RUN RUN - INSTRO	RUN RUN RUN - INSTRO	G Putnam Music	BUSTING OUT	GPMC-TRK-000130	DRAFT_TRACK_ID_RESERVED_PENDING_ADMIN_APPROVAL	TRACK_RECORD_NOT_CREATED	PIX_NOT_CREATED	LT_PIX_NOT_CREATED	KKR_NOT_STARTED	CI_NOT_CREATED	Draft assignment only; ID not official until final import is approved and registry row is created.
GPMC-TRK-ASSIGN-DRAFT-CLEAN-GLOBAL-20260624	131	GPMC-REG-IMPORT-DRAFT-CLEAN-GLOBAL-20260624	131	docs/registry/batch-intake-working-queues/gpmc_clean_global_track_working_queue_20260624.tsv	132	gpm_stl.csv	91880347	ASK ME TO DANCE - INSTRO	ASK ME TO DANCE - INSTRO	G Putnam Music	Film/TV	GPMC-TRK-000131	DRAFT_TRACK_ID_RESERVED_PENDING_ADMIN_APPROVAL	TRACK_RECORD_NOT_CREATED	PIX_NOT_CREATED	LT_PIX_NOT_CREATED	KKR_NOT_STARTED	CI_NOT_CREATED	Draft assignment only; ID not official until final import is approved and registry row is created.
GPMC-TRK-ASSIGN-DRAFT-CLEAN-GLOBAL-20260624	132	GPMC-REG-IMPORT-DRAFT-CLEAN-GLOBAL-20260624	132	docs/registry/batch-intake-working-queues/gpmc_clean_global_track_working_queue_20260624.tsv	133	gpm_stl.csv	91923415	YOUR TIME	YOUR TIME	Brandon Howard	- FAMILY, TIME, TRUST	GPMC-TRK-000132	DRAFT_TRACK_ID_RESERVED_PENDING_ADMIN_APPROVAL	TRACK_RECORD_NOT_CREATED	PIX_NOT_CREATED	LT_PIX_NOT_CREATED	KKR_NOT_STARTED	CI_NOT_CREATED	Draft assignment only; ID not official until final import is approved and registry row is created.
GPMC-TRK-ASSIGN-DRAFT-CLEAN-GLOBAL-20260624	133	GPMC-REG-IMPORT-DRAFT-CLEAN-GLOBAL-20260624	133	docs/registry/batch-intake-working-queues/gpmc_clean_global_track_working_queue_20260624.tsv	134	gpm_stl.csv	91923430	BLUE JEANS N' BEER 2009	BLUE JEANS N' BEER 2009	G Putnam Music	Bar Rock	GPMC-TRK-000133	DRAFT_TRACK_ID_RESERVED_PENDING_ADMIN_APPROVAL	TRACK_RECORD_NOT_CREATED	PIX_NOT_CREATED	LT_PIX_NOT_CREATED	KKR_NOT_STARTED	CI_NOT_CREATED	Draft assignment only; ID not official until final import is approved and registry row is created.
GPMC-TRK-ASSIGN-DRAFT-CLEAN-GLOBAL-20260624	134	GPMC-REG-IMPORT-DRAFT-CLEAN-GLOBAL-20260624	134	docs/registry/batch-intake-working-queues/gpmc_clean_global_track_working_queue_20260624.tsv	135	gpm_stl.csv	92181388	BEIN' WITHOUT YOU	BEIN' WITHOUT YOU	G Putnam Music	Crawlin' NOT Fallin'	GPMC-TRK-000134	DRAFT_TRACK_ID_RESERVED_PENDING_ADMIN_APPROVAL	TRACK_RECORD_NOT_CREATED	PIX_NOT_CREATED	LT_PIX_NOT_CREATED	KKR_NOT_STARTED	CI_NOT_CREATED	Draft assignment only; ID not official until final import is approved and registry row is created.
GPMC-TRK-ASSIGN-DRAFT-CLEAN-GLOBAL-20260624	135	GPMC-REG-IMPORT-DRAFT-CLEAN-GLOBAL-20260624	135	docs/registry/batch-intake-working-queues/gpmc_clean_global_track_working_queue_20260624.tsv	136	gpm_stl.csv	92295626	MOVIN' ALONG - INSTRO	MOVIN' ALONG - INSTRO	G Putnam Music	Slight Light	GPMC-TRK-000135	DRAFT_TRACK_ID_RESERVED_PENDING_ADMIN_APPROVAL	TRACK_RECORD_NOT_CREATED	PIX_NOT_CREATED	LT_PIX_NOT_CREATED	KKR_NOT_STARTED	CI_NOT_CREATED	Draft assignment only; ID not official until final import is approved and registry row is created.
GPMC-TRK-ASSIGN-DRAFT-CLEAN-GLOBAL-20260624	136	GPMC-REG-IMPORT-DRAFT-CLEAN-GLOBAL-20260624	136	docs/registry/batch-intake-working-queues/gpmc_clean_global_track_working_queue_20260624.tsv	137	gpm_stl.csv	92578600	BEIN' WITHOUT YOU - INSTRO	BEIN' WITHOUT YOU - INSTRO	G Putnam Music	Desperate & Dirty	GPMC-TRK-000136	DRAFT_TRACK_ID_RESERVED_PENDING_ADMIN_APPROVAL	TRACK_RECORD_NOT_CREATED	PIX_NOT_CREATED	LT_PIX_NOT_CREATED	KKR_NOT_STARTED	CI_NOT_CREATED	Draft assignment only; ID not official until final import is approved and registry row is created.
GPMC-TRK-ASSIGN-DRAFT-CLEAN-GLOBAL-20260624	137	GPMC-REG-IMPORT-DRAFT-CLEAN-GLOBAL-20260624	137	docs/registry/batch-intake-working-queues/gpmc_clean_global_track_working_queue_20260624.tsv	138	gpm_stl.csv	92582460	HOPE YOU KNOW	HOPE YOU KNOW	Chris Krause	Cowboy Country	GPMC-TRK-000137	DRAFT_TRACK_ID_RESERVED_PENDING_ADMIN_APPROVAL	TRACK_RECORD_NOT_CREATED	PIX_NOT_CREATED	LT_PIX_NOT_CREATED	KKR_NOT_STARTED	CI_NOT_CREATED	Draft assignment only; ID not official until final import is approved and registry row is created.
GPMC-TRK-ASSIGN-DRAFT-CLEAN-GLOBAL-20260624	138	GPMC-REG-IMPORT-DRAFT-CLEAN-GLOBAL-20260624	138	docs/registry/batch-intake-working-queues/gpmc_clean_global_track_working_queue_20260624.tsv	139	gpm_stl.csv	94642662	BOUNCE ALONG - INSTRO	BOUNCE ALONG - INSTRO	G Putnam Music	Scherer Delight	GPMC-TRK-000138	DRAFT_TRACK_ID_RESERVED_PENDING_ADMIN_APPROVAL	TRACK_RECORD_NOT_CREATED	PIX_NOT_CREATED	LT_PIX_NOT_CREATED	KKR_NOT_STARTED	CI_NOT_CREATED	Draft assignment only; ID not official until final import is approved and registry row is created.
GPMC-TRK-ASSIGN-DRAFT-CLEAN-GLOBAL-20260624	139	GPMC-REG-IMPORT-DRAFT-CLEAN-GLOBAL-20260624	139	docs/registry/batch-intake-working-queues/gpmc_clean_global_track_working_queue_20260624.tsv	140	gpm_stl.csv	94642663	FAST LANES - INSTRO	FAST LANES - INSTRO	Michael Scherer	Dance Steady	GPMC-TRK-000139	DRAFT_TRACK_ID_RESERVED_PENDING_ADMIN_APPROVAL	TRACK_RECORD_NOT_CREATED	PIX_NOT_CREATED	LT_PIX_NOT_CREATED	KKR_NOT_STARTED	CI_NOT_CREATED	Draft assignment only; ID not official until final import is approved and registry row is created.
GPMC-TRK-ASSIGN-DRAFT-CLEAN-GLOBAL-20260624	140	GPMC-REG-IMPORT-DRAFT-CLEAN-GLOBAL-20260624	140	docs/registry/batch-intake-working-queues/gpmc_clean_global_track_working_queue_20260624.tsv	141	gpm_stl.csv	96302148	SUNSHINE IN THE MEADOW	SUNSHINE IN THE MEADOW	Michael Scherer	Scherer Delight	GPMC-TRK-000140	DRAFT_TRACK_ID_RESERVED_PENDING_ADMIN_APPROVAL	TRACK_RECORD_NOT_CREATED	PIX_NOT_CREATED	LT_PIX_NOT_CREATED	KKR_NOT_STARTED	CI_NOT_CREATED	Draft assignment only; ID not official until final import is approved and registry row is created.
GPMC-TRK-ASSIGN-DRAFT-CLEAN-GLOBAL-20260624	141	GPMC-REG-IMPORT-DRAFT-CLEAN-GLOBAL-20260624	141	docs/registry/batch-intake-working-queues/gpmc_clean_global_track_working_queue_20260624.tsv	142	gpm_stl.csv	96302338	REFLECTION - INSTRO	REFLECTION - INSTRO	Michael Scherer	Scherer Delight	GPMC-TRK-000141	DRAFT_TRACK_ID_RESERVED_PENDING_ADMIN_APPROVAL	TRACK_RECORD_NOT_CREATED	PIX_NOT_CREATED	LT_PIX_NOT_CREATED	KKR_NOT_STARTED	CI_NOT_CREATED	Draft assignment only; ID not official until final import is approved and registry row is created.
GPMC-TRK-ASSIGN-DRAFT-CLEAN-GLOBAL-20260624	142	GPMC-REG-IMPORT-DRAFT-CLEAN-GLOBAL-20260624	142	docs/registry/batch-intake-working-queues/gpmc_clean_global_track_working_queue_20260624.tsv	143	gpm_stl.csv	99145042	HAZY CRAZY - INSTRO	HAZY CRAZY - INSTRO	G Putnam Music	Coming Up!	GPMC-TRK-000142	DRAFT_TRACK_ID_RESERVED_PENDING_ADMIN_APPROVAL	TRACK_RECORD_NOT_CREATED	PIX_NOT_CREATED	LT_PIX_NOT_CREATED	KKR_NOT_STARTED	CI_NOT_CREATED	Draft assignment only; ID not official until final import is approved and registry row is created.
GPMC-TRK-ASSIGN-DRAFT-CLEAN-GLOBAL-20260624	143	GPMC-REG-IMPORT-DRAFT-CLEAN-GLOBAL-20260624	143	docs/registry/batch-intake-working-queues/gpmc_clean_global_track_working_queue_20260624.tsv	144	gpm_stl.csv	99484833	RIDIN' CLOUD 10 - INSTRO	RIDIN' CLOUD 10 - INSTRO	G Putnam Music	Crashin’ NOT Fallin'	GPMC-TRK-000143	DRAFT_TRACK_ID_RESERVED_PENDING_ADMIN_APPROVAL	TRACK_RECORD_NOT_CREATED	PIX_NOT_CREATED	LT_PIX_NOT_CREATED	KKR_NOT_STARTED	CI_NOT_CREATED	Draft assignment only; ID not official until final import is approved and registry row is created.
GPMC-TRK-ASSIGN-DRAFT-CLEAN-GLOBAL-20260624	144	GPMC-REG-IMPORT-DRAFT-CLEAN-GLOBAL-20260624	144	docs/registry/batch-intake-working-queues/gpmc_clean_global_track_working_queue_20260624.tsv	145	gpm_stl.csv	99642523	CAN'T TAKE MY EYES ON U - INSTRO	CAN'T TAKE MY EYES ON U - INSTRO	G Putnam Music	Synth Nymph	GPMC-TRK-000144	DRAFT_TRACK_ID_RESERVED_PENDING_ADMIN_APPROVAL	TRACK_RECORD_NOT_CREATED	PIX_NOT_CREATED	LT_PIX_NOT_CREATED	KKR_NOT_STARTED	CI_NOT_CREATED	Draft assignment only; ID not official until final import is approved and registry row is created.
GPMC-TRK-ASSIGN-DRAFT-CLEAN-GLOBAL-20260624	145	GPMC-REG-IMPORT-DRAFT-CLEAN-GLOBAL-20260624	145	docs/registry/batch-intake-working-queues/gpmc_clean_global_track_working_queue_20260624.tsv	146	gpm_stl.csv	99642604	Take Me to the Lake-INST	Take Me to the Lake-INST	G Putnam Music	Instrumental	GPMC-TRK-000145	DRAFT_TRACK_ID_RESERVED_PENDING_ADMIN_APPROVAL	TRACK_RECORD_NOT_CREATED	PIX_NOT_CREATED	LT_PIX_NOT_CREATED	KKR_NOT_STARTED	CI_NOT_CREATED	Draft assignment only; ID not official until final import is approved and registry row is created.
GPMC-TRK-ASSIGN-DRAFT-CLEAN-GLOBAL-20260624	146	GPMC-REG-IMPORT-DRAFT-CLEAN-GLOBAL-20260624	146	docs/registry/batch-intake-working-queues/gpmc_clean_global_track_working_queue_20260624.tsv	147	gpm_stl.csv	99647011	LIVIN' IN A CRAZY BIG WAY	LIVIN' IN A CRAZY BIG WAY	Andre Brown	Sexy Swagger	GPMC-TRK-000146	DRAFT_TRACK_ID_RESERVED_PENDING_ADMIN_APPROVAL	TRACK_RECORD_NOT_CREATED	PIX_NOT_CREATED	LT_PIX_NOT_CREATED	KKR_NOT_STARTED	CI_NOT_CREATED	Draft assignment only; ID not official until final import is approved and registry row is created.
GPMC-TRK-ASSIGN-DRAFT-CLEAN-GLOBAL-20260624	147	GPMC-REG-IMPORT-DRAFT-CLEAN-GLOBAL-20260624	147	docs/registry/batch-intake-working-queues/gpmc_clean_global_track_working_queue_20260624.tsv	148	gpm_stl.csv	99647322	OH SO CASUALLY - INSTRO	OH SO CASUALLY - INSTRO	G Putnam Music	Desperate & Dirty	GPMC-TRK-000147	DRAFT_TRACK_ID_RESERVED_PENDING_ADMIN_APPROVAL	TRACK_RECORD_NOT_CREATED	PIX_NOT_CREATED	LT_PIX_NOT_CREATED	KKR_NOT_STARTED	CI_NOT_CREATED	Draft assignment only; ID not official until final import is approved and registry row is created.
GPMC-TRK-ASSIGN-DRAFT-CLEAN-GLOBAL-20260624	148	GPMC-REG-IMPORT-DRAFT-CLEAN-GLOBAL-20260624	148	docs/registry/batch-intake-working-queues/gpmc_clean_global_track_working_queue_20260624.tsv	149	gpm_stl.csv	99647441	OH SO CASUALLY (STRIPPED)	OH SO CASUALLY (STRIPPED)	Rachel Scharnette	Subtly Simple	GPMC-TRK-000148	DRAFT_TRACK_ID_RESERVED_PENDING_ADMIN_APPROVAL	TRACK_RECORD_NOT_CREATED	PIX_NOT_CREATED	LT_PIX_NOT_CREATED	KKR_NOT_STARTED	CI_NOT_CREATED	Draft assignment only; ID not official until final import is approved and registry row is created.
GPMC-TRK-ASSIGN-DRAFT-CLEAN-GLOBAL-20260624	149	GPMC-REG-IMPORT-DRAFT-CLEAN-GLOBAL-20260624	149	docs/registry/batch-intake-working-queues/gpmc_clean_global_track_working_queue_20260624.tsv	150	gpm_stl.csv	99647594	TIMES LIKE THESE	TIMES LIKE THESE	Scotty Alexander	Festive	GPMC-TRK-000149	DRAFT_TRACK_ID_RESERVED_PENDING_ADMIN_APPROVAL	TRACK_RECORD_NOT_CREATED	PIX_NOT_CREATED	LT_PIX_NOT_CREATED	KKR_NOT_STARTED	CI_NOT_CREATED	Draft assignment only; ID not official until final import is approved and registry row is created.
GPMC-TRK-ASSIGN-DRAFT-CLEAN-GLOBAL-20260624	150	GPMC-REG-IMPORT-DRAFT-CLEAN-GLOBAL-20260624	150	docs/registry/batch-intake-working-queues/gpmc_clean_global_track_working_queue_20260624.tsv	151	gpm_stl.csv	99647598	TODAY WANTS TO BE A GOOD ONE	TODAY WANTS TO BE A GOOD ONE	Simon Webb	Dance Steady	GPMC-TRK-000150	DRAFT_TRACK_ID_RESERVED_PENDING_ADMIN_APPROVAL	TRACK_RECORD_NOT_CREATED	PIX_NOT_CREATED	LT_PIX_NOT_CREATED	KKR_NOT_STARTED	CI_NOT_CREATED	Draft assignment only; ID not official until final import is approved and registry row is created.
GPMC-TRK-ASSIGN-DRAFT-CLEAN-GLOBAL-20260624	151	GPMC-REG-IMPORT-DRAFT-CLEAN-GLOBAL-20260624	151	docs/registry/batch-intake-working-queues/gpmc_clean_global_track_working_queue_20260624.tsv	152	gpm_stl.csv	99647936	WHISP'RIN' IN THE WIND - INSTRO	WHISP'RIN' IN THE WIND - INSTRO	G Putnam Music	Clubbin'	GPMC-TRK-000151	DRAFT_TRACK_ID_RESERVED_PENDING_ADMIN_APPROVAL	TRACK_RECORD_NOT_CREATED	PIX_NOT_CREATED	LT_PIX_NOT_CREATED	KKR_NOT_STARTED	CI_NOT_CREATED	Draft assignment only; ID not official until final import is approved and registry row is created.
GPMC-TRK-ASSIGN-DRAFT-CLEAN-GLOBAL-20260624	152	GPMC-REG-IMPORT-DRAFT-CLEAN-GLOBAL-20260624	152	docs/registry/batch-intake-working-queues/gpmc_clean_global_track_working_queue_20260624.tsv	153	gpm_stl.csv	99648680	HOW 'BOUT ANOTHER DANCE	HOW 'BOUT ANOTHER DANCE	NATU Visinia	Sexy Swagger	GPMC-TRK-000152	DRAFT_TRACK_ID_RESERVED_PENDING_ADMIN_APPROVAL	TRACK_RECORD_NOT_CREATED	PIX_NOT_CREATED	LT_PIX_NOT_CREATED	KKR_NOT_STARTED	CI_NOT_CREATED	Draft assignment only; ID not official until final import is approved and registry row is created.
GPMC-TRK-ASSIGN-DRAFT-CLEAN-GLOBAL-20260624	153	GPMC-REG-IMPORT-DRAFT-CLEAN-GLOBAL-20260624	153	docs/registry/batch-intake-working-queues/gpmc_clean_global_track_working_queue_20260624.tsv	154	gpm_stl.csv	99700326	GO AS YOU WERE - INSTRO	GO AS YOU WERE - INSTRO	G Putnam Music	Synth Nymph	GPMC-TRK-000153	DRAFT_TRACK_ID_RESERVED_PENDING_ADMIN_APPROVAL	TRACK_RECORD_NOT_CREATED	PIX_NOT_CREATED	LT_PIX_NOT_CREATED	KKR_NOT_STARTED	CI_NOT_CREATED	Draft assignment only; ID not official until final import is approved and registry row is created.
GPMC-TRK-ASSIGN-DRAFT-CLEAN-GLOBAL-20260624	154	GPMC-REG-IMPORT-DRAFT-CLEAN-GLOBAL-20260624	154	docs/registry/batch-intake-working-queues/gpmc_clean_global_track_working_queue_20260624.tsv	155	gpm_stl.csv	99723606	I JUST WANT SOMEONE - INSTRO	I JUST WANT SOMEONE - INSTRO	G Putnam Music	Remembering Forgetting	GPMC-TRK-000154	DRAFT_TRACK_ID_RESERVED_PENDING_ADMIN_APPROVAL	TRACK_RECORD_NOT_CREATED	PIX_NOT_CREATED	LT_PIX_NOT_CREATED	KKR_NOT_STARTED	CI_NOT_CREATED	Draft assignment only; ID not official until final import is approved and registry row is created.
GPMC-TRK-ASSIGN-DRAFT-CLEAN-GLOBAL-20260624	155	GPMC-REG-IMPORT-DRAFT-CLEAN-GLOBAL-20260624	155	docs/registry/batch-intake-working-queues/gpmc_clean_global_track_working_queue_20260624.tsv	156	gpm_stl.csv	99725286	PAST TENNESSEE - INSTRO	PAST TENNESSEE - INSTRO	G Putnam Music	Downhome	GPMC-TRK-000155	DRAFT_TRACK_ID_RESERVED_PENDING_ADMIN_APPROVAL	TRACK_RECORD_NOT_CREATED	PIX_NOT_CREATED	LT_PIX_NOT_CREATED	KKR_NOT_STARTED	CI_NOT_CREATED	Draft assignment only; ID not official until final import is approved and registry row is created.
GPMC-TRK-ASSIGN-DRAFT-CLEAN-GLOBAL-20260624	156	GPMC-REG-IMPORT-DRAFT-CLEAN-GLOBAL-20260624	156	docs/registry/batch-intake-working-queues/gpmc_clean_global_track_working_queue_20260624.tsv	157	gpm_stl.csv	99805456	HAVE TO - INSTRO	HAVE TO - INSTRO	G Putnam Music	Slight Light	GPMC-TRK-000156	DRAFT_TRACK_ID_RESERVED_PENDING_ADMIN_APPROVAL	TRACK_RECORD_NOT_CREATED	PIX_NOT_CREATED	LT_PIX_NOT_CREATED	KKR_NOT_STARTED	CI_NOT_CREATED	Draft assignment only; ID not official until final import is approved and registry row is created.
GPMC-TRK-ASSIGN-DRAFT-CLEAN-GLOBAL-20260624	157	GPMC-REG-IMPORT-DRAFT-CLEAN-GLOBAL-20260624	157	docs/registry/batch-intake-working-queues/gpmc_clean_global_track_working_queue_20260624.tsv	158	gpm_stl.csv	102327167	CHRISTMAS STAR - MOD	CHRISTMAS STAR - MOD	Zach Jackson	Christmas	GPMC-TRK-000157	DRAFT_TRACK_ID_RESERVED_PENDING_ADMIN_APPROVAL	TRACK_RECORD_NOT_CREATED	PIX_NOT_CREATED	LT_PIX_NOT_CREATED	KKR_NOT_STARTED	CI_NOT_CREATED	Draft assignment only; ID not official until final import is approved and registry row is created.
GPMC-TRK-ASSIGN-DRAFT-CLEAN-GLOBAL-20260624	158	GPMC-REG-IMPORT-DRAFT-CLEAN-GLOBAL-20260624	158	docs/registry/batch-intake-working-queues/gpmc_clean_global_track_working_queue_20260624.tsv	159	gpm_stl.csv	102342935	Easy Living - INSTRO	Easy Living - INSTRO	G Putnam Music	Scherer Desire	GPMC-TRK-000158	DRAFT_TRACK_ID_RESERVED_PENDING_ADMIN_APPROVAL	TRACK_RECORD_NOT_CREATED	PIX_NOT_CREATED	LT_PIX_NOT_CREATED	KKR_NOT_STARTED	CI_NOT_CREATED	Draft assignment only; ID not official until final import is approved and registry row is created.
GPMC-TRK-ASSIGN-DRAFT-CLEAN-GLOBAL-20260624	159	GPMC-REG-IMPORT-DRAFT-CLEAN-GLOBAL-20260624	159	docs/registry/batch-intake-working-queues/gpmc_clean_global_track_working_queue_20260624.tsv	160	gpm_stl.csv	102536428	GOIN’ OFF THE DEEP END - TV MIX INSTRO	GOIN’ OFF THE DEEP END - TV MIX - INSTRO	G Putnam Music	Caught Off Guard	GPMC-TRK-000159	DRAFT_TRACK_ID_RESERVED_PENDING_ADMIN_APPROVAL	TRACK_RECORD_NOT_CREATED	PIX_NOT_CREATED	LT_PIX_NOT_CREATED	KKR_NOT_STARTED	CI_NOT_CREATED	Draft assignment only; ID not official until final import is approved and registry row is created.
GPMC-TRK-ASSIGN-DRAFT-CLEAN-GLOBAL-20260624	160	GPMC-REG-IMPORT-DRAFT-CLEAN-GLOBAL-20260624	160	docs/registry/batch-intake-working-queues/gpmc_clean_global_track_working_queue_20260624.tsv	161	gpm_stl.csv	103274220	BORN WHO YOU ARE	BORN WHO YOU ARE	Mick Fury	COWBOY Country	GPMC-TRK-000160	DRAFT_TRACK_ID_RESERVED_PENDING_ADMIN_APPROVAL	TRACK_RECORD_NOT_CREATED	PIX_NOT_CREATED	LT_PIX_NOT_CREATED	KKR_NOT_STARTED	CI_NOT_CREATED	Draft assignment only; ID not official until final import is approved and registry row is created.
GPMC-TRK-ASSIGN-DRAFT-CLEAN-GLOBAL-20260624	161	GPMC-REG-IMPORT-DRAFT-CLEAN-GLOBAL-20260624	161	docs/registry/batch-intake-working-queues/gpmc_clean_global_track_working_queue_20260624.tsv	162	gpm_stl.csv	103312297	OPEN ROAD - INSTRO	OPEN ROAD - INSTRO	G Putnam Music	Crashin’ NOT Fallin'	GPMC-TRK-000161	DRAFT_TRACK_ID_RESERVED_PENDING_ADMIN_APPROVAL	TRACK_RECORD_NOT_CREATED	PIX_NOT_CREATED	LT_PIX_NOT_CREATED	KKR_NOT_STARTED	CI_NOT_CREATED	Draft assignment only; ID not official until final import is approved and registry row is created.
GPMC-TRK-ASSIGN-DRAFT-CLEAN-GLOBAL-20260624	162	GPMC-REG-IMPORT-DRAFT-CLEAN-GLOBAL-20260624	162	docs/registry/batch-intake-working-queues/gpmc_clean_global_track_working_queue_20260624.tsv	163	gpm_stl.csv	103333194	OFF-SIDES - INSTRO ONLY	OFF-SIDES - INSTRO ONLY - INSTRO	G Putnam Music	Sports of Sorts	GPMC-TRK-000162	DRAFT_TRACK_ID_RESERVED_PENDING_ADMIN_APPROVAL	TRACK_RECORD_NOT_CREATED	PIX_NOT_CREATED	LT_PIX_NOT_CREATED	KKR_NOT_STARTED	CI_NOT_CREATED	Draft assignment only; ID not official until final import is approved and registry row is created.
GPMC-TRK-ASSIGN-DRAFT-CLEAN-GLOBAL-20260624	163	GPMC-REG-IMPORT-DRAFT-CLEAN-GLOBAL-20260624	163	docs/registry/batch-intake-working-queues/gpmc_clean_global_track_working_queue_20260624.tsv	164	gpm_stl.csv	103551014	DARK CLOUD - 5 - 50s AM Radio-Like	DARK CLOUD - 5 - 50s AM Radio-Like	G Putnam Music	Trad RICH n’ All	GPMC-TRK-000163	DRAFT_TRACK_ID_RESERVED_PENDING_ADMIN_APPROVAL	TRACK_RECORD_NOT_CREATED	PIX_NOT_CREATED	LT_PIX_NOT_CREATED	KKR_NOT_STARTED	CI_NOT_CREATED	Draft assignment only; ID not official until final import is approved and registry row is created.
GPMC-TRK-ASSIGN-DRAFT-CLEAN-GLOBAL-20260624	164	GPMC-REG-IMPORT-DRAFT-CLEAN-GLOBAL-20260624	164	docs/registry/batch-intake-working-queues/gpmc_clean_global_track_working_queue_20260624.tsv	165	gpm_stl.csv	103575096	I JUST WANT SOMEONE	I JUST WANT SOMEONE	Elle Christine	Elle’s Bells	GPMC-TRK-000164	DRAFT_TRACK_ID_RESERVED_PENDING_ADMIN_APPROVAL	TRACK_RECORD_NOT_CREATED	PIX_NOT_CREATED	LT_PIX_NOT_CREATED	KKR_NOT_STARTED	CI_NOT_CREATED	Draft assignment only; ID not official until final import is approved and registry row is created.
GPMC-TRK-ASSIGN-DRAFT-CLEAN-GLOBAL-20260624	165	GPMC-REG-IMPORT-DRAFT-CLEAN-GLOBAL-20260624	165	docs/registry/batch-intake-working-queues/gpmc_clean_global_track_working_queue_20260624.tsv	166	gpm_stl.csv	103578063	BABY WE'RE THROUGH	BABY WE'RE THROUGH	Mick Fury	Cowboy Country	GPMC-TRK-000165	DRAFT_TRACK_ID_RESERVED_PENDING_ADMIN_APPROVAL	TRACK_RECORD_NOT_CREATED	PIX_NOT_CREATED	LT_PIX_NOT_CREATED	KKR_NOT_STARTED	CI_NOT_CREATED	Draft assignment only; ID not official until final import is approved and registry row is created.
GPMC-TRK-ASSIGN-DRAFT-CLEAN-GLOBAL-20260624	166	GPMC-REG-IMPORT-DRAFT-CLEAN-GLOBAL-20260624	166	docs/registry/batch-intake-working-queues/gpmc_clean_global_track_working_queue_20260624.tsv	167	gpm_stl.csv	104026631	PARTY LIKE PIRATES	PARTY LIKE PIRATES	Mick Fury	Sexy Swagger	GPMC-TRK-000166	DRAFT_TRACK_ID_RESERVED_PENDING_ADMIN_APPROVAL	TRACK_RECORD_NOT_CREATED	PIX_NOT_CREATED	LT_PIX_NOT_CREATED	KKR_NOT_STARTED	CI_NOT_CREATED	Draft assignment only; ID not official until final import is approved and registry row is created.
GPMC-TRK-ASSIGN-DRAFT-CLEAN-GLOBAL-20260624	167	GPMC-REG-IMPORT-DRAFT-CLEAN-GLOBAL-20260624	167	docs/registry/batch-intake-working-queues/gpmc_clean_global_track_working_queue_20260624.tsv	168	gpm_stl.csv	104069113	DARK CLOUD 1 - Piano	DARK CLOUD 1 - Piano	Katie Beste	Sassy Sweet	GPMC-TRK-000167	DRAFT_TRACK_ID_RESERVED_PENDING_ADMIN_APPROVAL	TRACK_RECORD_NOT_CREATED	PIX_NOT_CREATED	LT_PIX_NOT_CREATED	KKR_NOT_STARTED	CI_NOT_CREATED	Draft assignment only; ID not official until final import is approved and registry row is created.
GPMC-TRK-ASSIGN-DRAFT-CLEAN-GLOBAL-20260624	168	GPMC-REG-IMPORT-DRAFT-CLEAN-GLOBAL-20260624	168	docs/registry/batch-intake-working-queues/gpmc_clean_global_track_working_queue_20260624.tsv	169	gpm_stl.csv	104266968	Hang On - INSTRO	Hang On - INSTRO	G Putnam Music	Film	GPMC-TRK-000168	DRAFT_TRACK_ID_RESERVED_PENDING_ADMIN_APPROVAL	TRACK_RECORD_NOT_CREATED	PIX_NOT_CREATED	LT_PIX_NOT_CREATED	KKR_NOT_STARTED	CI_NOT_CREATED	Draft assignment only; ID not official until final import is approved and registry row is created.
GPMC-TRK-ASSIGN-DRAFT-CLEAN-GLOBAL-20260624	169	GPMC-REG-IMPORT-DRAFT-CLEAN-GLOBAL-20260624	169	docs/registry/batch-intake-working-queues/gpmc_clean_global_track_working_queue_20260624.tsv	170	gpm_stl.csv	104282855	THIS TIME IT'S LOVE	THIS TIME IT'S LOVE	Zach Jackson	Clearly	GPMC-TRK-000169	DRAFT_TRACK_ID_RESERVED_PENDING_ADMIN_APPROVAL	TRACK_RECORD_NOT_CREATED	PIX_NOT_CREATED	LT_PIX_NOT_CREATED	KKR_NOT_STARTED	CI_NOT_CREATED	Draft assignment only; ID not official until final import is approved and registry row is created.
GPMC-TRK-ASSIGN-DRAFT-CLEAN-GLOBAL-20260624	170	GPMC-REG-IMPORT-DRAFT-CLEAN-GLOBAL-20260624	170	docs/registry/batch-intake-working-queues/gpmc_clean_global_track_working_queue_20260624.tsv	171	gpm_stl.csv	104283183	YOURS N' MINE	YOURS N' MINE	Zach Linley	Cowboy Country	GPMC-TRK-000170	DRAFT_TRACK_ID_RESERVED_PENDING_ADMIN_APPROVAL	TRACK_RECORD_NOT_CREATED	PIX_NOT_CREATED	LT_PIX_NOT_CREATED	KKR_NOT_STARTED	CI_NOT_CREATED	Draft assignment only; ID not official until final import is approved and registry row is created.
GPMC-TRK-ASSIGN-DRAFT-CLEAN-GLOBAL-20260624	171	GPMC-REG-IMPORT-DRAFT-CLEAN-GLOBAL-20260624	171	docs/registry/batch-intake-working-queues/gpmc_clean_global_track_working_queue_20260624.tsv	172	gpm_stl.csv	104835505	TRICKS OR TREATS	TRICKS OR TREATS	G Putnam Music	HALLOWEEN	GPMC-TRK-000171	DRAFT_TRACK_ID_RESERVED_PENDING_ADMIN_APPROVAL	TRACK_RECORD_NOT_CREATED	PIX_NOT_CREATED	LT_PIX_NOT_CREATED	KKR_NOT_STARTED	CI_NOT_CREATED	Draft assignment only; ID not official until final import is approved and registry row is created.
GPMC-TRK-ASSIGN-DRAFT-CLEAN-GLOBAL-20260624	172	GPMC-REG-IMPORT-DRAFT-CLEAN-GLOBAL-20260624	172	docs/registry/batch-intake-working-queues/gpmc_clean_global_track_working_queue_20260624.tsv	173	gpm_stl.csv	104846325	EMPTY OF HATE	EMPTY OF HATE	Zach Jackson	Countin’ On Countin’ On	GPMC-TRK-000172	DRAFT_TRACK_ID_RESERVED_PENDING_ADMIN_APPROVAL	TRACK_RECORD_NOT_CREATED	PIX_NOT_CREATED	LT_PIX_NOT_CREATED	KKR_NOT_STARTED	CI_NOT_CREATED	Draft assignment only; ID not official until final import is approved and registry row is created.
GPMC-TRK-ASSIGN-DRAFT-CLEAN-GLOBAL-20260624	173	GPMC-REG-IMPORT-DRAFT-CLEAN-GLOBAL-20260624	173	docs/registry/batch-intake-working-queues/gpmc_clean_global_track_working_queue_20260624.tsv	174	gpm_stl.csv	105131577	NEW ORLEANS PIANO TRIO 1	NEW ORLEANS PIANO TRIO 1	Michael Scherer	He Has Jazz	GPMC-TRK-000173	DRAFT_TRACK_ID_RESERVED_PENDING_ADMIN_APPROVAL	TRACK_RECORD_NOT_CREATED	PIX_NOT_CREATED	LT_PIX_NOT_CREATED	KKR_NOT_STARTED	CI_NOT_CREATED	Draft assignment only; ID not official until final import is approved and registry row is created.
GPMC-TRK-ASSIGN-DRAFT-CLEAN-GLOBAL-20260624	174	GPMC-REG-IMPORT-DRAFT-CLEAN-GLOBAL-20260624	174	docs/registry/batch-intake-working-queues/gpmc_clean_global_track_working_queue_20260624.tsv	175	gpm_stl.csv	105132267	NEW ORLEANS PIANO TRIO 2	NEW ORLEANS PIANO TRIO 2	Michael Scherer	He Has Jazz	GPMC-TRK-000174	DRAFT_TRACK_ID_RESERVED_PENDING_ADMIN_APPROVAL	TRACK_RECORD_NOT_CREATED	PIX_NOT_CREATED	LT_PIX_NOT_CREATED	KKR_NOT_STARTED	CI_NOT_CREATED	Draft assignment only; ID not official until final import is approved and registry row is created.
GPMC-TRK-ASSIGN-DRAFT-CLEAN-GLOBAL-20260624	175	GPMC-REG-IMPORT-DRAFT-CLEAN-GLOBAL-20260624	175	docs/registry/batch-intake-working-queues/gpmc_clean_global_track_working_queue_20260624.tsv	176	gpm_stl.csv	105132415	NEW ORLEANS PIANO TRIO 3	NEW ORLEANS PIANO TRIO 3	Michael Scherer	He Has Jazz	GPMC-TRK-000175	DRAFT_TRACK_ID_RESERVED_PENDING_ADMIN_APPROVAL	TRACK_RECORD_NOT_CREATED	PIX_NOT_CREATED	LT_PIX_NOT_CREATED	KKR_NOT_STARTED	CI_NOT_CREATED	Draft assignment only; ID not official until final import is approved and registry row is created.
GPMC-TRK-ASSIGN-DRAFT-CLEAN-GLOBAL-20260624	176	GPMC-REG-IMPORT-DRAFT-CLEAN-GLOBAL-20260624	176	docs/registry/batch-intake-working-queues/gpmc_clean_global_track_working_queue_20260624.tsv	177	gpm_stl.csv	105229515	PUT DOWN THE PHONE	PUT DOWN THE PHONE	G Putnam Music	Ukranian	GPMC-TRK-000176	DRAFT_TRACK_ID_RESERVED_PENDING_ADMIN_APPROVAL	TRACK_RECORD_NOT_CREATED	PIX_NOT_CREATED	LT_PIX_NOT_CREATED	KKR_NOT_STARTED	CI_NOT_CREATED	Draft assignment only; ID not official until final import is approved and registry row is created.
GPMC-TRK-ASSIGN-DRAFT-CLEAN-GLOBAL-20260624	177	GPMC-REG-IMPORT-DRAFT-CLEAN-GLOBAL-20260624	177	docs/registry/batch-intake-working-queues/gpmc_clean_global_track_working_queue_20260624.tsv	178	gpm_stl.csv	105229977	THAT EMPTY CHAIR	THAT EMPTY CHAIR	Lloyd G Miller	Cowboy’s Country	GPMC-TRK-000177	DRAFT_TRACK_ID_RESERVED_PENDING_ADMIN_APPROVAL	TRACK_RECORD_NOT_CREATED	PIX_NOT_CREATED	LT_PIX_NOT_CREATED	KKR_NOT_STARTED	CI_NOT_CREATED	Draft assignment only; ID not official until final import is approved and registry row is created.
GPMC-TRK-ASSIGN-DRAFT-CLEAN-GLOBAL-20260624	178	GPMC-REG-IMPORT-DRAFT-CLEAN-GLOBAL-20260624	178	docs/registry/batch-intake-working-queues/gpmc_clean_global_track_working_queue_20260624.tsv	179	gpm_stl.csv	105521350	THAT EMPTY CHAIR - INSTRO	THAT EMPTY CHAIR - INSTRO	G Putnam Music	Slight Light	GPMC-TRK-000178	DRAFT_TRACK_ID_RESERVED_PENDING_ADMIN_APPROVAL	TRACK_RECORD_NOT_CREATED	PIX_NOT_CREATED	LT_PIX_NOT_CREATED	KKR_NOT_STARTED	CI_NOT_CREATED	Draft assignment only; ID not official until final import is approved and registry row is created.
GPMC-TRK-ASSIGN-DRAFT-CLEAN-GLOBAL-20260624	179	GPMC-REG-IMPORT-DRAFT-CLEAN-GLOBAL-20260624	179	docs/registry/batch-intake-working-queues/gpmc_clean_global_track_working_queue_20260624.tsv	180	gpm_stl.csv	105529524	A LOVE LIKE THAT	A LOVE LIKE THAT	Lloyd G Miller	Lloyd's Void	GPMC-TRK-000179	DRAFT_TRACK_ID_RESERVED_PENDING_ADMIN_APPROVAL	TRACK_RECORD_NOT_CREATED	PIX_NOT_CREATED	LT_PIX_NOT_CREATED	KKR_NOT_STARTED	CI_NOT_CREATED	Draft assignment only; ID not official until final import is approved and registry row is created.
GPMC-TRK-ASSIGN-DRAFT-CLEAN-GLOBAL-20260624	180	GPMC-REG-IMPORT-DRAFT-CLEAN-GLOBAL-20260624	180	docs/registry/batch-intake-working-queues/gpmc_clean_global_track_working_queue_20260624.tsv	181	gpm_stl.csv	105564272	SOFTEN YOUR EYES - JAZZ TRIO	SOFTEN YOUR EYES - JAZZ TRIO	Michael Scherer	He Has Jazz	GPMC-TRK-000180	DRAFT_TRACK_ID_RESERVED_PENDING_ADMIN_APPROVAL	TRACK_RECORD_NOT_CREATED	PIX_NOT_CREATED	LT_PIX_NOT_CREATED	KKR_NOT_STARTED	CI_NOT_CREATED	Draft assignment only; ID not official until final import is approved and registry row is created.
GPMC-TRK-ASSIGN-DRAFT-CLEAN-GLOBAL-20260624	181	GPMC-REG-IMPORT-DRAFT-CLEAN-GLOBAL-20260624	181	docs/registry/batch-intake-working-queues/gpmc_clean_global_track_working_queue_20260624.tsv	182	gpm_stl.csv	105850701	THAT EMPTY CHAIR - RADIO EDIT	THAT EMPTY CHAIR - RADIO EDIT	G Putnam Music	Slight Light	GPMC-TRK-000181	DRAFT_TRACK_ID_RESERVED_PENDING_ADMIN_APPROVAL	TRACK_RECORD_NOT_CREATED	PIX_NOT_CREATED	LT_PIX_NOT_CREATED	KKR_NOT_STARTED	CI_NOT_CREATED	Draft assignment only; ID not official until final import is approved and registry row is created.
GPMC-TRK-ASSIGN-DRAFT-CLEAN-GLOBAL-20260624	182	GPMC-REG-IMPORT-DRAFT-CLEAN-GLOBAL-20260624	182	docs/registry/batch-intake-working-queues/gpmc_clean_global_track_working_queue_20260624.tsv	183	gpm_stl.csv	105852568	THE NEW SUNSET	THE NEW SUNSET	Lloyd G Miller	Cowboy Country	GPMC-TRK-000182	DRAFT_TRACK_ID_RESERVED_PENDING_ADMIN_APPROVAL	TRACK_RECORD_NOT_CREATED	PIX_NOT_CREATED	LT_PIX_NOT_CREATED	KKR_NOT_STARTED	CI_NOT_CREATED	Draft assignment only; ID not official until final import is approved and registry row is created.
GPMC-TRK-ASSIGN-DRAFT-CLEAN-GLOBAL-20260624	183	GPMC-REG-IMPORT-DRAFT-CLEAN-GLOBAL-20260624	183	docs/registry/batch-intake-working-queues/gpmc_clean_global_track_working_queue_20260624.tsv	184	gpm_stl.csv	106146929	ODE TO THE ELVES	ODE TO THE ELVES	KLEIGH	Chrstmas	GPMC-TRK-000183	DRAFT_TRACK_ID_RESERVED_PENDING_ADMIN_APPROVAL	TRACK_RECORD_NOT_CREATED	PIX_NOT_CREATED	LT_PIX_NOT_CREATED	KKR_NOT_STARTED	CI_NOT_CREATED	Draft assignment only; ID not official until final import is approved and registry row is created.
GPMC-TRK-ASSIGN-DRAFT-CLEAN-GLOBAL-20260624	184	GPMC-REG-IMPORT-DRAFT-CLEAN-GLOBAL-20260624	184	docs/registry/batch-intake-working-queues/gpmc_clean_global_track_working_queue_20260624.tsv	185	gpm_stl.csv	106166739	GET LUCKY TONIGHT	GET LUCKY TONIGHT	NATU Visinia	Sexy Swagger	GPMC-TRK-000184	DRAFT_TRACK_ID_RESERVED_PENDING_ADMIN_APPROVAL	TRACK_RECORD_NOT_CREATED	PIX_NOT_CREATED	LT_PIX_NOT_CREATED	KKR_NOT_STARTED	CI_NOT_CREATED	Draft assignment only; ID not official until final import is approved and registry row is created.
GPMC-TRK-ASSIGN-DRAFT-CLEAN-GLOBAL-20260624	185	GPMC-REG-IMPORT-DRAFT-CLEAN-GLOBAL-20260624	185	docs/registry/batch-intake-working-queues/gpmc_clean_global_track_working_queue_20260624.tsv	186	gpm_stl.csv	106755533	I AM A FIGHTER	I AM A FIGHTER	Olivia Joy	Sexy Swagger	GPMC-TRK-000185	DRAFT_TRACK_ID_RESERVED_PENDING_ADMIN_APPROVAL	TRACK_RECORD_NOT_CREATED	PIX_NOT_CREATED	LT_PIX_NOT_CREATED	KKR_NOT_STARTED	CI_NOT_CREATED	Draft assignment only; ID not official until final import is approved and registry row is created.
GPMC-TRK-ASSIGN-DRAFT-CLEAN-GLOBAL-20260624	186	GPMC-REG-IMPORT-DRAFT-CLEAN-GLOBAL-20260624	186	docs/registry/batch-intake-working-queues/gpmc_clean_global_track_working_queue_20260624.tsv	187	gpm_stl.csv	106756243	LOOK AT ME	LOOK AT ME	Simon Webb	Clearly	GPMC-TRK-000186	DRAFT_TRACK_ID_RESERVED_PENDING_ADMIN_APPROVAL	TRACK_RECORD_NOT_CREATED	PIX_NOT_CREATED	LT_PIX_NOT_CREATED	KKR_NOT_STARTED	CI_NOT_CREATED	Draft assignment only; ID not official until final import is approved and registry row is created.
GPMC-TRK-ASSIGN-DRAFT-CLEAN-GLOBAL-20260624	187	GPMC-REG-IMPORT-DRAFT-CLEAN-GLOBAL-20260624	187	docs/registry/batch-intake-working-queues/gpmc_clean_global_track_working_queue_20260624.tsv	188	gpm_stl.csv	106757197	SNIPPET	SNIPPET	G Putnam Music	Snippet	GPMC-TRK-000187	DRAFT_TRACK_ID_RESERVED_PENDING_ADMIN_APPROVAL	TRACK_RECORD_NOT_CREATED	PIX_NOT_CREATED	LT_PIX_NOT_CREATED	KKR_NOT_STARTED	CI_NOT_CREATED	Draft assignment only; ID not official until final import is approved and registry row is created.
GPMC-TRK-ASSIGN-DRAFT-CLEAN-GLOBAL-20260624	188	GPMC-REG-IMPORT-DRAFT-CLEAN-GLOBAL-20260624	188	docs/registry/batch-intake-working-queues/gpmc_clean_global_track_working_queue_20260624.tsv	189	gpm_stl.csv	106952469	THOSE DAYS THESE DAYS	THOSE DAYS THESE DAYS	KLEIGH	KLEIH’s Weighs	GPMC-TRK-000188	DRAFT_TRACK_ID_RESERVED_PENDING_ADMIN_APPROVAL	TRACK_RECORD_NOT_CREATED	PIX_NOT_CREATED	LT_PIX_NOT_CREATED	KKR_NOT_STARTED	CI_NOT_CREATED	Draft assignment only; ID not official until final import is approved and registry row is created.
GPMC-TRK-ASSIGN-DRAFT-CLEAN-GLOBAL-20260624	189	GPMC-REG-IMPORT-DRAFT-CLEAN-GLOBAL-20260624	189	docs/registry/batch-intake-working-queues/gpmc_clean_global_track_working_queue_20260624.tsv	190	gpm_stl.csv	107879609	SWIPE RIGHT	SWIPE RIGHT	Emily Hope	Subtly Simple	GPMC-TRK-000189	DRAFT_TRACK_ID_RESERVED_PENDING_ADMIN_APPROVAL	TRACK_RECORD_NOT_CREATED	PIX_NOT_CREATED	LT_PIX_NOT_CREATED	KKR_NOT_STARTED	CI_NOT_CREATED	Draft assignment only; ID not official until final import is approved and registry row is created.
GPMC-TRK-ASSIGN-DRAFT-CLEAN-GLOBAL-20260624	190	GPMC-REG-IMPORT-DRAFT-CLEAN-GLOBAL-20260624	190	docs/registry/batch-intake-working-queues/gpmc_clean_global_track_working_queue_20260624.tsv	191	gpm_stl.csv	108649611	CHRISTMAS STAR - Indie	CHRISTMAS STAR - Indie	G Putnam Music	Christmas	GPMC-TRK-000190	DRAFT_TRACK_ID_RESERVED_PENDING_ADMIN_APPROVAL	TRACK_RECORD_NOT_CREATED	PIX_NOT_CREATED	LT_PIX_NOT_CREATED	KKR_NOT_STARTED	CI_NOT_CREATED	Draft assignment only; ID not official until final import is approved and registry row is created.
GPMC-TRK-ASSIGN-DRAFT-CLEAN-GLOBAL-20260624	191	GPMC-REG-IMPORT-DRAFT-CLEAN-GLOBAL-20260624	191	docs/registry/batch-intake-working-queues/gpmc_clean_global_track_working_queue_20260624.tsv	192	gpm_stl.csv	109028547	ODE TO WHAT ELSE- INSTRO	ODE TO WHAT ELSE - INSTRO	G Putnam Music	For Real?	GPMC-TRK-000191	DRAFT_TRACK_ID_RESERVED_PENDING_ADMIN_APPROVAL	TRACK_RECORD_NOT_CREATED	PIX_NOT_CREATED	LT_PIX_NOT_CREATED	KKR_NOT_STARTED	CI_NOT_CREATED	Draft assignment only; ID not official until final import is approved and registry row is created.
GPMC-TRK-ASSIGN-DRAFT-CLEAN-GLOBAL-20260624	192	GPMC-REG-IMPORT-DRAFT-CLEAN-GLOBAL-20260624	192	docs/registry/batch-intake-working-queues/gpmc_clean_global_track_working_queue_20260624.tsv	193	gpm_stl.csv	109942003	TELL HEATHER	TELL HEATHER	KLEIGH	- JUSTICE, RACE, LOVE	GPMC-TRK-000192	DRAFT_TRACK_ID_RESERVED_PENDING_ADMIN_APPROVAL	TRACK_RECORD_NOT_CREATED	PIX_NOT_CREATED	LT_PIX_NOT_CREATED	KKR_NOT_STARTED	CI_NOT_CREATED	Draft assignment only; ID not official until final import is approved and registry row is created.
GPMC-TRK-ASSIGN-DRAFT-CLEAN-GLOBAL-20260624	193	GPMC-REG-IMPORT-DRAFT-CLEAN-GLOBAL-20260624	193	docs/registry/batch-intake-working-queues/gpmc_clean_global_track_working_queue_20260624.tsv	194	gpm_stl.csv	110319649	MY FRIEND DYIN'	MY FRIEND DYIN'	KLEIGH	STILL WALKING	GPMC-TRK-000193	DRAFT_TRACK_ID_RESERVED_PENDING_ADMIN_APPROVAL	TRACK_RECORD_NOT_CREATED	PIX_NOT_CREATED	LT_PIX_NOT_CREATED	KKR_NOT_STARTED	CI_NOT_CREATED	Draft assignment only; ID not official until final import is approved and registry row is created.
GPMC-TRK-ASSIGN-DRAFT-CLEAN-GLOBAL-20260624	194	GPMC-REG-IMPORT-DRAFT-CLEAN-GLOBAL-20260624	194	docs/registry/batch-intake-working-queues/gpmc_clean_global_track_working_queue_20260624.tsv	195	gpm_stl.csv	110319686	MY FRIEND DYIN'  - INSTRO	MY FRIEND DYIN' - INSTRO	G Putnam Music	For Real?	GPMC-TRK-000194	DRAFT_TRACK_ID_RESERVED_PENDING_ADMIN_APPROVAL	TRACK_RECORD_NOT_CREATED	PIX_NOT_CREATED	LT_PIX_NOT_CREATED	KKR_NOT_STARTED	CI_NOT_CREATED	Draft assignment only; ID not official until final import is approved and registry row is created.
GPMC-TRK-ASSIGN-DRAFT-CLEAN-GLOBAL-20260624	195	GPMC-REG-IMPORT-DRAFT-CLEAN-GLOBAL-20260624	195	docs/registry/batch-intake-working-queues/gpmc_clean_global_track_working_queue_20260624.tsv	196	gpm_stl.csv	110446468	SEARCHIN'	SEARCHIN'	Aaron Lotzow	Clearly	GPMC-TRK-000195	DRAFT_TRACK_ID_RESERVED_PENDING_ADMIN_APPROVAL	TRACK_RECORD_NOT_CREATED	PIX_NOT_CREATED	LT_PIX_NOT_CREATED	KKR_NOT_STARTED	CI_NOT_CREATED	Draft assignment only; ID not official until final import is approved and registry row is created.
GPMC-TRK-ASSIGN-DRAFT-CLEAN-GLOBAL-20260624	196	GPMC-REG-IMPORT-DRAFT-CLEAN-GLOBAL-20260624	196	docs/registry/batch-intake-working-queues/gpmc_clean_global_track_working_queue_20260624.tsv	197	gpm_stl.csv	110526280	RING THE BELL	RING THE BELL	G Putnam Music	LLOYD’S VOID	GPMC-TRK-000196	DRAFT_TRACK_ID_RESERVED_PENDING_ADMIN_APPROVAL	TRACK_RECORD_NOT_CREATED	PIX_NOT_CREATED	LT_PIX_NOT_CREATED	KKR_NOT_STARTED	CI_NOT_CREATED	Draft assignment only; ID not official until final import is approved and registry row is created.
GPMC-TRK-ASSIGN-DRAFT-CLEAN-GLOBAL-20260624	197	GPMC-REG-IMPORT-DRAFT-CLEAN-GLOBAL-20260624	197	docs/registry/batch-intake-working-queues/gpmc_clean_global_track_working_queue_20260624.tsv	198	gpm_stl.csv	110584739	DANCE INTO THE NIGHT	DANCE INTO THE NIGHT	Elle Christine	Elle’s Bells	GPMC-TRK-000197	DRAFT_TRACK_ID_RESERVED_PENDING_ADMIN_APPROVAL	TRACK_RECORD_NOT_CREATED	PIX_NOT_CREATED	LT_PIX_NOT_CREATED	KKR_NOT_STARTED	CI_NOT_CREATED	Draft assignment only; ID not official until final import is approved and registry row is created.
GPMC-TRK-ASSIGN-DRAFT-CLEAN-GLOBAL-20260624	198	GPMC-REG-IMPORT-DRAFT-CLEAN-GLOBAL-20260624	198	docs/registry/batch-intake-working-queues/gpmc_clean_global_track_working_queue_20260624.tsv	199	gpm_stl.csv	110595128	NOW-THAT'S TOUGH - INSTRO	NOW-THAT'S TOUGH - INSTRO	G Putnam Music	Remembering Forgetting	GPMC-TRK-000198	DRAFT_TRACK_ID_RESERVED_PENDING_ADMIN_APPROVAL	TRACK_RECORD_NOT_CREATED	PIX_NOT_CREATED	LT_PIX_NOT_CREATED	KKR_NOT_STARTED	CI_NOT_CREATED	Draft assignment only; ID not official until final import is approved and registry row is created.
GPMC-TRK-ASSIGN-DRAFT-CLEAN-GLOBAL-20260624	199	GPMC-REG-IMPORT-DRAFT-CLEAN-GLOBAL-20260624	199	docs/registry/batch-intake-working-queues/gpmc_clean_global_track_working_queue_20260624.tsv	200	gpm_stl.csv	110595160	THERE SHE WAS	THERE SHE WAS	NATU Visinia	NATU Ought To	GPMC-TRK-000199	DRAFT_TRACK_ID_RESERVED_PENDING_ADMIN_APPROVAL	TRACK_RECORD_NOT_CREATED	PIX_NOT_CREATED	LT_PIX_NOT_CREATED	KKR_NOT_STARTED	CI_NOT_CREATED	Draft assignment only; ID not official until final import is approved and registry row is created.
GPMC-TRK-ASSIGN-DRAFT-CLEAN-GLOBAL-20260624	200	GPMC-REG-IMPORT-DRAFT-CLEAN-GLOBAL-20260624	200	docs/registry/batch-intake-working-queues/gpmc_clean_global_track_working_queue_20260624.tsv	201	gpm_stl.csv	110595285	Without a Word	Without a Word	ErikW Nelson, Gregory D Putnam	G Putnam Music  LLC - Vocal	GPMC-TRK-000200	DRAFT_TRACK_ID_RESERVED_PENDING_ADMIN_APPROVAL	TRACK_RECORD_NOT_CREATED	PIX_NOT_CREATED	LT_PIX_NOT_CREATED	KKR_NOT_STARTED	CI_NOT_CREATED	Draft assignment only; ID not official until final import is approved and registry row is created.
GPMC-TRK-ASSIGN-DRAFT-CLEAN-GLOBAL-20260624	201	GPMC-REG-IMPORT-DRAFT-CLEAN-GLOBAL-20260624	201	docs/registry/batch-intake-working-queues/gpmc_clean_global_track_working_queue_20260624.tsv	202	gpm_stl.csv	110595333	WHY RUN?	WHY RUN?	Cindy Youngren	Vintage 90s	GPMC-TRK-000201	DRAFT_TRACK_ID_RESERVED_PENDING_ADMIN_APPROVAL	TRACK_RECORD_NOT_CREATED	PIX_NOT_CREATED	LT_PIX_NOT_CREATED	KKR_NOT_STARTED	CI_NOT_CREATED	Draft assignment only; ID not official until final import is approved and registry row is created.
GPMC-TRK-ASSIGN-DRAFT-CLEAN-GLOBAL-20260624	202	GPMC-REG-IMPORT-DRAFT-CLEAN-GLOBAL-20260624	202	docs/registry/batch-intake-working-queues/gpmc_clean_global_track_working_queue_20260624.tsv	203	gpm_stl.csv	112342986	NOT BE MEAN	NOT BE MEAN	KLEIGH	We’re Better Than This	GPMC-TRK-000202	DRAFT_TRACK_ID_RESERVED_PENDING_ADMIN_APPROVAL	TRACK_RECORD_NOT_CREATED	PIX_NOT_CREATED	LT_PIX_NOT_CREATED	KKR_NOT_STARTED	CI_NOT_CREATED	Draft assignment only; ID not official until final import is approved and registry row is created.
GPMC-TRK-ASSIGN-DRAFT-CLEAN-GLOBAL-20260624	203	GPMC-REG-IMPORT-DRAFT-CLEAN-GLOBAL-20260624	203	docs/registry/batch-intake-working-queues/gpmc_clean_global_track_working_queue_20260624.tsv	204	gpm_stl.csv	112862777	FLOATING ON AIR - INSTRO - Cocktail Lounge Piano	FLOATING ON AIR - INSTRO - Cocktail Lounge Piano - INSTRO	Michael Scherer	He Has Jazz	GPMC-TRK-000203	DRAFT_TRACK_ID_RESERVED_PENDING_ADMIN_APPROVAL	TRACK_RECORD_NOT_CREATED	PIX_NOT_CREATED	LT_PIX_NOT_CREATED	KKR_NOT_STARTED	CI_NOT_CREATED	Draft assignment only; ID not official until final import is approved and registry row is created.
GPMC-TRK-ASSIGN-DRAFT-CLEAN-GLOBAL-20260624	204	GPMC-REG-IMPORT-DRAFT-CLEAN-GLOBAL-20260624	204	docs/registry/batch-intake-working-queues/gpmc_clean_global_track_working_queue_20260624.tsv	205	gpm_stl.csv	112862780	GENTLE SWAY - Cocktail Lounge Piano	GENTLE SWAY - Cocktail Lounge Piano	G Putnam Music	Scherer Delight	GPMC-TRK-000204	DRAFT_TRACK_ID_RESERVED_PENDING_ADMIN_APPROVAL	TRACK_RECORD_NOT_CREATED	PIX_NOT_CREATED	LT_PIX_NOT_CREATED	KKR_NOT_STARTED	CI_NOT_CREATED	Draft assignment only; ID not official until final import is approved and registry row is created.
GPMC-TRK-ASSIGN-DRAFT-CLEAN-GLOBAL-20260624	205	GPMC-REG-IMPORT-DRAFT-CLEAN-GLOBAL-20260624	205	docs/registry/batch-intake-working-queues/gpmc_clean_global_track_working_queue_20260624.tsv	206	gpm_stl.csv	112862796	GENTLE BREEZE - Jazz Trio	GENTLE BREEZE - Jazz Trio	Michael Scherer	He Has Jazz	GPMC-TRK-000205	DRAFT_TRACK_ID_RESERVED_PENDING_ADMIN_APPROVAL	TRACK_RECORD_NOT_CREATED	PIX_NOT_CREATED	LT_PIX_NOT_CREATED	KKR_NOT_STARTED	CI_NOT_CREATED	Draft assignment only; ID not official until final import is approved and registry row is created.
GPMC-TRK-ASSIGN-DRAFT-CLEAN-GLOBAL-20260624	206	GPMC-REG-IMPORT-DRAFT-CLEAN-GLOBAL-20260624	206	docs/registry/batch-intake-working-queues/gpmc_clean_global_track_working_queue_20260624.tsv	207	gpm_stl.csv	112862802	SOFT TOUCH - Lounge Jazz Trio	SOFT TOUCH - Lounge Jazz Trio	Michael Scherer	Scherer Desire	GPMC-TRK-000206	DRAFT_TRACK_ID_RESERVED_PENDING_ADMIN_APPROVAL	TRACK_RECORD_NOT_CREATED	PIX_NOT_CREATED	LT_PIX_NOT_CREATED	KKR_NOT_STARTED	CI_NOT_CREATED	Draft assignment only; ID not official until final import is approved and registry row is created.
GPMC-TRK-ASSIGN-DRAFT-CLEAN-GLOBAL-20260624	207	GPMC-REG-IMPORT-DRAFT-CLEAN-GLOBAL-20260624	207	docs/registry/batch-intake-working-queues/gpmc_clean_global_track_working_queue_20260624.tsv	208	gpm_stl.csv	112862807	MIDNIGHT STROLL - INSTRO - Lounge Jazz Trio	MIDNIGHT STROLL - INSTRO - Lounge Jazz Trio - INSTRO	Michael Scherer	Scherer Delight	GPMC-TRK-000207	DRAFT_TRACK_ID_RESERVED_PENDING_ADMIN_APPROVAL	TRACK_RECORD_NOT_CREATED	PIX_NOT_CREATED	LT_PIX_NOT_CREATED	KKR_NOT_STARTED	CI_NOT_CREATED	Draft assignment only; ID not official until final import is approved and registry row is created.
GPMC-TRK-ASSIGN-DRAFT-CLEAN-GLOBAL-20260624	208	GPMC-REG-IMPORT-DRAFT-CLEAN-GLOBAL-20260624	208	docs/registry/batch-intake-working-queues/gpmc_clean_global_track_working_queue_20260624.tsv	209	gpm_stl.csv	112939255	MY HEART WANTS REAL	MY HEART WANTS REAL	KLEIGH	Still Walking	GPMC-TRK-000208	DRAFT_TRACK_ID_RESERVED_PENDING_ADMIN_APPROVAL	TRACK_RECORD_NOT_CREATED	PIX_NOT_CREATED	LT_PIX_NOT_CREATED	KKR_NOT_STARTED	CI_NOT_CREATED	Draft assignment only; ID not official until final import is approved and registry row is created.
GPMC-TRK-ASSIGN-DRAFT-CLEAN-GLOBAL-20260624	209	GPMC-REG-IMPORT-DRAFT-CLEAN-GLOBAL-20260624	209	docs/registry/batch-intake-working-queues/gpmc_clean_global_track_working_queue_20260624.tsv	210	gpm_stl.csv	114231659	SMOKIN'	SMOKIN'	Rachel Scharnette	Countin’ On Countin’ On	GPMC-TRK-000209	DRAFT_TRACK_ID_RESERVED_PENDING_ADMIN_APPROVAL	TRACK_RECORD_NOT_CREATED	PIX_NOT_CREATED	LT_PIX_NOT_CREATED	KKR_NOT_STARTED	CI_NOT_CREATED	Draft assignment only; ID not official until final import is approved and registry row is created.
GPMC-TRK-ASSIGN-DRAFT-CLEAN-GLOBAL-20260624	210	GPMC-REG-IMPORT-DRAFT-CLEAN-GLOBAL-20260624	210	docs/registry/batch-intake-working-queues/gpmc_clean_global_track_working_queue_20260624.tsv	211	gpm_stl.csv	115489320	BEAUTIFUL WORLD	BEAUTIFUL WORLD	KLEIGH	Beautiful World	GPMC-TRK-000210	DRAFT_TRACK_ID_RESERVED_PENDING_ADMIN_APPROVAL	TRACK_RECORD_NOT_CREATED	PIX_NOT_CREATED	LT_PIX_NOT_CREATED	KKR_NOT_STARTED	CI_NOT_CREATED	Draft assignment only; ID not official until final import is approved and registry row is created.
GPMC-TRK-ASSIGN-DRAFT-CLEAN-GLOBAL-20260624	211	GPMC-REG-IMPORT-DRAFT-CLEAN-GLOBAL-20260624	211	docs/registry/batch-intake-working-queues/gpmc_clean_global_track_working_queue_20260624.tsv	212	gpm_stl.csv	115572717	CRIED FOR THE 1ST TIME	CRIED FOR THE 1ST TIME	KLEIGH	Go for the Heart	GPMC-TRK-000211	DRAFT_TRACK_ID_RESERVED_PENDING_ADMIN_APPROVAL	TRACK_RECORD_NOT_CREATED	PIX_NOT_CREATED	LT_PIX_NOT_CREATED	KKR_NOT_STARTED	CI_NOT_CREATED	Draft assignment only; ID not official until final import is approved and registry row is created.
GPMC-TRK-ASSIGN-DRAFT-CLEAN-GLOBAL-20260624	212	GPMC-REG-IMPORT-DRAFT-CLEAN-GLOBAL-20260624	212	docs/registry/batch-intake-working-queues/gpmc_clean_global_track_working_queue_20260624.tsv	213	gpm_stl.csv	116311552	WHISP'RIN IN THE WIND	WHISP'RIN IN THE WIND	Dexter O'Neal	Turnin’ Blue	GPMC-TRK-000212	DRAFT_TRACK_ID_RESERVED_PENDING_ADMIN_APPROVAL	TRACK_RECORD_NOT_CREATED	PIX_NOT_CREATED	LT_PIX_NOT_CREATED	KKR_NOT_STARTED	CI_NOT_CREATED	Draft assignment only; ID not official until final import is approved and registry row is created.
GPMC-TRK-ASSIGN-DRAFT-CLEAN-GLOBAL-20260624	213	GPMC-REG-IMPORT-DRAFT-CLEAN-GLOBAL-20260624	213	docs/registry/batch-intake-working-queues/gpmc_clean_global_track_working_queue_20260624.tsv	214	gpm_stl.csv	116639023	TELL HEATHER - INSTRO	TELL HEATHER - INSTRO	G Putnam Music	Slight Light	GPMC-TRK-000213	DRAFT_TRACK_ID_RESERVED_PENDING_ADMIN_APPROVAL	TRACK_RECORD_NOT_CREATED	PIX_NOT_CREATED	LT_PIX_NOT_CREATED	KKR_NOT_STARTED	CI_NOT_CREATED	Draft assignment only; ID not official until final import is approved and registry row is created.
GPMC-TRK-ASSIGN-DRAFT-CLEAN-GLOBAL-20260624	214	GPMC-REG-IMPORT-DRAFT-CLEAN-GLOBAL-20260624	214	docs/registry/batch-intake-working-queues/gpmc_clean_global_track_working_queue_20260624.tsv	215	gpm_stl.csv	116639052	FOREVER IT'S GOODBYE (for Victims of Abuse!)	FOREVER IT'S GOODBYE (for Victims of Abuse!)	KLEIGH	Rough House	GPMC-TRK-000214	DRAFT_TRACK_ID_RESERVED_PENDING_ADMIN_APPROVAL	TRACK_RECORD_NOT_CREATED	PIX_NOT_CREATED	LT_PIX_NOT_CREATED	KKR_NOT_STARTED	CI_NOT_CREATED	Draft assignment only; ID not official until final import is approved and registry row is created.
GPMC-TRK-ASSIGN-DRAFT-CLEAN-GLOBAL-20260624	215	GPMC-REG-IMPORT-DRAFT-CLEAN-GLOBAL-20260624	215	docs/registry/batch-intake-working-queues/gpmc_clean_global_track_working_queue_20260624.tsv	216	gpm_stl.csv	116640859	LITTLE MISS WORRY	LITTLE MISS WORRY	KLEIGH	We’re Better Than This	GPMC-TRK-000215	DRAFT_TRACK_ID_RESERVED_PENDING_ADMIN_APPROVAL	TRACK_RECORD_NOT_CREATED	PIX_NOT_CREATED	LT_PIX_NOT_CREATED	KKR_NOT_STARTED	CI_NOT_CREATED	Draft assignment only; ID not official until final import is approved and registry row is created.
GPMC-TRK-ASSIGN-DRAFT-CLEAN-GLOBAL-20260624	216	GPMC-REG-IMPORT-DRAFT-CLEAN-GLOBAL-20260624	216	docs/registry/batch-intake-working-queues/gpmc_clean_global_track_working_queue_20260624.tsv	217	gpm_stl.csv	116640975	LITTLE MISS WORRY - INSTRO	LITTLE MISS WORRY - INSTRO	G Putnam Music	Thrilling Feeling	GPMC-TRK-000216	DRAFT_TRACK_ID_RESERVED_PENDING_ADMIN_APPROVAL	TRACK_RECORD_NOT_CREATED	PIX_NOT_CREATED	LT_PIX_NOT_CREATED	KKR_NOT_STARTED	CI_NOT_CREATED	Draft assignment only; ID not official until final import is approved and registry row is created.
GPMC-TRK-ASSIGN-DRAFT-CLEAN-GLOBAL-20260624	217	GPMC-REG-IMPORT-DRAFT-CLEAN-GLOBAL-20260624	217	docs/registry/batch-intake-working-queues/gpmc_clean_global_track_working_queue_20260624.tsv	218	gpm_stl.csv	118292211	CELEBRATE LIFE	CELEBRATE LIFE	KLEIGH	We Got This	GPMC-TRK-000217	DRAFT_TRACK_ID_RESERVED_PENDING_ADMIN_APPROVAL	TRACK_RECORD_NOT_CREATED	PIX_NOT_CREATED	LT_PIX_NOT_CREATED	KKR_NOT_STARTED	CI_NOT_CREATED	Draft assignment only; ID not official until final import is approved and registry row is created.
GPMC-TRK-ASSIGN-DRAFT-CLEAN-GLOBAL-20260624	218	GPMC-REG-IMPORT-DRAFT-CLEAN-GLOBAL-20260624	218	docs/registry/batch-intake-working-queues/gpmc_clean_global_track_working_queue_20260624.tsv	219	gpm_stl.csv	118377375	DREAMER'S DANCE	DREAMER'S DANCE	KLEIGH	Doin’ the’ Ev'ryday	GPMC-TRK-000218	DRAFT_TRACK_ID_RESERVED_PENDING_ADMIN_APPROVAL	TRACK_RECORD_NOT_CREATED	PIX_NOT_CREATED	LT_PIX_NOT_CREATED	KKR_NOT_STARTED	CI_NOT_CREATED	Draft assignment only; ID not official until final import is approved and registry row is created.
GPMC-TRK-ASSIGN-DRAFT-CLEAN-GLOBAL-20260624	219	GPMC-REG-IMPORT-DRAFT-CLEAN-GLOBAL-20260624	219	docs/registry/batch-intake-working-queues/gpmc_clean_global_track_working_queue_20260624.tsv	220	gpm_stl.csv	118995307	DREAM OF YOU	DREAM OF YOU	Linda Putnam	Dance It Away	GPMC-TRK-000219	DRAFT_TRACK_ID_RESERVED_PENDING_ADMIN_APPROVAL	TRACK_RECORD_NOT_CREATED	PIX_NOT_CREATED	LT_PIX_NOT_CREATED	KKR_NOT_STARTED	CI_NOT_CREATED	Draft assignment only; ID not official until final import is approved and registry row is created.
GPMC-TRK-ASSIGN-DRAFT-CLEAN-GLOBAL-20260624	220	GPMC-REG-IMPORT-DRAFT-CLEAN-GLOBAL-20260624	220	docs/registry/batch-intake-working-queues/gpmc_clean_global_track_working_queue_20260624.tsv	221	gpm_stl.csv	119798815	CELEBRATE LIFE - PIANO/VOCAL	CELEBRATE LIFE - PIANO/VOCAL	KLEIGH	We’re Better than This	GPMC-TRK-000220	DRAFT_TRACK_ID_RESERVED_PENDING_ADMIN_APPROVAL	TRACK_RECORD_NOT_CREATED	PIX_NOT_CREATED	LT_PIX_NOT_CREATED	KKR_NOT_STARTED	CI_NOT_CREATED	Draft assignment only; ID not official until final import is approved and registry row is created.
GPMC-TRK-ASSIGN-DRAFT-CLEAN-GLOBAL-20260624	221	GPMC-REG-IMPORT-DRAFT-CLEAN-GLOBAL-20260624	221	docs/registry/batch-intake-working-queues/gpmc_clean_global_track_working_queue_20260624.tsv	222	gpm_stl.csv	120388421	THE CEMETERY STOMP - STEVE	THE CEMETERY STOMP - STEVE	G Putnam Music	MaleHALLOWEEN, SINGALONG, KIDS	GPMC-TRK-000221	DRAFT_TRACK_ID_RESERVED_PENDING_ADMIN_APPROVAL	TRACK_RECORD_NOT_CREATED	PIX_NOT_CREATED	LT_PIX_NOT_CREATED	KKR_NOT_STARTED	CI_NOT_CREATED	Draft assignment only; ID not official until final import is approved and registry row is created.
GPMC-TRK-ASSIGN-DRAFT-CLEAN-GLOBAL-20260624	222	GPMC-REG-IMPORT-DRAFT-CLEAN-GLOBAL-20260624	222	docs/registry/batch-intake-working-queues/gpmc_clean_global_track_working_queue_20260624.tsv	223	gpm_stl.csv	120388422	THE CEMETERY STOMP - INSTRO	THE CEMETERY STOMP - INSTRO	G Putnam Music	TV/Film	GPMC-TRK-000222	DRAFT_TRACK_ID_RESERVED_PENDING_ADMIN_APPROVAL	TRACK_RECORD_NOT_CREATED	PIX_NOT_CREATED	LT_PIX_NOT_CREATED	KKR_NOT_STARTED	CI_NOT_CREATED	Draft assignment only; ID not official until final import is approved and registry row is created.
GPMC-TRK-ASSIGN-DRAFT-CLEAN-GLOBAL-20260624	223	GPMC-REG-IMPORT-DRAFT-CLEAN-GLOBAL-20260624	223	docs/registry/batch-intake-working-queues/gpmc_clean_global_track_working_queue_20260624.tsv	224	gpm_stl.csv	121109797	COME BACK - SS	COME BACK - SS	Reed	Dealin' Feelin'	GPMC-TRK-000223	DRAFT_TRACK_ID_RESERVED_PENDING_ADMIN_APPROVAL	TRACK_RECORD_NOT_CREATED	PIX_NOT_CREATED	LT_PIX_NOT_CREATED	KKR_NOT_STARTED	CI_NOT_CREATED	Draft assignment only; ID not official until final import is approved and registry row is created.
GPMC-TRK-ASSIGN-DRAFT-CLEAN-GLOBAL-20260624	224	GPMC-REG-IMPORT-DRAFT-CLEAN-GLOBAL-20260624	224	docs/registry/batch-intake-working-queues/gpmc_clean_global_track_working_queue_20260624.tsv	225	gpm_stl.csv	121721707	YOUR HEART POUNDIN'	YOUR HEART POUNDIN'	KLEIGH	Lovin’ Loving	GPMC-TRK-000224	DRAFT_TRACK_ID_RESERVED_PENDING_ADMIN_APPROVAL	TRACK_RECORD_NOT_CREATED	PIX_NOT_CREATED	LT_PIX_NOT_CREATED	KKR_NOT_STARTED	CI_NOT_CREATED	Draft assignment only; ID not official until final import is approved and registry row is created.
GPMC-TRK-ASSIGN-DRAFT-CLEAN-GLOBAL-20260624	225	GPMC-REG-IMPORT-DRAFT-CLEAN-GLOBAL-20260624	225	docs/registry/batch-intake-working-queues/gpmc_clean_global_track_working_queue_20260624.tsv	226	gpm_stl.csv	121721708	FRIEND LIKE YOU	FRIEND LIKE YOU	KLEIGH	Still Walking	GPMC-TRK-000225	DRAFT_TRACK_ID_RESERVED_PENDING_ADMIN_APPROVAL	TRACK_RECORD_NOT_CREATED	PIX_NOT_CREATED	LT_PIX_NOT_CREATED	KKR_NOT_STARTED	CI_NOT_CREATED	Draft assignment only; ID not official until final import is approved and registry row is created.
GPMC-TRK-ASSIGN-DRAFT-CLEAN-GLOBAL-20260624	226	GPMC-REG-IMPORT-DRAFT-CLEAN-GLOBAL-20260624	226	docs/registry/batch-intake-working-queues/gpmc_clean_global_track_working_queue_20260624.tsv	227	gpm_stl.csv	121721711	LOVE RENEWS	LOVE RENEWS	KLEIGH	Still Walking	GPMC-TRK-000226	DRAFT_TRACK_ID_RESERVED_PENDING_ADMIN_APPROVAL	TRACK_RECORD_NOT_CREATED	PIX_NOT_CREATED	LT_PIX_NOT_CREATED	KKR_NOT_STARTED	CI_NOT_CREATED	Draft assignment only; ID not official until final import is approved and registry row is created.
GPMC-TRK-ASSIGN-DRAFT-CLEAN-GLOBAL-20260624	227	GPMC-REG-IMPORT-DRAFT-CLEAN-GLOBAL-20260624	227	docs/registry/batch-intake-working-queues/gpmc_clean_global_track_working_queue_20260624.tsv	228	gpm_stl.csv	121721728	ALONE WITH YOU	ALONE WITH YOU	KLEIGH	Go for the Heart	GPMC-TRK-000227	DRAFT_TRACK_ID_RESERVED_PENDING_ADMIN_APPROVAL	TRACK_RECORD_NOT_CREATED	PIX_NOT_CREATED	LT_PIX_NOT_CREATED	KKR_NOT_STARTED	CI_NOT_CREATED	Draft assignment only; ID not official until final import is approved and registry row is created.
GPMC-TRK-ASSIGN-DRAFT-CLEAN-GLOBAL-20260624	228	GPMC-REG-IMPORT-DRAFT-CLEAN-GLOBAL-20260624	228	docs/registry/batch-intake-working-queues/gpmc_clean_global_track_working_queue_20260624.tsv	229	gpm_stl.csv	122288606	MERRY CHRISTMAS ALL YEAR	MERRY CHRISTMAS ALL YEAR	Alexa	Christmas	GPMC-TRK-000228	DRAFT_TRACK_ID_RESERVED_PENDING_ADMIN_APPROVAL	TRACK_RECORD_NOT_CREATED	PIX_NOT_CREATED	LT_PIX_NOT_CREATED	KKR_NOT_STARTED	CI_NOT_CREATED	Draft assignment only; ID not official until final import is approved and registry row is created.
GPMC-TRK-ASSIGN-DRAFT-CLEAN-GLOBAL-20260624	229	GPMC-REG-IMPORT-DRAFT-CLEAN-GLOBAL-20260624	229	docs/registry/batch-intake-working-queues/gpmc_clean_global_track_working_queue_20260624.tsv	230	gpm_stl.csv	123174367	WITHOUT A SOUL	WITHOUT A SOUL	KLEIGH	We’re Better than This	GPMC-TRK-000229	DRAFT_TRACK_ID_RESERVED_PENDING_ADMIN_APPROVAL	TRACK_RECORD_NOT_CREATED	PIX_NOT_CREATED	LT_PIX_NOT_CREATED	KKR_NOT_STARTED	CI_NOT_CREATED	Draft assignment only; ID not official until final import is approved and registry row is created.
GPMC-TRK-ASSIGN-DRAFT-CLEAN-GLOBAL-20260624	230	GPMC-REG-IMPORT-DRAFT-CLEAN-GLOBAL-20260624	230	docs/registry/batch-intake-working-queues/gpmc_clean_global_track_working_queue_20260624.tsv	231	gpm_stl.csv	123485285	WIHTOUT A SOUL - INSTRO	WIHTOUT A SOUL - INSTRO	G Putnam Music	Slight Light	GPMC-TRK-000230	DRAFT_TRACK_ID_RESERVED_PENDING_ADMIN_APPROVAL	TRACK_RECORD_NOT_CREATED	PIX_NOT_CREATED	LT_PIX_NOT_CREATED	KKR_NOT_STARTED	CI_NOT_CREATED	Draft assignment only; ID not official until final import is approved and registry row is created.
GPMC-TRK-ASSIGN-DRAFT-CLEAN-GLOBAL-20260624	231	GPMC-REG-IMPORT-DRAFT-CLEAN-GLOBAL-20260624	231	docs/registry/batch-intake-working-queues/gpmc_clean_global_track_working_queue_20260624.tsv	232	gpm_stl.csv	125624840	WORLD OF WORDS LILLI-MICHAEL	WORLD OF WORDS LILLI-MICHAEL	Lilli O'Dowd & KLEIGH	Caught Off Guard	GPMC-TRK-000231	DRAFT_TRACK_ID_RESERVED_PENDING_ADMIN_APPROVAL	TRACK_RECORD_NOT_CREATED	PIX_NOT_CREATED	LT_PIX_NOT_CREATED	KKR_NOT_STARTED	CI_NOT_CREATED	Draft assignment only; ID not official until final import is approved and registry row is created.
GPMC-TRK-ASSIGN-DRAFT-CLEAN-GLOBAL-20260624	232	GPMC-REG-IMPORT-DRAFT-CLEAN-GLOBAL-20260624	232	docs/registry/batch-intake-working-queues/gpmc_clean_global_track_working_queue_20260624.tsv	233	gpm_stl.csv	127692930	CRIED FOR THE 1ST TIME - STRIPPED	CRIED FOR THE 1ST TIME - STRIPPED	KLEIGH	Heart for Heart	GPMC-TRK-000232	DRAFT_TRACK_ID_RESERVED_PENDING_ADMIN_APPROVAL	TRACK_RECORD_NOT_CREATED	PIX_NOT_CREATED	LT_PIX_NOT_CREATED	KKR_NOT_STARTED	CI_NOT_CREATED	Draft assignment only; ID not official until final import is approved and registry row is created.
GPMC-TRK-ASSIGN-DRAFT-CLEAN-GLOBAL-20260624	233	GPMC-REG-IMPORT-DRAFT-CLEAN-GLOBAL-20260624	233	docs/registry/batch-intake-working-queues/gpmc_clean_global_track_working_queue_20260624.tsv	234	gpm_stl.csv	131838247	HEARTWAVE	HEARTWAVE	Lloyd G Miller	Lloyd’s Void	GPMC-TRK-000233	DRAFT_TRACK_ID_RESERVED_PENDING_ADMIN_APPROVAL	TRACK_RECORD_NOT_CREATED	PIX_NOT_CREATED	LT_PIX_NOT_CREATED	KKR_NOT_STARTED	CI_NOT_CREATED	Draft assignment only; ID not official until final import is approved and registry row is created.
GPMC-TRK-ASSIGN-DRAFT-CLEAN-GLOBAL-20260624	234	GPMC-REG-IMPORT-DRAFT-CLEAN-GLOBAL-20260624	234	docs/registry/batch-intake-working-queues/gpmc_clean_global_track_working_queue_20260624.tsv	235	gpm_stl.csv	134400917	CAN'T GET INTO MY HEAD - INSTRO	CAN'T GET INTO MY HEAD - INSTRO	G Putnam Music	Synth Nymph	GPMC-TRK-000234	DRAFT_TRACK_ID_RESERVED_PENDING_ADMIN_APPROVAL	TRACK_RECORD_NOT_CREATED	PIX_NOT_CREATED	LT_PIX_NOT_CREATED	KKR_NOT_STARTED	CI_NOT_CREATED	Draft assignment only; ID not official until final import is approved and registry row is created.
GPMC-TRK-ASSIGN-DRAFT-CLEAN-GLOBAL-20260624	235	GPMC-REG-IMPORT-DRAFT-CLEAN-GLOBAL-20260624	235	docs/registry/batch-intake-working-queues/gpmc_clean_global_track_working_queue_20260624.tsv	236	gpm_stl.csv	134771256	LOOKIN' IN SO LOOK OUT	LOOKIN' IN SO LOOK OUT	KLEIGH	Doin’ the Ev'ryday	GPMC-TRK-000235	DRAFT_TRACK_ID_RESERVED_PENDING_ADMIN_APPROVAL	TRACK_RECORD_NOT_CREATED	PIX_NOT_CREATED	LT_PIX_NOT_CREATED	KKR_NOT_STARTED	CI_NOT_CREATED	Draft assignment only; ID not official until final import is approved and registry row is created.
GPMC-TRK-ASSIGN-DRAFT-CLEAN-GLOBAL-20260624	236	GPMC-REG-IMPORT-DRAFT-CLEAN-GLOBAL-20260624	236	docs/registry/batch-intake-working-queues/gpmc_clean_global_track_working_queue_20260624.tsv	237	gpm_stl.csv	135731404	DREAMERS DANCE - INSTRO	DREAMERS DANCE - INSTRO	G Putnam Music	For Real?	GPMC-TRK-000236	DRAFT_TRACK_ID_RESERVED_PENDING_ADMIN_APPROVAL	TRACK_RECORD_NOT_CREATED	PIX_NOT_CREATED	LT_PIX_NOT_CREATED	KKR_NOT_STARTED	CI_NOT_CREATED	Draft assignment only; ID not official until final import is approved and registry row is created.
GPMC-TRK-ASSIGN-DRAFT-CLEAN-GLOBAL-20260624	237	GPMC-REG-IMPORT-DRAFT-CLEAN-GLOBAL-20260624	237	docs/registry/batch-intake-working-queues/gpmc_clean_global_track_working_queue_20260624.tsv	238	gpm_stl.csv	140962073	CLAUS FOR CELEBRATION	CLAUS FOR CELEBRATION	KLEIGH	Christmas	GPMC-TRK-000237	DRAFT_TRACK_ID_RESERVED_PENDING_ADMIN_APPROVAL	TRACK_RECORD_NOT_CREATED	PIX_NOT_CREATED	LT_PIX_NOT_CREATED	KKR_NOT_STARTED	CI_NOT_CREATED	Draft assignment only; ID not official until final import is approved and registry row is created.
GPMC-TRK-ASSIGN-DRAFT-CLEAN-GLOBAL-20260624	238	GPMC-REG-IMPORT-DRAFT-CLEAN-GLOBAL-20260624	238	docs/registry/batch-intake-working-queues/gpmc_clean_global_track_working_queue_20260624.tsv	239	gpm_stl.csv	141693667	HEART FOR MY SOUL	HEART FOR MY SOUL	KLEIGH	Go for the Heart	GPMC-TRK-000238	DRAFT_TRACK_ID_RESERVED_PENDING_ADMIN_APPROVAL	TRACK_RECORD_NOT_CREATED	PIX_NOT_CREATED	LT_PIX_NOT_CREATED	KKR_NOT_STARTED	CI_NOT_CREATED	Draft assignment only; ID not official until final import is approved and registry row is created.
GPMC-TRK-ASSIGN-DRAFT-CLEAN-GLOBAL-20260624	239	GPMC-REG-IMPORT-DRAFT-CLEAN-GLOBAL-20260624	239	docs/registry/batch-intake-working-queues/gpmc_clean_global_track_working_queue_20260624.tsv	240	gpm_stl.csv	142442066	BELIEVE IN LOVE	BELIEVE IN LOVE	Elle Christine	Elle's Bells	GPMC-TRK-000239	DRAFT_TRACK_ID_RESERVED_PENDING_ADMIN_APPROVAL	TRACK_RECORD_NOT_CREATED	PIX_NOT_CREATED	LT_PIX_NOT_CREATED	KKR_NOT_STARTED	CI_NOT_CREATED	Draft assignment only; ID not official until final import is approved and registry row is created.
GPMC-TRK-ASSIGN-DRAFT-CLEAN-GLOBAL-20260624	240	GPMC-REG-IMPORT-DRAFT-CLEAN-GLOBAL-20260624	240	docs/registry/batch-intake-working-queues/gpmc_clean_global_track_working_queue_20260624.tsv	241	gpm_stl.csv	142903263	FOOL'S GAME	FOOL'S GAME	Lloyd G Miller	Lloyd’s Void	GPMC-TRK-000240	DRAFT_TRACK_ID_RESERVED_PENDING_ADMIN_APPROVAL	TRACK_RECORD_NOT_CREATED	PIX_NOT_CREATED	LT_PIX_NOT_CREATED	KKR_NOT_STARTED	CI_NOT_CREATED	Draft assignment only; ID not official until final import is approved and registry row is created.
GPMC-TRK-ASSIGN-DRAFT-CLEAN-GLOBAL-20260624	241	GPMC-REG-IMPORT-DRAFT-CLEAN-GLOBAL-20260624	241	docs/registry/batch-intake-working-queues/gpmc_clean_global_track_working_queue_20260624.tsv	242	gpm_stl.csv	142929340	I LIVE FREE	I LIVE FREE	Brianna Shelko	Pretty Pop	GPMC-TRK-000241	DRAFT_TRACK_ID_RESERVED_PENDING_ADMIN_APPROVAL	TRACK_RECORD_NOT_CREATED	PIX_NOT_CREATED	LT_PIX_NOT_CREATED	KKR_NOT_STARTED	CI_NOT_CREATED	Draft assignment only; ID not official until final import is approved and registry row is created.
GPMC-TRK-ASSIGN-DRAFT-CLEAN-GLOBAL-20260624	242	GPMC-REG-IMPORT-DRAFT-CLEAN-GLOBAL-20260624	242	docs/registry/batch-intake-working-queues/gpmc_clean_global_track_working_queue_20260624.tsv	243	gpm_stl.csv	143240033	WHERE'S MY FRIEND?	WHERE'S MY FRIEND?	KLEIGH	Rough House	GPMC-TRK-000242	DRAFT_TRACK_ID_RESERVED_PENDING_ADMIN_APPROVAL	TRACK_RECORD_NOT_CREATED	PIX_NOT_CREATED	LT_PIX_NOT_CREATED	KKR_NOT_STARTED	CI_NOT_CREATED	Draft assignment only; ID not official until final import is approved and registry row is created.
GPMC-TRK-ASSIGN-DRAFT-CLEAN-GLOBAL-20260624	243	GPMC-REG-IMPORT-DRAFT-CLEAN-GLOBAL-20260624	243	docs/registry/batch-intake-working-queues/gpmc_clean_global_track_working_queue_20260624.tsv	244	gpm_stl.csv	144130006	TOUGH PEOPLE DO - S/S	TOUGH PEOPLE DO - S/S	KLEIGH	Still Walking	GPMC-TRK-000243	DRAFT_TRACK_ID_RESERVED_PENDING_ADMIN_APPROVAL	TRACK_RECORD_NOT_CREATED	PIX_NOT_CREATED	LT_PIX_NOT_CREATED	KKR_NOT_STARTED	CI_NOT_CREATED	Draft assignment only; ID not official until final import is approved and registry row is created.
GPMC-TRK-ASSIGN-DRAFT-CLEAN-GLOBAL-20260624	244	GPMC-REG-IMPORT-DRAFT-CLEAN-GLOBAL-20260624	244	docs/registry/batch-intake-working-queues/gpmc_clean_global_track_working_queue_20260624.tsv	245	gpm_stl.csv	145591582	WHEN THE HEART GETS IT WRONG	WHEN THE HEART GETS IT WRONG	KLEIGH	Heart for Heart	GPMC-TRK-000244	DRAFT_TRACK_ID_RESERVED_PENDING_ADMIN_APPROVAL	TRACK_RECORD_NOT_CREATED	PIX_NOT_CREATED	LT_PIX_NOT_CREATED	KKR_NOT_STARTED	CI_NOT_CREATED	Draft assignment only; ID not official until final import is approved and registry row is created.
GPMC-TRK-ASSIGN-DRAFT-CLEAN-GLOBAL-20260624	245	GPMC-REG-IMPORT-DRAFT-CLEAN-GLOBAL-20260624	245	docs/registry/batch-intake-working-queues/gpmc_clean_global_track_working_queue_20260624.tsv	246	gpm_stl.csv	146209212	I AM A FIGHTER - El Mix INSTRO	I AM A FIGHTER - El Mix - INSTRO	G Putnam Music	Slight Light	GPMC-TRK-000245	DRAFT_TRACK_ID_RESERVED_PENDING_ADMIN_APPROVAL	TRACK_RECORD_NOT_CREATED	PIX_NOT_CREATED	LT_PIX_NOT_CREATED	KKR_NOT_STARTED	CI_NOT_CREATED	Draft assignment only; ID not official until final import is approved and registry row is created.
GPMC-TRK-ASSIGN-DRAFT-CLEAN-GLOBAL-20260624	246	GPMC-REG-IMPORT-DRAFT-CLEAN-GLOBAL-20260624	246	docs/registry/batch-intake-working-queues/gpmc_clean_global_track_working_queue_20260624.tsv	247	gpm_stl.csv	146266336	SARAH	SARAH	KLEIGH	Doin’ the Ev'ryday	GPMC-TRK-000246	DRAFT_TRACK_ID_RESERVED_PENDING_ADMIN_APPROVAL	TRACK_RECORD_NOT_CREATED	PIX_NOT_CREATED	LT_PIX_NOT_CREATED	KKR_NOT_STARTED	CI_NOT_CREATED	Draft assignment only; ID not official until final import is approved and registry row is created.
GPMC-TRK-ASSIGN-DRAFT-CLEAN-GLOBAL-20260624	247	GPMC-REG-IMPORT-DRAFT-CLEAN-GLOBAL-20260624	247	docs/registry/batch-intake-working-queues/gpmc_clean_global_track_working_queue_20260624.tsv	248	gpm_stl.csv	146269508	THE 2ND SYNTHETIC ADVENTURE - INSTRO	THE 2ND SYNTHETIC ADVENTURE - INSTRO	G Putnam Music	Cinematic	GPMC-TRK-000247	DRAFT_TRACK_ID_RESERVED_PENDING_ADMIN_APPROVAL	TRACK_RECORD_NOT_CREATED	PIX_NOT_CREATED	LT_PIX_NOT_CREATED	KKR_NOT_STARTED	CI_NOT_CREATED	Draft assignment only; ID not official until final import is approved and registry row is created.
GPMC-TRK-ASSIGN-DRAFT-CLEAN-GLOBAL-20260624	248	GPMC-REG-IMPORT-DRAFT-CLEAN-GLOBAL-20260624	248	docs/registry/batch-intake-working-queues/gpmc_clean_global_track_working_queue_20260624.tsv	249	gpm_stl.csv	146291483	MY REALITY	MY REALITY	KLEIGH	Still Walking	GPMC-TRK-000248	DRAFT_TRACK_ID_RESERVED_PENDING_ADMIN_APPROVAL	TRACK_RECORD_NOT_CREATED	PIX_NOT_CREATED	LT_PIX_NOT_CREATED	KKR_NOT_STARTED	CI_NOT_CREATED	Draft assignment only; ID not official until final import is approved and registry row is created.
GPMC-TRK-ASSIGN-DRAFT-CLEAN-GLOBAL-20260624	249	GPMC-REG-IMPORT-DRAFT-CLEAN-GLOBAL-20260624	249	docs/registry/batch-intake-working-queues/gpmc_clean_global_track_working_queue_20260624.tsv	250	gpm_stl.csv	146291500	MORE THAN A FEELING TO ME	MORE THAN A FEELING TO ME	KLEIGH	KLEIGH's Weighs	GPMC-TRK-000249	DRAFT_TRACK_ID_RESERVED_PENDING_ADMIN_APPROVAL	TRACK_RECORD_NOT_CREATED	PIX_NOT_CREATED	LT_PIX_NOT_CREATED	KKR_NOT_STARTED	CI_NOT_CREATED	Draft assignment only; ID not official until final import is approved and registry row is created.
GPMC-TRK-ASSIGN-DRAFT-CLEAN-GLOBAL-20260624	250	GPMC-REG-IMPORT-DRAFT-CLEAN-GLOBAL-20260624	250	docs/registry/batch-intake-working-queues/gpmc_clean_global_track_working_queue_20260624.tsv	251	gpm_stl.csv	146291665	CAN'T HAVE YOU	CAN'T HAVE YOU	KLEIGH	Getting Past	GPMC-TRK-000250	DRAFT_TRACK_ID_RESERVED_PENDING_ADMIN_APPROVAL	TRACK_RECORD_NOT_CREATED	PIX_NOT_CREATED	LT_PIX_NOT_CREATED	KKR_NOT_STARTED	CI_NOT_CREATED	Draft assignment only; ID not official until final import is approved and registry row is created.
GPMC-TRK-ASSIGN-DRAFT-CLEAN-GLOBAL-20260624	251	GPMC-REG-IMPORT-DRAFT-CLEAN-GLOBAL-20260624	251	docs/registry/batch-intake-working-queues/gpmc_clean_global_track_working_queue_20260624.tsv	252	gpm_stl.csv	146291829	SHIT I DO	SHIT I DO	KLEIGH	Doin’ the Ev'yday	GPMC-TRK-000251	DRAFT_TRACK_ID_RESERVED_PENDING_ADMIN_APPROVAL	TRACK_RECORD_NOT_CREATED	PIX_NOT_CREATED	LT_PIX_NOT_CREATED	KKR_NOT_STARTED	CI_NOT_CREATED	Draft assignment only; ID not official until final import is approved and registry row is created.
GPMC-TRK-ASSIGN-DRAFT-CLEAN-GLOBAL-20260624	252	GPMC-REG-IMPORT-DRAFT-CLEAN-GLOBAL-20260624	252	docs/registry/batch-intake-working-queues/gpmc_clean_global_track_working_queue_20260624.tsv	253	gpm_stl.csv	146291898	SCORE 1 - FOREVER - INSTRO	SCORE 1 - FOREVER - INSTRO	G Putnam Music	Cinema	GPMC-TRK-000252	DRAFT_TRACK_ID_RESERVED_PENDING_ADMIN_APPROVAL	TRACK_RECORD_NOT_CREATED	PIX_NOT_CREATED	LT_PIX_NOT_CREATED	KKR_NOT_STARTED	CI_NOT_CREATED	Draft assignment only; ID not official until final import is approved and registry row is created.
GPMC-TRK-ASSIGN-DRAFT-CLEAN-GLOBAL-20260624	253	GPMC-REG-IMPORT-DRAFT-CLEAN-GLOBAL-20260624	253	docs/registry/batch-intake-working-queues/gpmc_clean_global_track_working_queue_20260624.tsv	254	gpm_stl.csv	146291905	SWEET MELODY - INSTRO	SWEET MELODY - INSTRO	G Putnam Music	TV/Film	GPMC-TRK-000253	DRAFT_TRACK_ID_RESERVED_PENDING_ADMIN_APPROVAL	TRACK_RECORD_NOT_CREATED	PIX_NOT_CREATED	LT_PIX_NOT_CREATED	KKR_NOT_STARTED	CI_NOT_CREATED	Draft assignment only; ID not official until final import is approved and registry row is created.
GPMC-TRK-ASSIGN-DRAFT-CLEAN-GLOBAL-20260624	254	GPMC-REG-IMPORT-DRAFT-CLEAN-GLOBAL-20260624	254	docs/registry/batch-intake-working-queues/gpmc_clean_global_track_working_queue_20260624.tsv	255	gpm_stl.csv	146380755	FIGHTING FOR GLORY- INSTRO	FIGHTING FOR GLORY - INSTRO	G Putnam Music	TV/Film	GPMC-TRK-000254	DRAFT_TRACK_ID_RESERVED_PENDING_ADMIN_APPROVAL	TRACK_RECORD_NOT_CREATED	PIX_NOT_CREATED	LT_PIX_NOT_CREATED	KKR_NOT_STARTED	CI_NOT_CREATED	Draft assignment only; ID not official until final import is approved and registry row is created.
GPMC-TRK-ASSIGN-DRAFT-CLEAN-GLOBAL-20260624	255	GPMC-REG-IMPORT-DRAFT-CLEAN-GLOBAL-20260624	255	docs/registry/batch-intake-working-queues/gpmc_clean_global_track_working_queue_20260624.tsv	256	gpm_stl.csv	146380788	SOUL CATCHER - The Unknown - INSTRO	SOUL CATCHER - The Unknown - INSTRO	G Putnam Music	Caught Off Guard	GPMC-TRK-000255	DRAFT_TRACK_ID_RESERVED_PENDING_ADMIN_APPROVAL	TRACK_RECORD_NOT_CREATED	PIX_NOT_CREATED	LT_PIX_NOT_CREATED	KKR_NOT_STARTED	CI_NOT_CREATED	Draft assignment only; ID not official until final import is approved and registry row is created.
GPMC-TRK-ASSIGN-DRAFT-CLEAN-GLOBAL-20260624	256	GPMC-REG-IMPORT-DRAFT-CLEAN-GLOBAL-20260624	256	docs/registry/batch-intake-working-queues/gpmc_clean_global_track_working_queue_20260624.tsv	257	gpm_stl.csv	146380802	LONG ROAD HOME- INSTRO	LONG ROAD HOME - INSTRO	G Putnam Music	Caught Off Guard	GPMC-TRK-000256	DRAFT_TRACK_ID_RESERVED_PENDING_ADMIN_APPROVAL	TRACK_RECORD_NOT_CREATED	PIX_NOT_CREATED	LT_PIX_NOT_CREATED	KKR_NOT_STARTED	CI_NOT_CREATED	Draft assignment only; ID not official until final import is approved and registry row is created.
GPMC-TRK-ASSIGN-DRAFT-CLEAN-GLOBAL-20260624	257	GPMC-REG-IMPORT-DRAFT-CLEAN-GLOBAL-20260624	257	docs/registry/batch-intake-working-queues/gpmc_clean_global_track_working_queue_20260624.tsv	258	gpm_stl.csv	146380818	INDUSTRIAL WARFARE - INSTRO	INDUSTRIAL WARFARE - INSTRO	G Putnam Music	TV/Film	GPMC-TRK-000257	DRAFT_TRACK_ID_RESERVED_PENDING_ADMIN_APPROVAL	TRACK_RECORD_NOT_CREATED	PIX_NOT_CREATED	LT_PIX_NOT_CREATED	KKR_NOT_STARTED	CI_NOT_CREATED	Draft assignment only; ID not official until final import is approved and registry row is created.
GPMC-TRK-ASSIGN-DRAFT-CLEAN-GLOBAL-20260624	258	GPMC-REG-IMPORT-DRAFT-CLEAN-GLOBAL-20260624	258	docs/registry/batch-intake-working-queues/gpmc_clean_global_track_working_queue_20260624.tsv	259	gpm_stl.csv	146380840	HE WAS OUR FRIEND - INSTRO	HE WAS OUR FRIEND - INSTRO	G Putnam Music	Film	GPMC-TRK-000258	DRAFT_TRACK_ID_RESERVED_PENDING_ADMIN_APPROVAL	TRACK_RECORD_NOT_CREATED	PIX_NOT_CREATED	LT_PIX_NOT_CREATED	KKR_NOT_STARTED	CI_NOT_CREATED	Draft assignment only; ID not official until final import is approved and registry row is created.
GPMC-TRK-ASSIGN-DRAFT-CLEAN-GLOBAL-20260624	259	GPMC-REG-IMPORT-DRAFT-CLEAN-GLOBAL-20260624	259	docs/registry/batch-intake-working-queues/gpmc_clean_global_track_working_queue_20260624.tsv	260	gpm_stl.csv	146835595	FLY AGAIN	FLY AGAIN	KLEIGH	Heart for Heart	GPMC-TRK-000259	DRAFT_TRACK_ID_RESERVED_PENDING_ADMIN_APPROVAL	TRACK_RECORD_NOT_CREATED	PIX_NOT_CREATED	LT_PIX_NOT_CREATED	KKR_NOT_STARTED	CI_NOT_CREATED	Draft assignment only; ID not official until final import is approved and registry row is created.
GPMC-TRK-ASSIGN-DRAFT-CLEAN-GLOBAL-20260624	260	GPMC-REG-IMPORT-DRAFT-CLEAN-GLOBAL-20260624	260	docs/registry/batch-intake-working-queues/gpmc_clean_global_track_working_queue_20260624.tsv	261	gpm_stl.csv	148166578	BELIEVE IT	BELIEVE IT	KLEIGH	Beautiful World	GPMC-TRK-000260	DRAFT_TRACK_ID_RESERVED_PENDING_ADMIN_APPROVAL	TRACK_RECORD_NOT_CREATED	PIX_NOT_CREATED	LT_PIX_NOT_CREATED	KKR_NOT_STARTED	CI_NOT_CREATED	Draft assignment only; ID not official until final import is approved and registry row is created.
GPMC-TRK-ASSIGN-DRAFT-CLEAN-GLOBAL-20260624	261	GPMC-REG-IMPORT-DRAFT-CLEAN-GLOBAL-20260624	261	docs/registry/batch-intake-working-queues/gpmc_clean_global_track_working_queue_20260624.tsv	262	gpm_stl.csv	148166614	CURIOUS THING	CURIOUS THING	KLEIGH	Lovin’ Loving	GPMC-TRK-000261	DRAFT_TRACK_ID_RESERVED_PENDING_ADMIN_APPROVAL	TRACK_RECORD_NOT_CREATED	PIX_NOT_CREATED	LT_PIX_NOT_CREATED	KKR_NOT_STARTED	CI_NOT_CREATED	Draft assignment only; ID not official until final import is approved and registry row is created.
GPMC-TRK-ASSIGN-DRAFT-CLEAN-GLOBAL-20260624	262	GPMC-REG-IMPORT-DRAFT-CLEAN-GLOBAL-20260624	262	docs/registry/batch-intake-working-queues/gpmc_clean_global_track_working_queue_20260624.tsv	263	gpm_stl.csv	148166615	COUNTING TIME	COUNTING TIME	KLEIGH	We Got This	GPMC-TRK-000262	DRAFT_TRACK_ID_RESERVED_PENDING_ADMIN_APPROVAL	TRACK_RECORD_NOT_CREATED	PIX_NOT_CREATED	LT_PIX_NOT_CREATED	KKR_NOT_STARTED	CI_NOT_CREATED	Draft assignment only; ID not official until final import is approved and registry row is created.
GPMC-TRK-ASSIGN-DRAFT-CLEAN-GLOBAL-20260624	263	GPMC-REG-IMPORT-DRAFT-CLEAN-GLOBAL-20260624	263	docs/registry/batch-intake-working-queues/gpmc_clean_global_track_working_queue_20260624.tsv	264	gpm_stl.csv	148166616	DO NOT FEAR	DO NOT FEAR	KLEIGH	We Got This	GPMC-TRK-000263	DRAFT_TRACK_ID_RESERVED_PENDING_ADMIN_APPROVAL	TRACK_RECORD_NOT_CREATED	PIX_NOT_CREATED	LT_PIX_NOT_CREATED	KKR_NOT_STARTED	CI_NOT_CREATED	Draft assignment only; ID not official until final import is approved and registry row is created.
GPMC-TRK-ASSIGN-DRAFT-CLEAN-GLOBAL-20260624	264	GPMC-REG-IMPORT-DRAFT-CLEAN-GLOBAL-20260624	264	docs/registry/batch-intake-working-queues/gpmc_clean_global_track_working_queue_20260624.tsv	265	gpm_stl.csv	148166618	RAINBOW DAY	RAINBOW DAY	KLEIGH	Beautiful World	GPMC-TRK-000264	DRAFT_TRACK_ID_RESERVED_PENDING_ADMIN_APPROVAL	TRACK_RECORD_NOT_CREATED	PIX_NOT_CREATED	LT_PIX_NOT_CREATED	KKR_NOT_STARTED	CI_NOT_CREATED	Draft assignment only; ID not official until final import is approved and registry row is created.
GPMC-TRK-ASSIGN-DRAFT-CLEAN-GLOBAL-20260624	265	GPMC-REG-IMPORT-DRAFT-CLEAN-GLOBAL-20260624	265	docs/registry/batch-intake-working-queues/gpmc_clean_global_track_working_queue_20260624.tsv	266	gpm_stl.csv	148166619	MEMORIES	MEMORIES	KLEIGH	Beautiful World	GPMC-TRK-000265	DRAFT_TRACK_ID_RESERVED_PENDING_ADMIN_APPROVAL	TRACK_RECORD_NOT_CREATED	PIX_NOT_CREATED	LT_PIX_NOT_CREATED	KKR_NOT_STARTED	CI_NOT_CREATED	Draft assignment only; ID not official until final import is approved and registry row is created.
GPMC-TRK-ASSIGN-DRAFT-CLEAN-GLOBAL-20260624	266	GPMC-REG-IMPORT-DRAFT-CLEAN-GLOBAL-20260624	266	docs/registry/batch-intake-working-queues/gpmc_clean_global_track_working_queue_20260624.tsv	267	gpm_stl.csv	148167090	THANK YOU	THANK YOU	KLEIGH	Doin’ the Ev'ryday	GPMC-TRK-000266	DRAFT_TRACK_ID_RESERVED_PENDING_ADMIN_APPROVAL	TRACK_RECORD_NOT_CREATED	PIX_NOT_CREATED	LT_PIX_NOT_CREATED	KKR_NOT_STARTED	CI_NOT_CREATED	Draft assignment only; ID not official until final import is approved and registry row is created.
GPMC-TRK-ASSIGN-DRAFT-CLEAN-GLOBAL-20260624	267	GPMC-REG-IMPORT-DRAFT-CLEAN-GLOBAL-20260624	267	docs/registry/batch-intake-working-queues/gpmc_clean_global_track_working_queue_20260624.tsv	268	gpm_stl.csv	148167092	SAVING GRACE	SAVING GRACE	KLEIGH	Beautiful World	GPMC-TRK-000267	DRAFT_TRACK_ID_RESERVED_PENDING_ADMIN_APPROVAL	TRACK_RECORD_NOT_CREATED	PIX_NOT_CREATED	LT_PIX_NOT_CREATED	KKR_NOT_STARTED	CI_NOT_CREATED	Draft assignment only; ID not official until final import is approved and registry row is created.
GPMC-TRK-ASSIGN-DRAFT-CLEAN-GLOBAL-20260624	268	GPMC-REG-IMPORT-DRAFT-CLEAN-GLOBAL-20260624	268	docs/registry/batch-intake-working-queues/gpmc_clean_global_track_working_queue_20260624.tsv	269	gpm_stl.csv	148168352	NOW NOW - INSTRO	NOW NOW - INSTRO	G Putnam Music	Thrilling Feeling	GPMC-TRK-000268	DRAFT_TRACK_ID_RESERVED_PENDING_ADMIN_APPROVAL	TRACK_RECORD_NOT_CREATED	PIX_NOT_CREATED	LT_PIX_NOT_CREATED	KKR_NOT_STARTED	CI_NOT_CREATED	Draft assignment only; ID not official until final import is approved and registry row is created.
GPMC-TRK-ASSIGN-DRAFT-CLEAN-GLOBAL-20260624	269	GPMC-REG-IMPORT-DRAFT-CLEAN-GLOBAL-20260624	269	docs/registry/batch-intake-working-queues/gpmc_clean_global_track_working_queue_20260624.tsv	270	gpm_stl.csv	148168733	SUBSONIC BLUES	SUBSONIC BLUES	KLEIGH	Rough House	GPMC-TRK-000269	DRAFT_TRACK_ID_RESERVED_PENDING_ADMIN_APPROVAL	TRACK_RECORD_NOT_CREATED	PIX_NOT_CREATED	LT_PIX_NOT_CREATED	KKR_NOT_STARTED	CI_NOT_CREATED	Draft assignment only; ID not official until final import is approved and registry row is created.
GPMC-TRK-ASSIGN-DRAFT-CLEAN-GLOBAL-20260624	270	GPMC-REG-IMPORT-DRAFT-CLEAN-GLOBAL-20260624	270	docs/registry/batch-intake-working-queues/gpmc_clean_global_track_working_queue_20260624.tsv	271	gpm_stl.csv	148168801	DUST TO PEARLS	DUST TO PEARLS	KLEIGH	Still Walking	GPMC-TRK-000270	DRAFT_TRACK_ID_RESERVED_PENDING_ADMIN_APPROVAL	TRACK_RECORD_NOT_CREATED	PIX_NOT_CREATED	LT_PIX_NOT_CREATED	KKR_NOT_STARTED	CI_NOT_CREATED	Draft assignment only; ID not official until final import is approved and registry row is created.
GPMC-TRK-ASSIGN-DRAFT-CLEAN-GLOBAL-20260624	271	GPMC-REG-IMPORT-DRAFT-CLEAN-GLOBAL-20260624	271	docs/registry/batch-intake-working-queues/gpmc_clean_global_track_working_queue_20260624.tsv	272	gpm_stl.csv	148168845	THAT MOUNTAIN	THAT MOUNTAIN	KLEIGH	We Got This	GPMC-TRK-000271	DRAFT_TRACK_ID_RESERVED_PENDING_ADMIN_APPROVAL	TRACK_RECORD_NOT_CREATED	PIX_NOT_CREATED	LT_PIX_NOT_CREATED	KKR_NOT_STARTED	CI_NOT_CREATED	Draft assignment only; ID not official until final import is approved and registry row is created.
GPMC-TRK-ASSIGN-DRAFT-CLEAN-GLOBAL-20260624	272	GPMC-REG-IMPORT-DRAFT-CLEAN-GLOBAL-20260624	272	docs/registry/batch-intake-working-queues/gpmc_clean_global_track_working_queue_20260624.tsv	273	gpm_stl.csv	148168882	WALK WITH ME	WALK WITH ME	KLEIGH	Walk with Me	GPMC-TRK-000272	DRAFT_TRACK_ID_RESERVED_PENDING_ADMIN_APPROVAL	TRACK_RECORD_NOT_CREATED	PIX_NOT_CREATED	LT_PIX_NOT_CREATED	KKR_NOT_STARTED	CI_NOT_CREATED	Draft assignment only; ID not official until final import is approved and registry row is created.
GPMC-TRK-ASSIGN-DRAFT-CLEAN-GLOBAL-20260624	273	GPMC-REG-IMPORT-DRAFT-CLEAN-GLOBAL-20260624	273	docs/registry/batch-intake-working-queues/gpmc_clean_global_track_working_queue_20260624.tsv	274	gpm_stl.csv	148168984	POETRY	POETRY	KLEIGH	Walk with Me	GPMC-TRK-000273	DRAFT_TRACK_ID_RESERVED_PENDING_ADMIN_APPROVAL	TRACK_RECORD_NOT_CREATED	PIX_NOT_CREATED	LT_PIX_NOT_CREATED	KKR_NOT_STARTED	CI_NOT_CREATED	Draft assignment only; ID not official until final import is approved and registry row is created.
GPMC-TRK-ASSIGN-DRAFT-CLEAN-GLOBAL-20260624	274	GPMC-REG-IMPORT-DRAFT-CLEAN-GLOBAL-20260624	274	docs/registry/batch-intake-working-queues/gpmc_clean_global_track_working_queue_20260624.tsv	275	gpm_stl.csv	148169111	THE LAST TIME	THE LAST TIME	KLEIGH	Walk with Me	GPMC-TRK-000274	DRAFT_TRACK_ID_RESERVED_PENDING_ADMIN_APPROVAL	TRACK_RECORD_NOT_CREATED	PIX_NOT_CREATED	LT_PIX_NOT_CREATED	KKR_NOT_STARTED	CI_NOT_CREATED	Draft assignment only; ID not official until final import is approved and registry row is created.
GPMC-TRK-ASSIGN-DRAFT-CLEAN-GLOBAL-20260624	275	GPMC-REG-IMPORT-DRAFT-CLEAN-GLOBAL-20260624	275	docs/registry/batch-intake-working-queues/gpmc_clean_global_track_working_queue_20260624.tsv	276	gpm_stl.csv	148169165	DEVIL GET AWAY FROM ME	DEVIL GET AWAY FROM ME	KLEIGH	Still Walking	GPMC-TRK-000275	DRAFT_TRACK_ID_RESERVED_PENDING_ADMIN_APPROVAL	TRACK_RECORD_NOT_CREATED	PIX_NOT_CREATED	LT_PIX_NOT_CREATED	KKR_NOT_STARTED	CI_NOT_CREATED	Draft assignment only; ID not official until final import is approved and registry row is created.
GPMC-TRK-ASSIGN-DRAFT-CLEAN-GLOBAL-20260624	276	GPMC-REG-IMPORT-DRAFT-CLEAN-GLOBAL-20260624	276	docs/registry/batch-intake-working-queues/gpmc_clean_global_track_working_queue_20260624.tsv	277	gpm_stl.csv	148169263	THESE ARE THE DAYS	THESE ARE THE DAYS	KLEIGH	Memory’s Malice	GPMC-TRK-000276	DRAFT_TRACK_ID_RESERVED_PENDING_ADMIN_APPROVAL	TRACK_RECORD_NOT_CREATED	PIX_NOT_CREATED	LT_PIX_NOT_CREATED	KKR_NOT_STARTED	CI_NOT_CREATED	Draft assignment only; ID not official until final import is approved and registry row is created.
GPMC-TRK-ASSIGN-DRAFT-CLEAN-GLOBAL-20260624	277	GPMC-REG-IMPORT-DRAFT-CLEAN-GLOBAL-20260624	277	docs/registry/batch-intake-working-queues/gpmc_clean_global_track_working_queue_20260624.tsv	278	gpm_stl.csv	148169321	WALKING ALONE (TOWARD MY DESTINY)	WALKING ALONE (TOWARD MY DESTINY)	KLEIGH	Still Walking	GPMC-TRK-000277	DRAFT_TRACK_ID_RESERVED_PENDING_ADMIN_APPROVAL	TRACK_RECORD_NOT_CREATED	PIX_NOT_CREATED	LT_PIX_NOT_CREATED	KKR_NOT_STARTED	CI_NOT_CREATED	Draft assignment only; ID not official until final import is approved and registry row is created.
GPMC-TRK-ASSIGN-DRAFT-CLEAN-GLOBAL-20260624	278	GPMC-REG-IMPORT-DRAFT-CLEAN-GLOBAL-20260624	278	docs/registry/batch-intake-working-queues/gpmc_clean_global_track_working_queue_20260624.tsv	279	gpm_stl.csv	148169354	DIAMONDS IN THE ROUGH	DIAMONDS IN THE ROUGH	KLEIGH	We Got This	GPMC-TRK-000278	DRAFT_TRACK_ID_RESERVED_PENDING_ADMIN_APPROVAL	TRACK_RECORD_NOT_CREATED	PIX_NOT_CREATED	LT_PIX_NOT_CREATED	KKR_NOT_STARTED	CI_NOT_CREATED	Draft assignment only; ID not official until final import is approved and registry row is created.
GPMC-TRK-ASSIGN-DRAFT-CLEAN-GLOBAL-20260624	279	GPMC-REG-IMPORT-DRAFT-CLEAN-GLOBAL-20260624	279	docs/registry/batch-intake-working-queues/gpmc_clean_global_track_working_queue_20260624.tsv	280	gpm_stl.csv	148169710	ONE HELL OF A RIDE	ONE HELL OF A RIDE	KLEIGH	Lovin’ Loving	GPMC-TRK-000279	DRAFT_TRACK_ID_RESERVED_PENDING_ADMIN_APPROVAL	TRACK_RECORD_NOT_CREATED	PIX_NOT_CREATED	LT_PIX_NOT_CREATED	KKR_NOT_STARTED	CI_NOT_CREATED	Draft assignment only; ID not official until final import is approved and registry row is created.
GPMC-TRK-ASSIGN-DRAFT-CLEAN-GLOBAL-20260624	280	GPMC-REG-IMPORT-DRAFT-CLEAN-GLOBAL-20260624	280	docs/registry/batch-intake-working-queues/gpmc_clean_global_track_working_queue_20260624.tsv	281	gpm_stl.csv	148169791	SHORTY - INSTRO	SHORTY - INSTRO	G Putnam Music	TV/FILM	GPMC-TRK-000280	DRAFT_TRACK_ID_RESERVED_PENDING_ADMIN_APPROVAL	TRACK_RECORD_NOT_CREATED	PIX_NOT_CREATED	LT_PIX_NOT_CREATED	KKR_NOT_STARTED	CI_NOT_CREATED	Draft assignment only; ID not official until final import is approved and registry row is created.
GPMC-TRK-ASSIGN-DRAFT-CLEAN-GLOBAL-20260624	281	GPMC-REG-IMPORT-DRAFT-CLEAN-GLOBAL-20260624	281	docs/registry/batch-intake-working-queues/gpmc_clean_global_track_working_queue_20260624.tsv	282	gpm_stl.csv	148170137	ANGELS OF WAR - INSTRO	ANGELS OF WAR - INSTRO	G Putnam Music	TV/Film	GPMC-TRK-000281	DRAFT_TRACK_ID_RESERVED_PENDING_ADMIN_APPROVAL	TRACK_RECORD_NOT_CREATED	PIX_NOT_CREATED	LT_PIX_NOT_CREATED	KKR_NOT_STARTED	CI_NOT_CREATED	Draft assignment only; ID not official until final import is approved and registry row is created.
GPMC-TRK-ASSIGN-DRAFT-CLEAN-GLOBAL-20260624	282	GPMC-REG-IMPORT-DRAFT-CLEAN-GLOBAL-20260624	282	docs/registry/batch-intake-working-queues/gpmc_clean_global_track_working_queue_20260624.tsv	283	gpm_stl.csv	148170245	BE MINE TONIGHT	BE MINE TONIGHT	KLEIGH	Go for the Heart	GPMC-TRK-000282	DRAFT_TRACK_ID_RESERVED_PENDING_ADMIN_APPROVAL	TRACK_RECORD_NOT_CREATED	PIX_NOT_CREATED	LT_PIX_NOT_CREATED	KKR_NOT_STARTED	CI_NOT_CREATED	Draft assignment only; ID not official until final import is approved and registry row is created.
GPMC-TRK-ASSIGN-DRAFT-CLEAN-GLOBAL-20260624	283	GPMC-REG-IMPORT-DRAFT-CLEAN-GLOBAL-20260624	283	docs/registry/batch-intake-working-queues/gpmc_clean_global_track_working_queue_20260624.tsv	284	gpm_stl.csv	148170257	THE BEST NIGHTS	THE BEST NIGHTS	KLEIGH	- ADVENTURE, TOGETHER, ESCAPE	GPMC-TRK-000283	DRAFT_TRACK_ID_RESERVED_PENDING_ADMIN_APPROVAL	TRACK_RECORD_NOT_CREATED	PIX_NOT_CREATED	LT_PIX_NOT_CREATED	KKR_NOT_STARTED	CI_NOT_CREATED	Draft assignment only; ID not official until final import is approved and registry row is created.
GPMC-TRK-ASSIGN-DRAFT-CLEAN-GLOBAL-20260624	284	GPMC-REG-IMPORT-DRAFT-CLEAN-GLOBAL-20260624	284	docs/registry/batch-intake-working-queues/gpmc_clean_global_track_working_queue_20260624.tsv	285	gpm_stl.csv	148170395	BEATING BLUE - INSTRO	BEATING BLUE - INSTRO	G Putnam Music	Dance It Away	GPMC-TRK-000284	DRAFT_TRACK_ID_RESERVED_PENDING_ADMIN_APPROVAL	TRACK_RECORD_NOT_CREATED	PIX_NOT_CREATED	LT_PIX_NOT_CREATED	KKR_NOT_STARTED	CI_NOT_CREATED	Draft assignment only; ID not official until final import is approved and registry row is created.
GPMC-TRK-ASSIGN-DRAFT-CLEAN-GLOBAL-20260624	285	GPMC-REG-IMPORT-DRAFT-CLEAN-GLOBAL-20260624	285	docs/registry/batch-intake-working-queues/gpmc_clean_global_track_working_queue_20260624.tsv	286	gpm_stl.csv	148170409	BLUE MOUNTAIN - INSTRO	BLUE MOUNTAIN - INSTRO	G Putnam Music	Remembering Forgetting	GPMC-TRK-000285	DRAFT_TRACK_ID_RESERVED_PENDING_ADMIN_APPROVAL	TRACK_RECORD_NOT_CREATED	PIX_NOT_CREATED	LT_PIX_NOT_CREATED	KKR_NOT_STARTED	CI_NOT_CREATED	Draft assignment only; ID not official until final import is approved and registry row is created.
GPMC-TRK-ASSIGN-DRAFT-CLEAN-GLOBAL-20260624	286	GPMC-REG-IMPORT-DRAFT-CLEAN-GLOBAL-20260624	286	docs/registry/batch-intake-working-queues/gpmc_clean_global_track_working_queue_20260624.tsv	287	gpm_stl.csv	148170723	CAN YOU SEE IT?	CAN YOU SEE IT?	KLEIGH	KLEIGH’S Weighs	GPMC-TRK-000286	DRAFT_TRACK_ID_RESERVED_PENDING_ADMIN_APPROVAL	TRACK_RECORD_NOT_CREATED	PIX_NOT_CREATED	LT_PIX_NOT_CREATED	KKR_NOT_STARTED	CI_NOT_CREATED	Draft assignment only; ID not official until final import is approved and registry row is created.
GPMC-TRK-ASSIGN-DRAFT-CLEAN-GLOBAL-20260624	287	GPMC-REG-IMPORT-DRAFT-CLEAN-GLOBAL-20260624	287	docs/registry/batch-intake-working-queues/gpmc_clean_global_track_working_queue_20260624.tsv	288	gpm_stl.csv	148170752	CASTED BEHIND - INSTRO	CASTED BEHIND - INSTRO	G Putnam Music	Crashin’ NOT Fallin’	GPMC-TRK-000287	DRAFT_TRACK_ID_RESERVED_PENDING_ADMIN_APPROVAL	TRACK_RECORD_NOT_CREATED	PIX_NOT_CREATED	LT_PIX_NOT_CREATED	KKR_NOT_STARTED	CI_NOT_CREATED	Draft assignment only; ID not official until final import is approved and registry row is created.
GPMC-TRK-ASSIGN-DRAFT-CLEAN-GLOBAL-20260624	288	GPMC-REG-IMPORT-DRAFT-CLEAN-GLOBAL-20260624	288	docs/registry/batch-intake-working-queues/gpmc_clean_global_track_working_queue_20260624.tsv	289	gpm_stl.csv	148170813	CHANGED YOUR MIND	CHANGED YOUR MIND	KLEIGH	Rough House	GPMC-TRK-000288	DRAFT_TRACK_ID_RESERVED_PENDING_ADMIN_APPROVAL	TRACK_RECORD_NOT_CREATED	PIX_NOT_CREATED	LT_PIX_NOT_CREATED	KKR_NOT_STARTED	CI_NOT_CREATED	Draft assignment only; ID not official until final import is approved and registry row is created.
GPMC-TRK-ASSIGN-DRAFT-CLEAN-GLOBAL-20260624	289	GPMC-REG-IMPORT-DRAFT-CLEAN-GLOBAL-20260624	289	docs/registry/batch-intake-working-queues/gpmc_clean_global_track_working_queue_20260624.tsv	290	gpm_stl.csv	148170874	30 Seconds - INSTRO	30 Seconds - INSTRO	G Putnam Music	Film	GPMC-TRK-000289	DRAFT_TRACK_ID_RESERVED_PENDING_ADMIN_APPROVAL	TRACK_RECORD_NOT_CREATED	PIX_NOT_CREATED	LT_PIX_NOT_CREATED	KKR_NOT_STARTED	CI_NOT_CREATED	Draft assignment only; ID not official until final import is approved and registry row is created.
GPMC-TRK-ASSIGN-DRAFT-CLEAN-GLOBAL-20260624	290	GPMC-REG-IMPORT-DRAFT-CLEAN-GLOBAL-20260624	290	docs/registry/batch-intake-working-queues/gpmc_clean_global_track_working_queue_20260624.tsv	291	gpm_stl.csv	148170919	HERO OF VALOR - INSTRO	HERO OF VALOR - INSTRO	G Putnam Music	TV/Film	GPMC-TRK-000290	DRAFT_TRACK_ID_RESERVED_PENDING_ADMIN_APPROVAL	TRACK_RECORD_NOT_CREATED	PIX_NOT_CREATED	LT_PIX_NOT_CREATED	KKR_NOT_STARTED	CI_NOT_CREATED	Draft assignment only; ID not official until final import is approved and registry row is created.
GPMC-TRK-ASSIGN-DRAFT-CLEAN-GLOBAL-20260624	291	GPMC-REG-IMPORT-DRAFT-CLEAN-GLOBAL-20260624	291	docs/registry/batch-intake-working-queues/gpmc_clean_global_track_working_queue_20260624.tsv	292	gpm_stl.csv	148170953	A QUESTIONING OF FAITH - INSTRO	A QUESTIONING OF FAITH - INSTRO	G Putnam Music	TV/Film	GPMC-TRK-000291	DRAFT_TRACK_ID_RESERVED_PENDING_ADMIN_APPROVAL	TRACK_RECORD_NOT_CREATED	PIX_NOT_CREATED	LT_PIX_NOT_CREATED	KKR_NOT_STARTED	CI_NOT_CREATED	Draft assignment only; ID not official until final import is approved and registry row is created.
GPMC-TRK-ASSIGN-DRAFT-CLEAN-GLOBAL-20260624	292	GPMC-REG-IMPORT-DRAFT-CLEAN-GLOBAL-20260624	292	docs/registry/batch-intake-working-queues/gpmc_clean_global_track_working_queue_20260624.tsv	293	gpm_stl.csv	148171049	AVOIDING THE INEVITABLE - INSTRO	AVOIDING THE INEVITABLE - INSTRO	G Putnam Music	TV/Film	GPMC-TRK-000292	DRAFT_TRACK_ID_RESERVED_PENDING_ADMIN_APPROVAL	TRACK_RECORD_NOT_CREATED	PIX_NOT_CREATED	LT_PIX_NOT_CREATED	KKR_NOT_STARTED	CI_NOT_CREATED	Draft assignment only; ID not official until final import is approved and registry row is created.
GPMC-TRK-ASSIGN-DRAFT-CLEAN-GLOBAL-20260624	293	GPMC-REG-IMPORT-DRAFT-CLEAN-GLOBAL-20260624	293	docs/registry/batch-intake-working-queues/gpmc_clean_global_track_working_queue_20260624.tsv	294	gpm_stl.csv	148171212	CHASE DOWN - INSTRO	CHASE DOWN - INSTRO	G Putnam Music	TV/Film	GPMC-TRK-000293	DRAFT_TRACK_ID_RESERVED_PENDING_ADMIN_APPROVAL	TRACK_RECORD_NOT_CREATED	PIX_NOT_CREATED	LT_PIX_NOT_CREATED	KKR_NOT_STARTED	CI_NOT_CREATED	Draft assignment only; ID not official until final import is approved and registry row is created.
GPMC-TRK-ASSIGN-DRAFT-CLEAN-GLOBAL-20260624	294	GPMC-REG-IMPORT-DRAFT-CLEAN-GLOBAL-20260624	294	docs/registry/batch-intake-working-queues/gpmc_clean_global_track_working_queue_20260624.tsv	295	gpm_stl.csv	148171305	DOWN BABY	DOWN BABY	KLEIGH	Go for the Heart	GPMC-TRK-000294	DRAFT_TRACK_ID_RESERVED_PENDING_ADMIN_APPROVAL	TRACK_RECORD_NOT_CREATED	PIX_NOT_CREATED	LT_PIX_NOT_CREATED	KKR_NOT_STARTED	CI_NOT_CREATED	Draft assignment only; ID not official until final import is approved and registry row is created.
GPMC-TRK-ASSIGN-DRAFT-CLEAN-GLOBAL-20260624	295	GPMC-REG-IMPORT-DRAFT-CLEAN-GLOBAL-20260624	295	docs/registry/batch-intake-working-queues/gpmc_clean_global_track_working_queue_20260624.tsv	296	gpm_stl.csv	148171321	EMPTY SPACE	EMPTY SPACE	KLEIGH	Rough House	GPMC-TRK-000295	DRAFT_TRACK_ID_RESERVED_PENDING_ADMIN_APPROVAL	TRACK_RECORD_NOT_CREATED	PIX_NOT_CREATED	LT_PIX_NOT_CREATED	KKR_NOT_STARTED	CI_NOT_CREATED	Draft assignment only; ID not official until final import is approved and registry row is created.
GPMC-TRK-ASSIGN-DRAFT-CLEAN-GLOBAL-20260624	296	GPMC-REG-IMPORT-DRAFT-CLEAN-GLOBAL-20260624	296	docs/registry/batch-intake-working-queues/gpmc_clean_global_track_working_queue_20260624.tsv	297	gpm_stl.csv	148189105	EMOTION - INSTRO	EMOTION - INSTRO	G Putnam Music	TV/Film	GPMC-TRK-000296	DRAFT_TRACK_ID_RESERVED_PENDING_ADMIN_APPROVAL	TRACK_RECORD_NOT_CREATED	PIX_NOT_CREATED	LT_PIX_NOT_CREATED	KKR_NOT_STARTED	CI_NOT_CREATED	Draft assignment only; ID not official until final import is approved and registry row is created.
GPMC-TRK-ASSIGN-DRAFT-CLEAN-GLOBAL-20260624	297	GPMC-REG-IMPORT-DRAFT-CLEAN-GLOBAL-20260624	297	docs/registry/batch-intake-working-queues/gpmc_clean_global_track_working_queue_20260624.tsv	298	gpm_stl.csv	148189109	GOTTA KEEP MOVIN'	GOTTA KEEP MOVIN'	KLEIGH	We Got This	GPMC-TRK-000297	DRAFT_TRACK_ID_RESERVED_PENDING_ADMIN_APPROVAL	TRACK_RECORD_NOT_CREATED	PIX_NOT_CREATED	LT_PIX_NOT_CREATED	KKR_NOT_STARTED	CI_NOT_CREATED	Draft assignment only; ID not official until final import is approved and registry row is created.
GPMC-TRK-ASSIGN-DRAFT-CLEAN-GLOBAL-20260624	298	GPMC-REG-IMPORT-DRAFT-CLEAN-GLOBAL-20260624	298	docs/registry/batch-intake-working-queues/gpmc_clean_global_track_working_queue_20260624.tsv	299	gpm_stl.csv	148189121	GOTTA BREATHE	GOTTA BREATHE	KLEIGH	Still Walking	GPMC-TRK-000298	DRAFT_TRACK_ID_RESERVED_PENDING_ADMIN_APPROVAL	TRACK_RECORD_NOT_CREATED	PIX_NOT_CREATED	LT_PIX_NOT_CREATED	KKR_NOT_STARTED	CI_NOT_CREATED	Draft assignment only; ID not official until final import is approved and registry row is created.
GPMC-TRK-ASSIGN-DRAFT-CLEAN-GLOBAL-20260624	299	GPMC-REG-IMPORT-DRAFT-CLEAN-GLOBAL-20260624	299	docs/registry/batch-intake-working-queues/gpmc_clean_global_track_working_queue_20260624.tsv	300	gpm_stl.csv	148411581	EVEN IF I TRIED (Minimal)	EVEN IF I TRIED (Minimal)	Rhonda Lester	Growing Stronger	GPMC-TRK-000299	DRAFT_TRACK_ID_RESERVED_PENDING_ADMIN_APPROVAL	TRACK_RECORD_NOT_CREATED	PIX_NOT_CREATED	LT_PIX_NOT_CREATED	KKR_NOT_STARTED	CI_NOT_CREATED	Draft assignment only; ID not official until final import is approved and registry row is created.
GPMC-TRK-ASSIGN-DRAFT-CLEAN-GLOBAL-20260624	300	GPMC-REG-IMPORT-DRAFT-CLEAN-GLOBAL-20260624	300	docs/registry/batch-intake-working-queues/gpmc_clean_global_track_working_queue_20260624.tsv	301	gpm_stl.csv	152025140	LIVE FOR THIS WORLD	LIVE FOR THIS WORLD	KLEIGH	Beautiful World	GPMC-TRK-000300	DRAFT_TRACK_ID_RESERVED_PENDING_ADMIN_APPROVAL	TRACK_RECORD_NOT_CREATED	PIX_NOT_CREATED	LT_PIX_NOT_CREATED	KKR_NOT_STARTED	CI_NOT_CREATED	Draft assignment only; ID not official until final import is approved and registry row is created.
GPMC-TRK-ASSIGN-DRAFT-CLEAN-GLOBAL-20260624	301	GPMC-REG-IMPORT-DRAFT-CLEAN-GLOBAL-20260624	301	docs/registry/batch-intake-working-queues/gpmc_clean_global_track_working_queue_20260624.tsv	302	gpm_stl.csv	152025150	SCORE 3 - THE END - INSTRO	SCORE 3 - THE END - INSTRO	G Putnam Music	CINEMA	GPMC-TRK-000301	DRAFT_TRACK_ID_RESERVED_PENDING_ADMIN_APPROVAL	TRACK_RECORD_NOT_CREATED	PIX_NOT_CREATED	LT_PIX_NOT_CREATED	KKR_NOT_STARTED	CI_NOT_CREATED	Draft assignment only; ID not official until final import is approved and registry row is created.
GPMC-TRK-ASSIGN-DRAFT-CLEAN-GLOBAL-20260624	302	GPMC-REG-IMPORT-DRAFT-CLEAN-GLOBAL-20260624	302	docs/registry/batch-intake-working-queues/gpmc_clean_global_track_working_queue_20260624.tsv	303	gpm_stl.csv	152025171	WHY DOES LIFE HAVE TO BE THIS HARD?	WHY DOES LIFE HAVE TO BE THIS HARD?	KLEIGH	Doin’ the Ev'ryday	GPMC-TRK-000302	DRAFT_TRACK_ID_RESERVED_PENDING_ADMIN_APPROVAL	TRACK_RECORD_NOT_CREATED	PIX_NOT_CREATED	LT_PIX_NOT_CREATED	KKR_NOT_STARTED	CI_NOT_CREATED	Draft assignment only; ID not official until final import is approved and registry row is created.
GPMC-TRK-ASSIGN-DRAFT-CLEAN-GLOBAL-20260624	303	GPMC-REG-IMPORT-DRAFT-CLEAN-GLOBAL-20260624	303	docs/registry/batch-intake-working-queues/gpmc_clean_global_track_working_queue_20260624.tsv	304	gpm_stl.csv	152025172	I NEED AN ANGEL	I NEED AN ANGEL	KLEIGH	Memory’s Malice	GPMC-TRK-000303	DRAFT_TRACK_ID_RESERVED_PENDING_ADMIN_APPROVAL	TRACK_RECORD_NOT_CREATED	PIX_NOT_CREATED	LT_PIX_NOT_CREATED	KKR_NOT_STARTED	CI_NOT_CREATED	Draft assignment only; ID not official until final import is approved and registry row is created.
GPMC-TRK-ASSIGN-DRAFT-CLEAN-GLOBAL-20260624	304	GPMC-REG-IMPORT-DRAFT-CLEAN-GLOBAL-20260624	304	docs/registry/batch-intake-working-queues/gpmc_clean_global_track_working_queue_20260624.tsv	305	gpm_stl.csv	152025173	WE'LL BE FREE	WE'LL BE FREE	KLEIGH	Memory’s Malice	GPMC-TRK-000304	DRAFT_TRACK_ID_RESERVED_PENDING_ADMIN_APPROVAL	TRACK_RECORD_NOT_CREATED	PIX_NOT_CREATED	LT_PIX_NOT_CREATED	KKR_NOT_STARTED	CI_NOT_CREATED	Draft assignment only; ID not official until final import is approved and registry row is created.
GPMC-TRK-ASSIGN-DRAFT-CLEAN-GLOBAL-20260624	305	GPMC-REG-IMPORT-DRAFT-CLEAN-GLOBAL-20260624	305	docs/registry/batch-intake-working-queues/gpmc_clean_global_track_working_queue_20260624.tsv	306	gpm_stl.csv	152025176	BOUGHT INTO YOUR GAME	BOUGHT INTO YOUR GAME	KLEIGH	Still Walking	GPMC-TRK-000305	DRAFT_TRACK_ID_RESERVED_PENDING_ADMIN_APPROVAL	TRACK_RECORD_NOT_CREATED	PIX_NOT_CREATED	LT_PIX_NOT_CREATED	KKR_NOT_STARTED	CI_NOT_CREATED	Draft assignment only; ID not official until final import is approved and registry row is created.
GPMC-TRK-ASSIGN-DRAFT-CLEAN-GLOBAL-20260624	306	GPMC-REG-IMPORT-DRAFT-CLEAN-GLOBAL-20260624	306	docs/registry/batch-intake-working-queues/gpmc_clean_global_track_working_queue_20260624.tsv	307	gpm_stl.csv	153571215	YOUR HEART POUNDING - Nkd	YOUR HEART POUNDING - Nkd	KLEIGH	We Got This	GPMC-TRK-000306	DRAFT_TRACK_ID_RESERVED_PENDING_ADMIN_APPROVAL	TRACK_RECORD_NOT_CREATED	PIX_NOT_CREATED	LT_PIX_NOT_CREATED	KKR_NOT_STARTED	CI_NOT_CREATED	Draft assignment only; ID not official until final import is approved and registry row is created.
GPMC-TRK-ASSIGN-DRAFT-CLEAN-GLOBAL-20260624	307	GPMC-REG-IMPORT-DRAFT-CLEAN-GLOBAL-20260624	307	docs/registry/batch-intake-working-queues/gpmc_clean_global_track_working_queue_20260624.tsv	308	gpm_stl.csv	153628163	DO IT AGAIN	DO IT AGAIN	KLEIGH	Lovin’ Living	GPMC-TRK-000307	DRAFT_TRACK_ID_RESERVED_PENDING_ADMIN_APPROVAL	TRACK_RECORD_NOT_CREATED	PIX_NOT_CREATED	LT_PIX_NOT_CREATED	KKR_NOT_STARTED	CI_NOT_CREATED	Draft assignment only; ID not official until final import is approved and registry row is created.
GPMC-TRK-ASSIGN-DRAFT-CLEAN-GLOBAL-20260624	308	GPMC-REG-IMPORT-DRAFT-CLEAN-GLOBAL-20260624	308	docs/registry/batch-intake-working-queues/gpmc_clean_global_track_working_queue_20260624.tsv	309	gpm_stl.csv	154116877	WE WILL PREVAIL - INSTRO	WE WILL PREVAIL - INSTRO	G Putnam Music	Cinema	GPMC-TRK-000308	DRAFT_TRACK_ID_RESERVED_PENDING_ADMIN_APPROVAL	TRACK_RECORD_NOT_CREATED	PIX_NOT_CREATED	LT_PIX_NOT_CREATED	KKR_NOT_STARTED	CI_NOT_CREATED	Draft assignment only; ID not official until final import is approved and registry row is created.
GPMC-TRK-ASSIGN-DRAFT-CLEAN-GLOBAL-20260624	309	GPMC-REG-IMPORT-DRAFT-CLEAN-GLOBAL-20260624	309	docs/registry/batch-intake-working-queues/gpmc_clean_global_track_working_queue_20260624.tsv	310	gpm_stl.csv	154124113	REVELATIONS - INSTRO	REVELATIONS - INSTRO	G Putnam Music	Caught Off Guard	GPMC-TRK-000309	DRAFT_TRACK_ID_RESERVED_PENDING_ADMIN_APPROVAL	TRACK_RECORD_NOT_CREATED	PIX_NOT_CREATED	LT_PIX_NOT_CREATED	KKR_NOT_STARTED	CI_NOT_CREATED	Draft assignment only; ID not official until final import is approved and registry row is created.
GPMC-TRK-ASSIGN-DRAFT-CLEAN-GLOBAL-20260624	310	GPMC-REG-IMPORT-DRAFT-CLEAN-GLOBAL-20260624	310	docs/registry/batch-intake-working-queues/gpmc_clean_global_track_working_queue_20260624.tsv	311	gpm_stl.csv	161322633	GOING OFF THE DEEP END - DUET	GOING OFF THE DEEP END - DUET	KLEIGH & Lilli O'Dowd	Doin’ the Ev'ryday	GPMC-TRK-000310	DRAFT_TRACK_ID_RESERVED_PENDING_ADMIN_APPROVAL	TRACK_RECORD_NOT_CREATED	PIX_NOT_CREATED	LT_PIX_NOT_CREATED	KKR_NOT_STARTED	CI_NOT_CREATED	Draft assignment only; ID not official until final import is approved and registry row is created.
GPMC-TRK-ASSIGN-DRAFT-CLEAN-GLOBAL-20260624	311	GPMC-REG-IMPORT-DRAFT-CLEAN-GLOBAL-20260624	311	docs/registry/batch-intake-working-queues/gpmc_clean_global_track_working_queue_20260624.tsv	312	gpm_stl.csv	161322848	ALL WE NEED IS SOMEONE - INSTRO	ALL WE NEED IS SOMEONE - INSTRO	G Putnam Music	Film	GPMC-TRK-000311	DRAFT_TRACK_ID_RESERVED_PENDING_ADMIN_APPROVAL	TRACK_RECORD_NOT_CREATED	PIX_NOT_CREATED	LT_PIX_NOT_CREATED	KKR_NOT_STARTED	CI_NOT_CREATED	Draft assignment only; ID not official until final import is approved and registry row is created.
GPMC-TRK-ASSIGN-DRAFT-CLEAN-GLOBAL-20260624	312	GPMC-REG-IMPORT-DRAFT-CLEAN-GLOBAL-20260624	312	docs/registry/batch-intake-working-queues/gpmc_clean_global_track_working_queue_20260624.tsv	313	gpm_stl.csv	161322850	ALL THE THINGS	ALL THE THINGS	KLEIGH	Heart for Heart	GPMC-TRK-000312	DRAFT_TRACK_ID_RESERVED_PENDING_ADMIN_APPROVAL	TRACK_RECORD_NOT_CREATED	PIX_NOT_CREATED	LT_PIX_NOT_CREATED	KKR_NOT_STARTED	CI_NOT_CREATED	Draft assignment only; ID not official until final import is approved and registry row is created.
GPMC-TRK-ASSIGN-DRAFT-CLEAN-GLOBAL-20260624	313	GPMC-REG-IMPORT-DRAFT-CLEAN-GLOBAL-20260624	313	docs/registry/batch-intake-working-queues/gpmc_clean_global_track_working_queue_20260624.tsv	314	gpm_stl.csv	161322851	ANOTHER NIGHT	ANOTHER NIGHT	Zach Jackson, Gregory D Putnam	Countin’ On Countin’ On	GPMC-TRK-000313	DRAFT_TRACK_ID_RESERVED_PENDING_ADMIN_APPROVAL	TRACK_RECORD_NOT_CREATED	PIX_NOT_CREATED	LT_PIX_NOT_CREATED	KKR_NOT_STARTED	CI_NOT_CREATED	Draft assignment only; ID not official until final import is approved and registry row is created.
GPMC-TRK-ASSIGN-DRAFT-CLEAN-GLOBAL-20260624	314	GPMC-REG-IMPORT-DRAFT-CLEAN-GLOBAL-20260624	314	docs/registry/batch-intake-working-queues/gpmc_clean_global_track_working_queue_20260624.tsv	315	gpm_stl.csv	161322852	ARMS AROUND ME	ARMS AROUND ME	KLEIGH	Walking Alone	GPMC-TRK-000314	DRAFT_TRACK_ID_RESERVED_PENDING_ADMIN_APPROVAL	TRACK_RECORD_NOT_CREATED	PIX_NOT_CREATED	LT_PIX_NOT_CREATED	KKR_NOT_STARTED	CI_NOT_CREATED	Draft assignment only; ID not official until final import is approved and registry row is created.
GPMC-TRK-ASSIGN-DRAFT-CLEAN-GLOBAL-20260624	315	GPMC-REG-IMPORT-DRAFT-CLEAN-GLOBAL-20260624	315	docs/registry/batch-intake-working-queues/gpmc_clean_global_track_working_queue_20260624.tsv	316	gpm_stl.csv	161322894	BABY COMES FIRST	BABY COMES FIRST	Elle Christine	Elle's Bells	GPMC-TRK-000315	DRAFT_TRACK_ID_RESERVED_PENDING_ADMIN_APPROVAL	TRACK_RECORD_NOT_CREATED	PIX_NOT_CREATED	LT_PIX_NOT_CREATED	KKR_NOT_STARTED	CI_NOT_CREATED	Draft assignment only; ID not official until final import is approved and registry row is created.
GPMC-TRK-ASSIGN-DRAFT-CLEAN-GLOBAL-20260624	316	GPMC-REG-IMPORT-DRAFT-CLEAN-GLOBAL-20260624	316	docs/registry/batch-intake-working-queues/gpmc_clean_global_track_working_queue_20260624.tsv	317	gpm_stl.csv	161322896	BOUNCE BACK	BOUNCE BACK	KLEIGH	Rough House	GPMC-TRK-000316	DRAFT_TRACK_ID_RESERVED_PENDING_ADMIN_APPROVAL	TRACK_RECORD_NOT_CREATED	PIX_NOT_CREATED	LT_PIX_NOT_CREATED	KKR_NOT_STARTED	CI_NOT_CREATED	Draft assignment only; ID not official until final import is approved and registry row is created.
GPMC-TRK-ASSIGN-DRAFT-CLEAN-GLOBAL-20260624	317	GPMC-REG-IMPORT-DRAFT-CLEAN-GLOBAL-20260624	317	docs/registry/batch-intake-working-queues/gpmc_clean_global_track_working_queue_20260624.tsv	318	gpm_stl.csv	161322897	A BETTER ME	A BETTER ME	KLEIGH	KLEIGH's WEIGHs	GPMC-TRK-000317	DRAFT_TRACK_ID_RESERVED_PENDING_ADMIN_APPROVAL	TRACK_RECORD_NOT_CREATED	PIX_NOT_CREATED	LT_PIX_NOT_CREATED	KKR_NOT_STARTED	CI_NOT_CREATED	Draft assignment only; ID not official until final import is approved and registry row is created.
GPMC-TRK-ASSIGN-DRAFT-CLEAN-GLOBAL-20260624	318	GPMC-REG-IMPORT-DRAFT-CLEAN-GLOBAL-20260624	318	docs/registry/batch-intake-working-queues/gpmc_clean_global_track_working_queue_20260624.tsv	319	gpm_stl.csv	161322899	BURNED N' BROKENHEARTED	BURNED N' BROKENHEARTED	Ashleigh Brucker	An Ash Bash	GPMC-TRK-000318	DRAFT_TRACK_ID_RESERVED_PENDING_ADMIN_APPROVAL	TRACK_RECORD_NOT_CREATED	PIX_NOT_CREATED	LT_PIX_NOT_CREATED	KKR_NOT_STARTED	CI_NOT_CREATED	Draft assignment only; ID not official until final import is approved and registry row is created.
GPMC-TRK-ASSIGN-DRAFT-CLEAN-GLOBAL-20260624	319	GPMC-REG-IMPORT-DRAFT-CLEAN-GLOBAL-20260624	319	docs/registry/batch-intake-working-queues/gpmc_clean_global_track_working_queue_20260624.tsv	320	gpm_stl.csv	161322901	BY YOUR SIDE	BY YOUR SIDE	KLEIGH	Still Walking	GPMC-TRK-000319	DRAFT_TRACK_ID_RESERVED_PENDING_ADMIN_APPROVAL	TRACK_RECORD_NOT_CREATED	PIX_NOT_CREATED	LT_PIX_NOT_CREATED	KKR_NOT_STARTED	CI_NOT_CREATED	Draft assignment only; ID not official until final import is approved and registry row is created.
GPMC-TRK-ASSIGN-DRAFT-CLEAN-GLOBAL-20260624	320	GPMC-REG-IMPORT-DRAFT-CLEAN-GLOBAL-20260624	320	docs/registry/batch-intake-working-queues/gpmc_clean_global_track_working_queue_20260624.tsv	321	gpm_stl.csv	161322999	COMING OVER ME	COMING OVER ME	KLEIGH	We’re Better than This	GPMC-TRK-000320	DRAFT_TRACK_ID_RESERVED_PENDING_ADMIN_APPROVAL	TRACK_RECORD_NOT_CREATED	PIX_NOT_CREATED	LT_PIX_NOT_CREATED	KKR_NOT_STARTED	CI_NOT_CREATED	Draft assignment only; ID not official until final import is approved and registry row is created.
GPMC-TRK-ASSIGN-DRAFT-CLEAN-GLOBAL-20260624	321	GPMC-REG-IMPORT-DRAFT-CLEAN-GLOBAL-20260624	321	docs/registry/batch-intake-working-queues/gpmc_clean_global_track_working_queue_20260624.tsv	322	gpm_stl.csv	161323000	COMPOSURE - INSTRO	COMPOSURE - INSTRO	G Putnam Music	Cinematic	GPMC-TRK-000321	DRAFT_TRACK_ID_RESERVED_PENDING_ADMIN_APPROVAL	TRACK_RECORD_NOT_CREATED	PIX_NOT_CREATED	LT_PIX_NOT_CREATED	KKR_NOT_STARTED	CI_NOT_CREATED	Draft assignment only; ID not official until final import is approved and registry row is created.
GPMC-TRK-ASSIGN-DRAFT-CLEAN-GLOBAL-20260624	322	GPMC-REG-IMPORT-DRAFT-CLEAN-GLOBAL-20260624	322	docs/registry/batch-intake-working-queues/gpmc_clean_global_track_working_queue_20260624.tsv	323	gpm_stl.csv	161323262	DODO'S WALTZ - INSTRO	DODO'S WALTZ - INSTRO	G Putnam Music	TV/Film	GPMC-TRK-000322	DRAFT_TRACK_ID_RESERVED_PENDING_ADMIN_APPROVAL	TRACK_RECORD_NOT_CREATED	PIX_NOT_CREATED	LT_PIX_NOT_CREATED	KKR_NOT_STARTED	CI_NOT_CREATED	Draft assignment only; ID not official until final import is approved and registry row is created.
GPMC-TRK-ASSIGN-DRAFT-CLEAN-GLOBAL-20260624	323	GPMC-REG-IMPORT-DRAFT-CLEAN-GLOBAL-20260624	323	docs/registry/batch-intake-working-queues/gpmc_clean_global_track_working_queue_20260624.tsv	324	gpm_stl.csv	161323264	DEATH AWAITS HIM - INSTRO	DEATH AWAITS HIM - INSTRO	G Putnam Music	TV/Film	GPMC-TRK-000323	DRAFT_TRACK_ID_RESERVED_PENDING_ADMIN_APPROVAL	TRACK_RECORD_NOT_CREATED	PIX_NOT_CREATED	LT_PIX_NOT_CREATED	KKR_NOT_STARTED	CI_NOT_CREATED	Draft assignment only; ID not official until final import is approved and registry row is created.
GPMC-TRK-ASSIGN-DRAFT-CLEAN-GLOBAL-20260624	324	GPMC-REG-IMPORT-DRAFT-CLEAN-GLOBAL-20260624	324	docs/registry/batch-intake-working-queues/gpmc_clean_global_track_working_queue_20260624.tsv	325	gpm_stl.csv	161323265	DREAM DREAMS - INSTRO	DREAM DREAMS - INSTRO	G Putnam Music	Thrillin’ Feelin'	GPMC-TRK-000324	DRAFT_TRACK_ID_RESERVED_PENDING_ADMIN_APPROVAL	TRACK_RECORD_NOT_CREATED	PIX_NOT_CREATED	LT_PIX_NOT_CREATED	KKR_NOT_STARTED	CI_NOT_CREATED	Draft assignment only; ID not official until final import is approved and registry row is created.
GPMC-TRK-ASSIGN-DRAFT-CLEAN-GLOBAL-20260624	325	GPMC-REG-IMPORT-DRAFT-CLEAN-GLOBAL-20260624	325	docs/registry/batch-intake-working-queues/gpmc_clean_global_track_working_queue_20260624.tsv	326	gpm_stl.csv	161323267	ELECTRO DANCEFLOOR - INSTRO	ELECTRO DANCEFLOOR - INSTRO	G Putnam Music	Thrilling Feeling	GPMC-TRK-000325	DRAFT_TRACK_ID_RESERVED_PENDING_ADMIN_APPROVAL	TRACK_RECORD_NOT_CREATED	PIX_NOT_CREATED	LT_PIX_NOT_CREATED	KKR_NOT_STARTED	CI_NOT_CREATED	Draft assignment only; ID not official until final import is approved and registry row is created.
GPMC-TRK-ASSIGN-DRAFT-CLEAN-GLOBAL-20260624	326	GPMC-REG-IMPORT-DRAFT-CLEAN-GLOBAL-20260624	326	docs/registry/batch-intake-working-queues/gpmc_clean_global_track_working_queue_20260624.tsv	327	gpm_stl.csv	161323271	ELECTRONIC SYMPHONY - INSTRO	ELECTRONIC SYMPHONY - INSTRO	G Putnam Music	TV/Film	GPMC-TRK-000326	DRAFT_TRACK_ID_RESERVED_PENDING_ADMIN_APPROVAL	TRACK_RECORD_NOT_CREATED	PIX_NOT_CREATED	LT_PIX_NOT_CREATED	KKR_NOT_STARTED	CI_NOT_CREATED	Draft assignment only; ID not official until final import is approved and registry row is created.
GPMC-TRK-ASSIGN-DRAFT-CLEAN-GLOBAL-20260624	327	GPMC-REG-IMPORT-DRAFT-CLEAN-GLOBAL-20260624	327	docs/registry/batch-intake-working-queues/gpmc_clean_global_track_working_queue_20260624.tsv	328	gpm_stl.csv	161323272	EVENING TIME- INSTRO	EVENING TIME - INSTRO	G Putnam Music	Thrilling Feeling	GPMC-TRK-000327	DRAFT_TRACK_ID_RESERVED_PENDING_ADMIN_APPROVAL	TRACK_RECORD_NOT_CREATED	PIX_NOT_CREATED	LT_PIX_NOT_CREATED	KKR_NOT_STARTED	CI_NOT_CREATED	Draft assignment only; ID not official until final import is approved and registry row is created.
GPMC-TRK-ASSIGN-DRAFT-CLEAN-GLOBAL-20260624	328	GPMC-REG-IMPORT-DRAFT-CLEAN-GLOBAL-20260624	328	docs/registry/batch-intake-working-queues/gpmc_clean_global_track_working_queue_20260624.tsv	329	gpm_stl.csv	161323273	ESSENCE OF A HERO - INSTRO	ESSENCE OF A HERO - INSTRO	G Putnam Music	TV/Film	GPMC-TRK-000328	DRAFT_TRACK_ID_RESERVED_PENDING_ADMIN_APPROVAL	TRACK_RECORD_NOT_CREATED	PIX_NOT_CREATED	LT_PIX_NOT_CREATED	KKR_NOT_STARTED	CI_NOT_CREATED	Draft assignment only; ID not official until final import is approved and registry row is created.
GPMC-TRK-ASSIGN-DRAFT-CLEAN-GLOBAL-20260624	329	GPMC-REG-IMPORT-DRAFT-CLEAN-GLOBAL-20260624	329	docs/registry/batch-intake-working-queues/gpmc_clean_global_track_working_queue_20260624.tsv	330	gpm_stl.csv	161323383	FEELS ALL RIGHT	FEELS ALL RIGHT	KLEIGH	KLEIGH's Weighs	GPMC-TRK-000329	DRAFT_TRACK_ID_RESERVED_PENDING_ADMIN_APPROVAL	TRACK_RECORD_NOT_CREATED	PIX_NOT_CREATED	LT_PIX_NOT_CREATED	KKR_NOT_STARTED	CI_NOT_CREATED	Draft assignment only; ID not official until final import is approved and registry row is created.
GPMC-TRK-ASSIGN-DRAFT-CLEAN-GLOBAL-20260624	330	GPMC-REG-IMPORT-DRAFT-CLEAN-GLOBAL-20260624	330	docs/registry/batch-intake-working-queues/gpmc_clean_global_track_working_queue_20260624.tsv	331	gpm_stl.csv	161323384	FACE THIS WORLD TOGETHER	FACE THIS WORLD TOGETHER	KLEIGH	We Got This	GPMC-TRK-000330	DRAFT_TRACK_ID_RESERVED_PENDING_ADMIN_APPROVAL	TRACK_RECORD_NOT_CREATED	PIX_NOT_CREATED	LT_PIX_NOT_CREATED	KKR_NOT_STARTED	CI_NOT_CREATED	Draft assignment only; ID not official until final import is approved and registry row is created.
GPMC-TRK-ASSIGN-DRAFT-CLEAN-GLOBAL-20260624	331	GPMC-REG-IMPORT-DRAFT-CLEAN-GLOBAL-20260624	331	docs/registry/batch-intake-working-queues/gpmc_clean_global_track_working_queue_20260624.tsv	332	gpm_stl.csv	161323387	FINAL DESTINATION	FINAL DESTINATION	NATU Visinia	NATU Ought To	GPMC-TRK-000331	DRAFT_TRACK_ID_RESERVED_PENDING_ADMIN_APPROVAL	TRACK_RECORD_NOT_CREATED	PIX_NOT_CREATED	LT_PIX_NOT_CREATED	KKR_NOT_STARTED	CI_NOT_CREATED	Draft assignment only; ID not official until final import is approved and registry row is created.
GPMC-TRK-ASSIGN-DRAFT-CLEAN-GLOBAL-20260624	332	GPMC-REG-IMPORT-DRAFT-CLEAN-GLOBAL-20260624	332	docs/registry/batch-intake-working-queues/gpmc_clean_global_track_working_queue_20260624.tsv	333	gpm_stl.csv	161323392	FURTHER AWAY	FURTHER AWAY	KLEIGH	Memory’s Malice	GPMC-TRK-000332	DRAFT_TRACK_ID_RESERVED_PENDING_ADMIN_APPROVAL	TRACK_RECORD_NOT_CREATED	PIX_NOT_CREATED	LT_PIX_NOT_CREATED	KKR_NOT_STARTED	CI_NOT_CREATED	Draft assignment only; ID not official until final import is approved and registry row is created.
GPMC-TRK-ASSIGN-DRAFT-CLEAN-GLOBAL-20260624	333	GPMC-REG-IMPORT-DRAFT-CLEAN-GLOBAL-20260624	333	docs/registry/batch-intake-working-queues/gpmc_clean_global_track_working_queue_20260624.tsv	334	gpm_stl.csv	161323393	THE 4TH SYNTHETIC ADVENTURE - INSTRO	THE 4TH SYNTHETIC ADVENTURE - INSTRO	G Putnam Music	Cinema	GPMC-TRK-000333	DRAFT_TRACK_ID_RESERVED_PENDING_ADMIN_APPROVAL	TRACK_RECORD_NOT_CREATED	PIX_NOT_CREATED	LT_PIX_NOT_CREATED	KKR_NOT_STARTED	CI_NOT_CREATED	Draft assignment only; ID not official until final import is approved and registry row is created.
GPMC-TRK-ASSIGN-DRAFT-CLEAN-GLOBAL-20260624	334	GPMC-REG-IMPORT-DRAFT-CLEAN-GLOBAL-20260624	334	docs/registry/batch-intake-working-queues/gpmc_clean_global_track_working_queue_20260624.tsv	335	gpm_stl.csv	161323551	GET OUT THE WAY	GET OUT THE WAY	KLEIGH	Doin’ the Ev'ryday	GPMC-TRK-000334	DRAFT_TRACK_ID_RESERVED_PENDING_ADMIN_APPROVAL	TRACK_RECORD_NOT_CREATED	PIX_NOT_CREATED	LT_PIX_NOT_CREATED	KKR_NOT_STARTED	CI_NOT_CREATED	Draft assignment only; ID not official until final import is approved and registry row is created.
GPMC-TRK-ASSIGN-DRAFT-CLEAN-GLOBAL-20260624	335	GPMC-REG-IMPORT-DRAFT-CLEAN-GLOBAL-20260624	335	docs/registry/batch-intake-working-queues/gpmc_clean_global_track_working_queue_20260624.tsv	336	gpm_stl.csv	161323552	GOD ALMIGHTY - INSTRO	GOD ALMIGHTY - INSTRO	G Putnam Music	Film	GPMC-TRK-000335	DRAFT_TRACK_ID_RESERVED_PENDING_ADMIN_APPROVAL	TRACK_RECORD_NOT_CREATED	PIX_NOT_CREATED	LT_PIX_NOT_CREATED	KKR_NOT_STARTED	CI_NOT_CREATED	Draft assignment only; ID not official until final import is approved and registry row is created.
GPMC-TRK-ASSIGN-DRAFT-CLEAN-GLOBAL-20260624	336	GPMC-REG-IMPORT-DRAFT-CLEAN-GLOBAL-20260624	336	docs/registry/batch-intake-working-queues/gpmc_clean_global_track_working_queue_20260624.tsv	337	gpm_stl.csv	161323556	GOD ONLY KNOWS	GOD ONLY KNOWS	KLEIGH	We’re Better than This	GPMC-TRK-000336	DRAFT_TRACK_ID_RESERVED_PENDING_ADMIN_APPROVAL	TRACK_RECORD_NOT_CREATED	PIX_NOT_CREATED	LT_PIX_NOT_CREATED	KKR_NOT_STARTED	CI_NOT_CREATED	Draft assignment only; ID not official until final import is approved and registry row is created.
GPMC-TRK-ASSIGN-DRAFT-CLEAN-GLOBAL-20260624	337	GPMC-REG-IMPORT-DRAFT-CLEAN-GLOBAL-20260624	337	docs/registry/batch-intake-working-queues/gpmc_clean_global_track_working_queue_20260624.tsv	338	gpm_stl.csv	161323557	GOIN’ OFF THE DEEP END	GOIN’ OFF THE DEEP END	KLEIGH & Lilli O'Dowd	Really Lillie	GPMC-TRK-000337	DRAFT_TRACK_ID_RESERVED_PENDING_ADMIN_APPROVAL	TRACK_RECORD_NOT_CREATED	PIX_NOT_CREATED	LT_PIX_NOT_CREATED	KKR_NOT_STARTED	CI_NOT_CREATED	Draft assignment only; ID not official until final import is approved and registry row is created.
GPMC-TRK-ASSIGN-DRAFT-CLEAN-GLOBAL-20260624	338	GPMC-REG-IMPORT-DRAFT-CLEAN-GLOBAL-20260624	338	docs/registry/batch-intake-working-queues/gpmc_clean_global_track_working_queue_20260624.tsv	339	gpm_stl.csv	161323558	THE GREEN ONE - INSTRO	THE GREEN ONE - INSTRO	G Putnam Music	Cinema	GPMC-TRK-000338	DRAFT_TRACK_ID_RESERVED_PENDING_ADMIN_APPROVAL	TRACK_RECORD_NOT_CREATED	PIX_NOT_CREATED	LT_PIX_NOT_CREATED	KKR_NOT_STARTED	CI_NOT_CREATED	Draft assignment only; ID not official until final import is approved and registry row is created.
GPMC-TRK-ASSIGN-DRAFT-CLEAN-GLOBAL-20260624	339	GPMC-REG-IMPORT-DRAFT-CLEAN-GLOBAL-20260624	339	docs/registry/batch-intake-working-queues/gpmc_clean_global_track_working_queue_20260624.tsv	340	gpm_stl.csv	161323560	GROOVE TUNE - INSTRO	GROOVE TUNE - INSTRO	G Putnam Music	TV/Film	GPMC-TRK-000339	DRAFT_TRACK_ID_RESERVED_PENDING_ADMIN_APPROVAL	TRACK_RECORD_NOT_CREATED	PIX_NOT_CREATED	LT_PIX_NOT_CREATED	KKR_NOT_STARTED	CI_NOT_CREATED	Draft assignment only; ID not official until final import is approved and registry row is created.
GPMC-TRK-ASSIGN-DRAFT-CLEAN-GLOBAL-20260624	340	GPMC-REG-IMPORT-DRAFT-CLEAN-GLOBAL-20260624	340	docs/registry/batch-intake-working-queues/gpmc_clean_global_track_working_queue_20260624.tsv	341	gpm_stl.csv	161432944	TO LOVE ME	TO LOVE ME	KLEIGH	Lovin’ Love	GPMC-TRK-000340	DRAFT_TRACK_ID_RESERVED_PENDING_ADMIN_APPROVAL	TRACK_RECORD_NOT_CREATED	PIX_NOT_CREATED	LT_PIX_NOT_CREATED	KKR_NOT_STARTED	CI_NOT_CREATED	Draft assignment only; ID not official until final import is approved and registry row is created.
GPMC-TRK-ASSIGN-DRAFT-CLEAN-GLOBAL-20260624	341	GPMC-REG-IMPORT-DRAFT-CLEAN-GLOBAL-20260624	341	docs/registry/batch-intake-working-queues/gpmc_clean_global_track_working_queue_20260624.tsv	342	gpm_stl.csv	162476731	FOUND IN HEAVEN	FOUND IN HEAVEN	Ashleigh Brucker	Sexy Swagger	GPMC-TRK-000341	DRAFT_TRACK_ID_RESERVED_PENDING_ADMIN_APPROVAL	TRACK_RECORD_NOT_CREATED	PIX_NOT_CREATED	LT_PIX_NOT_CREATED	KKR_NOT_STARTED	CI_NOT_CREATED	Draft assignment only; ID not official until final import is approved and registry row is created.
GPMC-TRK-ASSIGN-DRAFT-CLEAN-GLOBAL-20260624	342	GPMC-REG-IMPORT-DRAFT-CLEAN-GLOBAL-20260624	342	docs/registry/batch-intake-working-queues/gpmc_clean_global_track_working_queue_20260624.tsv	343	gpm_stl.csv	162477718	LEARNIN' LIFE	LEARNIN' LIFE	Jade Lotzow	Subtly Simple	GPMC-TRK-000342	DRAFT_TRACK_ID_RESERVED_PENDING_ADMIN_APPROVAL	TRACK_RECORD_NOT_CREATED	PIX_NOT_CREATED	LT_PIX_NOT_CREATED	KKR_NOT_STARTED	CI_NOT_CREATED	Draft assignment only; ID not official until final import is approved and registry row is created.
GPMC-TRK-ASSIGN-DRAFT-CLEAN-GLOBAL-20260624	343	GPMC-REG-IMPORT-DRAFT-CLEAN-GLOBAL-20260624	343	docs/registry/batch-intake-working-queues/gpmc_clean_global_track_working_queue_20260624.tsv	344	gpm_stl.csv	162491798	The Meltdown	The Meltdown	KLEIGH	Rough House	GPMC-TRK-000343	DRAFT_TRACK_ID_RESERVED_PENDING_ADMIN_APPROVAL	TRACK_RECORD_NOT_CREATED	PIX_NOT_CREATED	LT_PIX_NOT_CREATED	KKR_NOT_STARTED	CI_NOT_CREATED	Draft assignment only; ID not official until final import is approved and registry row is created.
GPMC-TRK-ASSIGN-DRAFT-CLEAN-GLOBAL-20260624	344	GPMC-REG-IMPORT-DRAFT-CLEAN-GLOBAL-20260624	344	docs/registry/batch-intake-working-queues/gpmc_clean_global_track_working_queue_20260624.tsv	345	gpm_stl.csv	162492040	BABY I MISS YOU - INSTRO	BABY I MISS YOU - INSTRO	G Putnam Music	TV/Film	GPMC-TRK-000344	DRAFT_TRACK_ID_RESERVED_PENDING_ADMIN_APPROVAL	TRACK_RECORD_NOT_CREATED	PIX_NOT_CREATED	LT_PIX_NOT_CREATED	KKR_NOT_STARTED	CI_NOT_CREATED	Draft assignment only; ID not official until final import is approved and registry row is created.
GPMC-TRK-ASSIGN-DRAFT-CLEAN-GLOBAL-20260624	345	GPMC-REG-IMPORT-DRAFT-CLEAN-GLOBAL-20260624	345	docs/registry/batch-intake-working-queues/gpmc_clean_global_track_working_queue_20260624.tsv	346	gpm_stl.csv	162492330	IT'S OVER - INSTRO	IT'S OVER - INSTRO	G Putnam Music	TV/Film	GPMC-TRK-000345	DRAFT_TRACK_ID_RESERVED_PENDING_ADMIN_APPROVAL	TRACK_RECORD_NOT_CREATED	PIX_NOT_CREATED	LT_PIX_NOT_CREATED	KKR_NOT_STARTED	CI_NOT_CREATED	Draft assignment only; ID not official until final import is approved and registry row is created.
GPMC-TRK-ASSIGN-DRAFT-CLEAN-GLOBAL-20260624	346	GPMC-REG-IMPORT-DRAFT-CLEAN-GLOBAL-20260624	346	docs/registry/batch-intake-working-queues/gpmc_clean_global_track_working_queue_20260624.tsv	347	gpm_stl.csv	162494284	OVER AND OVER AGAIN	OVER AND OVER AGAIN	KLEIGH	Go for the Heart	GPMC-TRK-000346	DRAFT_TRACK_ID_RESERVED_PENDING_ADMIN_APPROVAL	TRACK_RECORD_NOT_CREATED	PIX_NOT_CREATED	LT_PIX_NOT_CREATED	KKR_NOT_STARTED	CI_NOT_CREATED	Draft assignment only; ID not official until final import is approved and registry row is created.
GPMC-TRK-ASSIGN-DRAFT-CLEAN-GLOBAL-20260624	347	GPMC-REG-IMPORT-DRAFT-CLEAN-GLOBAL-20260624	347	docs/registry/batch-intake-working-queues/gpmc_clean_global_track_working_queue_20260624.tsv	348	gpm_stl.csv	162527112	MYSTERY OF TOMORROW - INSTRO	MYSTERY OF TOMORROW - INSTRO	G Putnam Music	TV/Film	GPMC-TRK-000347	DRAFT_TRACK_ID_RESERVED_PENDING_ADMIN_APPROVAL	TRACK_RECORD_NOT_CREATED	PIX_NOT_CREATED	LT_PIX_NOT_CREATED	KKR_NOT_STARTED	CI_NOT_CREATED	Draft assignment only; ID not official until final import is approved and registry row is created.
GPMC-TRK-ASSIGN-DRAFT-CLEAN-GLOBAL-20260624	348	GPMC-REG-IMPORT-DRAFT-CLEAN-GLOBAL-20260624	348	docs/registry/batch-intake-working-queues/gpmc_clean_global_track_working_queue_20260624.tsv	349	gpm_stl.csv	162527559	LOST - INSTRO	LOST - INSTRO	G Putnam Music	TV/Film	GPMC-TRK-000348	DRAFT_TRACK_ID_RESERVED_PENDING_ADMIN_APPROVAL	TRACK_RECORD_NOT_CREATED	PIX_NOT_CREATED	LT_PIX_NOT_CREATED	KKR_NOT_STARTED	CI_NOT_CREATED	Draft assignment only; ID not official until final import is approved and registry row is created.
GPMC-TRK-ASSIGN-DRAFT-CLEAN-GLOBAL-20260624	349	GPMC-REG-IMPORT-DRAFT-CLEAN-GLOBAL-20260624	349	docs/registry/batch-intake-working-queues/gpmc_clean_global_track_working_queue_20260624.tsv	350	gpm_stl.csv	162527916	DARK FOREST	DARK FOREST	13 Yr Old - LIL' Z	Young n’ on the Run	GPMC-TRK-000349	DRAFT_TRACK_ID_RESERVED_PENDING_ADMIN_APPROVAL	TRACK_RECORD_NOT_CREATED	PIX_NOT_CREATED	LT_PIX_NOT_CREATED	KKR_NOT_STARTED	CI_NOT_CREATED	Draft assignment only; ID not official until final import is approved and registry row is created.
GPMC-TRK-ASSIGN-DRAFT-CLEAN-GLOBAL-20260624	350	GPMC-REG-IMPORT-DRAFT-CLEAN-GLOBAL-20260624	350	docs/registry/batch-intake-working-queues/gpmc_clean_global_track_working_queue_20260624.tsv	351	gpm_stl.csv	162530668	PEACE ON WORTH - INSTRO	PEACE ON WORTH - INSTRO	G Putnam Music	Cinema	GPMC-TRK-000350	DRAFT_TRACK_ID_RESERVED_PENDING_ADMIN_APPROVAL	TRACK_RECORD_NOT_CREATED	PIX_NOT_CREATED	LT_PIX_NOT_CREATED	KKR_NOT_STARTED	CI_NOT_CREATED	Draft assignment only; ID not official until final import is approved and registry row is created.
GPMC-TRK-ASSIGN-DRAFT-CLEAN-GLOBAL-20260624	351	GPMC-REG-IMPORT-DRAFT-CLEAN-GLOBAL-20260624	351	docs/registry/batch-intake-working-queues/gpmc_clean_global_track_working_queue_20260624.tsv	352	gpm_stl.csv	162532101	SENSATION - RELAXATION - INSTRO	SENSATION - RELAXATION - INSTRO	G Putnam Music	Cinema	GPMC-TRK-000351	DRAFT_TRACK_ID_RESERVED_PENDING_ADMIN_APPROVAL	TRACK_RECORD_NOT_CREATED	PIX_NOT_CREATED	LT_PIX_NOT_CREATED	KKR_NOT_STARTED	CI_NOT_CREATED	Draft assignment only; ID not official until final import is approved and registry row is created.
GPMC-TRK-ASSIGN-DRAFT-CLEAN-GLOBAL-20260624	352	GPMC-REG-IMPORT-DRAFT-CLEAN-GLOBAL-20260624	352	docs/registry/batch-intake-working-queues/gpmc_clean_global_track_working_queue_20260624.tsv	353	gpm_stl.csv	162532279	ROAD TRIP - INSTRO	ROAD TRIP - INSTRO	G Putnam Music	Cinema	GPMC-TRK-000352	DRAFT_TRACK_ID_RESERVED_PENDING_ADMIN_APPROVAL	TRACK_RECORD_NOT_CREATED	PIX_NOT_CREATED	LT_PIX_NOT_CREATED	KKR_NOT_STARTED	CI_NOT_CREATED	Draft assignment only; ID not official until final import is approved and registry row is created.
GPMC-TRK-ASSIGN-DRAFT-CLEAN-GLOBAL-20260624	353	GPMC-REG-IMPORT-DRAFT-CLEAN-GLOBAL-20260624	353	docs/registry/batch-intake-working-queues/gpmc_clean_global_track_working_queue_20260624.tsv	354	gpm_stl.csv	162536950	LEFT TACKLE - INSTRO	LEFT TACKLE - INSTRO	G Putnam Music	Sports of Sorts	GPMC-TRK-000353	DRAFT_TRACK_ID_RESERVED_PENDING_ADMIN_APPROVAL	TRACK_RECORD_NOT_CREATED	PIX_NOT_CREATED	LT_PIX_NOT_CREATED	KKR_NOT_STARTED	CI_NOT_CREATED	Draft assignment only; ID not official until final import is approved and registry row is created.
GPMC-TRK-ASSIGN-DRAFT-CLEAN-GLOBAL-20260624	354	GPMC-REG-IMPORT-DRAFT-CLEAN-GLOBAL-20260624	354	docs/registry/batch-intake-working-queues/gpmc_clean_global_track_working_queue_20260624.tsv	355	gpm_stl.csv	163578890	Didn't Mean To Fall	Didn't Mean To Fall	Rhonda Lester	Loving Rhonda	GPMC-TRK-000354	DRAFT_TRACK_ID_RESERVED_PENDING_ADMIN_APPROVAL	TRACK_RECORD_NOT_CREATED	PIX_NOT_CREATED	LT_PIX_NOT_CREATED	KKR_NOT_STARTED	CI_NOT_CREATED	Draft assignment only; ID not official until final import is approved and registry row is created.
GPMC-TRK-ASSIGN-DRAFT-CLEAN-GLOBAL-20260624	355	GPMC-REG-IMPORT-DRAFT-CLEAN-GLOBAL-20260624	355	docs/registry/batch-intake-working-queues/gpmc_clean_global_track_working_queue_20260624.tsv	356	gpm_stl.csv	163578931	ES - INSTRO	ES - INSTRO	G Putnam Music	Dance It Away	GPMC-TRK-000355	DRAFT_TRACK_ID_RESERVED_PENDING_ADMIN_APPROVAL	TRACK_RECORD_NOT_CREATED	PIX_NOT_CREATED	LT_PIX_NOT_CREATED	KKR_NOT_STARTED	CI_NOT_CREATED	Draft assignment only; ID not official until final import is approved and registry row is created.
GPMC-TRK-ASSIGN-DRAFT-CLEAN-GLOBAL-20260624	356	GPMC-REG-IMPORT-DRAFT-CLEAN-GLOBAL-20260624	356	docs/registry/batch-intake-working-queues/gpmc_clean_global_track_working_queue_20260624.tsv	357	gpm_stl.csv	163579488	Mistakes or Lies	Mistakes or Lies	Elle Christine	Dealin’ Feelin'	GPMC-TRK-000356	DRAFT_TRACK_ID_RESERVED_PENDING_ADMIN_APPROVAL	TRACK_RECORD_NOT_CREATED	PIX_NOT_CREATED	LT_PIX_NOT_CREATED	KKR_NOT_STARTED	CI_NOT_CREATED	Draft assignment only; ID not official until final import is approved and registry row is created.
GPMC-TRK-ASSIGN-DRAFT-CLEAN-GLOBAL-20260624	357	GPMC-REG-IMPORT-DRAFT-CLEAN-GLOBAL-20260624	357	docs/registry/batch-intake-working-queues/gpmc_clean_global_track_working_queue_20260624.tsv	358	gpm_stl.csv	163850565	AIN'T GOLD	AIN'T GOLD	KLEIGH	KLEIGH Weighs	GPMC-TRK-000357	DRAFT_TRACK_ID_RESERVED_PENDING_ADMIN_APPROVAL	TRACK_RECORD_NOT_CREATED	PIX_NOT_CREATED	LT_PIX_NOT_CREATED	KKR_NOT_STARTED	CI_NOT_CREATED	Draft assignment only; ID not official until final import is approved and registry row is created.
GPMC-TRK-ASSIGN-DRAFT-CLEAN-GLOBAL-20260624	358	GPMC-REG-IMPORT-DRAFT-CLEAN-GLOBAL-20260624	358	docs/registry/batch-intake-working-queues/gpmc_clean_global_track_working_queue_20260624.tsv	359	gpm_stl.csv	164096813	Be Mine Tonight - INSTRO	Be Mine Tonight - INSTRO	G Putnam Music	Slight Light	GPMC-TRK-000358	DRAFT_TRACK_ID_RESERVED_PENDING_ADMIN_APPROVAL	TRACK_RECORD_NOT_CREATED	PIX_NOT_CREATED	LT_PIX_NOT_CREATED	KKR_NOT_STARTED	CI_NOT_CREATED	Draft assignment only; ID not official until final import is approved and registry row is created.
GPMC-TRK-ASSIGN-DRAFT-CLEAN-GLOBAL-20260624	359	GPMC-REG-IMPORT-DRAFT-CLEAN-GLOBAL-20260624	359	docs/registry/batch-intake-working-queues/gpmc_clean_global_track_working_queue_20260624.tsv	360	gpm_stl.csv	164097830	Beautiful World - ORIG	Beautiful World - ORIG	KLEIGH	KLEIGH's Weighs	GPMC-TRK-000359	DRAFT_TRACK_ID_RESERVED_PENDING_ADMIN_APPROVAL	TRACK_RECORD_NOT_CREATED	PIX_NOT_CREATED	LT_PIX_NOT_CREATED	KKR_NOT_STARTED	CI_NOT_CREATED	Draft assignment only; ID not official until final import is approved and registry row is created.
GPMC-TRK-ASSIGN-DRAFT-CLEAN-GLOBAL-20260624	360	GPMC-REG-IMPORT-DRAFT-CLEAN-GLOBAL-20260624	360	docs/registry/batch-intake-working-queues/gpmc_clean_global_track_working_queue_20260624.tsv	361	gpm_stl.csv	164100072	Best of the Nights of Our Lives	Best of the Nights of Our Lives	KLEIGH	KLEIGH'S WEIGHs	GPMC-TRK-000360	DRAFT_TRACK_ID_RESERVED_PENDING_ADMIN_APPROVAL	TRACK_RECORD_NOT_CREATED	PIX_NOT_CREATED	LT_PIX_NOT_CREATED	KKR_NOT_STARTED	CI_NOT_CREATED	Draft assignment only; ID not official until final import is approved and registry row is created.
GPMC-TRK-ASSIGN-DRAFT-CLEAN-GLOBAL-20260624	361	GPMC-REG-IMPORT-DRAFT-CLEAN-GLOBAL-20260624	361	docs/registry/batch-intake-working-queues/gpmc_clean_global_track_working_queue_20260624.tsv	362	gpm_stl.csv	164105457	Better Watch Out - Demo	Better Watch Out - Demo	Mick Fury	Scratch	GPMC-TRK-000361	DRAFT_TRACK_ID_RESERVED_PENDING_ADMIN_APPROVAL	TRACK_RECORD_NOT_CREATED	PIX_NOT_CREATED	LT_PIX_NOT_CREATED	KKR_NOT_STARTED	CI_NOT_CREATED	Draft assignment only; ID not official until final import is approved and registry row is created.
GPMC-TRK-ASSIGN-DRAFT-CLEAN-GLOBAL-20260624	362	GPMC-REG-IMPORT-DRAFT-CLEAN-GLOBAL-20260624	362	docs/registry/batch-intake-working-queues/gpmc_clean_global_track_working_queue_20260624.tsv	363	gpm_stl.csv	164117496	Cruisin - INSTRO	Cruisin - INSTRO	G Putnam Music	Clubbin	GPMC-TRK-000362	DRAFT_TRACK_ID_RESERVED_PENDING_ADMIN_APPROVAL	TRACK_RECORD_NOT_CREATED	PIX_NOT_CREATED	LT_PIX_NOT_CREATED	KKR_NOT_STARTED	CI_NOT_CREATED	Draft assignment only; ID not official until final import is approved and registry row is created.
GPMC-TRK-ASSIGN-DRAFT-CLEAN-GLOBAL-20260624	363	GPMC-REG-IMPORT-DRAFT-CLEAN-GLOBAL-20260624	363	docs/registry/batch-intake-working-queues/gpmc_clean_global_track_working_queue_20260624.tsv	364	gpm_stl.csv	164158180	Get a Clue	Get a Clue	Sam Masini	Growing Stronger	GPMC-TRK-000363	DRAFT_TRACK_ID_RESERVED_PENDING_ADMIN_APPROVAL	TRACK_RECORD_NOT_CREATED	PIX_NOT_CREATED	LT_PIX_NOT_CREATED	KKR_NOT_STARTED	CI_NOT_CREATED	Draft assignment only; ID not official until final import is approved and registry row is created.
GPMC-TRK-ASSIGN-DRAFT-CLEAN-GLOBAL-20260624	364	GPMC-REG-IMPORT-DRAFT-CLEAN-GLOBAL-20260624	364	docs/registry/batch-intake-working-queues/gpmc_clean_global_track_working_queue_20260624.tsv	365	gpm_stl.csv	164266765	ALL I WANT IS YOU	ALL I WANT IS YOU	Zach Linley	Rock/Country	GPMC-TRK-000364	DRAFT_TRACK_ID_RESERVED_PENDING_ADMIN_APPROVAL	TRACK_RECORD_NOT_CREATED	PIX_NOT_CREATED	LT_PIX_NOT_CREATED	KKR_NOT_STARTED	CI_NOT_CREATED	Draft assignment only; ID not official until final import is approved and registry row is created.
GPMC-TRK-ASSIGN-DRAFT-CLEAN-GLOBAL-20260624	365	GPMC-REG-IMPORT-DRAFT-CLEAN-GLOBAL-20260624	365	docs/registry/batch-intake-working-queues/gpmc_clean_global_track_working_queue_20260624.tsv	366	gpm_stl.csv	164267025	Believe in Love - ns	Believe in Love - ns	Elle Christine	Pretty Pop	GPMC-TRK-000365	DRAFT_TRACK_ID_RESERVED_PENDING_ADMIN_APPROVAL	TRACK_RECORD_NOT_CREATED	PIX_NOT_CREATED	LT_PIX_NOT_CREATED	KKR_NOT_STARTED	CI_NOT_CREATED	Draft assignment only; ID not official until final import is approved and registry row is created.
GPMC-TRK-ASSIGN-DRAFT-CLEAN-GLOBAL-20260624	366	GPMC-REG-IMPORT-DRAFT-CLEAN-GLOBAL-20260624	366	docs/registry/batch-intake-working-queues/gpmc_clean_global_track_working_queue_20260624.tsv	367	gpm_stl.csv	166988860	ANOTHER DANCE - INSTRO	ANOTHER DANCE - INSTRO	G Putnam Music	Sweet as Sexy	GPMC-TRK-000366	DRAFT_TRACK_ID_RESERVED_PENDING_ADMIN_APPROVAL	TRACK_RECORD_NOT_CREATED	PIX_NOT_CREATED	LT_PIX_NOT_CREATED	KKR_NOT_STARTED	CI_NOT_CREATED	Draft assignment only; ID not official until final import is approved and registry row is created.
GPMC-TRK-ASSIGN-DRAFT-CLEAN-GLOBAL-20260624	367	GPMC-REG-IMPORT-DRAFT-CLEAN-GLOBAL-20260624	367	docs/registry/batch-intake-working-queues/gpmc_clean_global_track_working_queue_20260624.tsv	368	gpm_stl.csv	166989061	Can't Get There	Can't Get There	KLEIGH	We’re Better than This	GPMC-TRK-000367	DRAFT_TRACK_ID_RESERVED_PENDING_ADMIN_APPROVAL	TRACK_RECORD_NOT_CREATED	PIX_NOT_CREATED	LT_PIX_NOT_CREATED	KKR_NOT_STARTED	CI_NOT_CREATED	Draft assignment only; ID not official until final import is approved and registry row is created.
GPMC-TRK-ASSIGN-DRAFT-CLEAN-GLOBAL-20260624	368	GPMC-REG-IMPORT-DRAFT-CLEAN-GLOBAL-20260624	368	docs/registry/batch-intake-working-queues/gpmc_clean_global_track_working_queue_20260624.tsv	369	gpm_stl.csv	166991126	Hang On	Hang On	NATU Visinia	Film	GPMC-TRK-000368	DRAFT_TRACK_ID_RESERVED_PENDING_ADMIN_APPROVAL	TRACK_RECORD_NOT_CREATED	PIX_NOT_CREATED	LT_PIX_NOT_CREATED	KKR_NOT_STARTED	CI_NOT_CREATED	Draft assignment only; ID not official until final import is approved and registry row is created.
GPMC-TRK-ASSIGN-DRAFT-CLEAN-GLOBAL-20260624	369	GPMC-REG-IMPORT-DRAFT-CLEAN-GLOBAL-20260624	369	docs/registry/batch-intake-working-queues/gpmc_clean_global_track_working_queue_20260624.tsv	370	gpm_stl.csv	166995581	Heart's Off Break - Unpluggged	Heart's Off Break - Unpluggged	NATU Visinia	Sexy Swagger	GPMC-TRK-000369	DRAFT_TRACK_ID_RESERVED_PENDING_ADMIN_APPROVAL	TRACK_RECORD_NOT_CREATED	PIX_NOT_CREATED	LT_PIX_NOT_CREATED	KKR_NOT_STARTED	CI_NOT_CREATED	Draft assignment only; ID not official until final import is approved and registry row is created.
GPMC-TRK-ASSIGN-DRAFT-CLEAN-GLOBAL-20260624	370	GPMC-REG-IMPORT-DRAFT-CLEAN-GLOBAL-20260624	370	docs/registry/batch-intake-working-queues/gpmc_clean_global_track_working_queue_20260624.tsv	371	gpm_stl.csv	166995583	Heart's Off Break	Heart's Off Break	Natu Visinia	NATU Ought To	GPMC-TRK-000370	DRAFT_TRACK_ID_RESERVED_PENDING_ADMIN_APPROVAL	TRACK_RECORD_NOT_CREATED	PIX_NOT_CREATED	LT_PIX_NOT_CREATED	KKR_NOT_STARTED	CI_NOT_CREATED	Draft assignment only; ID not official until final import is approved and registry row is created.
GPMC-TRK-ASSIGN-DRAFT-CLEAN-GLOBAL-20260624	371	GPMC-REG-IMPORT-DRAFT-CLEAN-GLOBAL-20260624	371	docs/registry/batch-intake-working-queues/gpmc_clean_global_track_working_queue_20260624.tsv	372	gpm_stl.csv	166995622	Hello World - INSTRO	Hello World - INSTRO	G Putnam Music	Cinema	GPMC-TRK-000371	DRAFT_TRACK_ID_RESERVED_PENDING_ADMIN_APPROVAL	TRACK_RECORD_NOT_CREATED	PIX_NOT_CREATED	LT_PIX_NOT_CREATED	KKR_NOT_STARTED	CI_NOT_CREATED	Draft assignment only; ID not official until final import is approved and registry row is created.
GPMC-TRK-ASSIGN-DRAFT-CLEAN-GLOBAL-20260624	372	GPMC-REG-IMPORT-DRAFT-CLEAN-GLOBAL-20260624	372	docs/registry/batch-intake-working-queues/gpmc_clean_global_track_working_queue_20260624.tsv	373	gpm_stl.csv	166995669	SPARK THE FLAME-WITH RAP	SPARK THE FLAME-WITH RAP	Tyler Houk	Sexy Swagger	GPMC-TRK-000372	DRAFT_TRACK_ID_RESERVED_PENDING_ADMIN_APPROVAL	TRACK_RECORD_NOT_CREATED	PIX_NOT_CREATED	LT_PIX_NOT_CREATED	KKR_NOT_STARTED	CI_NOT_CREATED	Draft assignment only; ID not official until final import is approved and registry row is created.
GPMC-TRK-ASSIGN-DRAFT-CLEAN-GLOBAL-20260624	373	GPMC-REG-IMPORT-DRAFT-CLEAN-GLOBAL-20260624	373	docs/registry/batch-intake-working-queues/gpmc_clean_global_track_working_queue_20260624.tsv	374	gpm_stl.csv	167046473	Coming Over Me - INSTRO	Coming Over Me - INSTRO	KLEIGH	We’re Better than This	GPMC-TRK-000373	DRAFT_TRACK_ID_RESERVED_PENDING_ADMIN_APPROVAL	TRACK_RECORD_NOT_CREATED	PIX_NOT_CREATED	LT_PIX_NOT_CREATED	KKR_NOT_STARTED	CI_NOT_CREATED	Draft assignment only; ID not official until final import is approved and registry row is created.
GPMC-TRK-ASSIGN-DRAFT-CLEAN-GLOBAL-20260624	374	GPMC-REG-IMPORT-DRAFT-CLEAN-GLOBAL-20260624	374	docs/registry/batch-intake-working-queues/gpmc_clean_global_track_working_queue_20260624.tsv	375	gpm_stl.csv	167046982	Forever & A Day	Forever & A Day	KLEIGH	Beautiful World	GPMC-TRK-000374	DRAFT_TRACK_ID_RESERVED_PENDING_ADMIN_APPROVAL	TRACK_RECORD_NOT_CREATED	PIX_NOT_CREATED	LT_PIX_NOT_CREATED	KKR_NOT_STARTED	CI_NOT_CREATED	Draft assignment only; ID not official until final import is approved and registry row is created.
GPMC-TRK-ASSIGN-DRAFT-CLEAN-GLOBAL-20260624	375	GPMC-REG-IMPORT-DRAFT-CLEAN-GLOBAL-20260624	375	docs/registry/batch-intake-working-queues/gpmc_clean_global_track_working_queue_20260624.tsv	376	gpm_stl.csv	167047051	FOUND IN HEAVEN - INSTRO	FOUND IN HEAVEN - INSTRO	G Putnam Music	Dance Steady	GPMC-TRK-000375	DRAFT_TRACK_ID_RESERVED_PENDING_ADMIN_APPROVAL	TRACK_RECORD_NOT_CREATED	PIX_NOT_CREATED	LT_PIX_NOT_CREATED	KKR_NOT_STARTED	CI_NOT_CREATED	Draft assignment only; ID not official until final import is approved and registry row is created.
GPMC-TRK-ASSIGN-DRAFT-CLEAN-GLOBAL-20260624	376	GPMC-REG-IMPORT-DRAFT-CLEAN-GLOBAL-20260624	376	docs/registry/batch-intake-working-queues/gpmc_clean_global_track_working_queue_20260624.tsv	377	gpm_stl.csv	167047194	Get Over You	Get Over You	KLEIGH	Still Walking	GPMC-TRK-000376	DRAFT_TRACK_ID_RESERVED_PENDING_ADMIN_APPROVAL	TRACK_RECORD_NOT_CREATED	PIX_NOT_CREATED	LT_PIX_NOT_CREATED	KKR_NOT_STARTED	CI_NOT_CREATED	Draft assignment only; ID not official until final import is approved and registry row is created.
GPMC-TRK-ASSIGN-DRAFT-CLEAN-GLOBAL-20260624	377	GPMC-REG-IMPORT-DRAFT-CLEAN-GLOBAL-20260624	377	docs/registry/batch-intake-working-queues/gpmc_clean_global_track_working_queue_20260624.tsv	378	gpm_stl.csv	167047382	Heartbroken n' Alone - INSTRO	Heartbroken n' Alone - INSTRO	G Putnam Music	Caught Off Guard	GPMC-TRK-000377	DRAFT_TRACK_ID_RESERVED_PENDING_ADMIN_APPROVAL	TRACK_RECORD_NOT_CREATED	PIX_NOT_CREATED	LT_PIX_NOT_CREATED	KKR_NOT_STARTED	CI_NOT_CREATED	Draft assignment only; ID not official until final import is approved and registry row is created.
GPMC-TRK-ASSIGN-DRAFT-CLEAN-GLOBAL-20260624	378	GPMC-REG-IMPORT-DRAFT-CLEAN-GLOBAL-20260624	378	docs/registry/batch-intake-working-queues/gpmc_clean_global_track_working_queue_20260624.tsv	379	gpm_stl.csv	167047383	Hold On	Hold On	KLEIGH	Memory’s Malice	GPMC-TRK-000378	DRAFT_TRACK_ID_RESERVED_PENDING_ADMIN_APPROVAL	TRACK_RECORD_NOT_CREATED	PIX_NOT_CREATED	LT_PIX_NOT_CREATED	KKR_NOT_STARTED	CI_NOT_CREATED	Draft assignment only; ID not official until final import is approved and registry row is created.
GPMC-TRK-ASSIGN-DRAFT-CLEAN-GLOBAL-20260624	379	GPMC-REG-IMPORT-DRAFT-CLEAN-GLOBAL-20260624	379	docs/registry/batch-intake-working-queues/gpmc_clean_global_track_working_queue_20260624.tsv	380	gpm_stl.csv	167047385	Here in the Night	Here in the Night	Lilli O'Dowd	Really Lilli	GPMC-TRK-000379	DRAFT_TRACK_ID_RESERVED_PENDING_ADMIN_APPROVAL	TRACK_RECORD_NOT_CREATED	PIX_NOT_CREATED	LT_PIX_NOT_CREATED	KKR_NOT_STARTED	CI_NOT_CREATED	Draft assignment only; ID not official until final import is approved and registry row is created.
GPMC-TRK-ASSIGN-DRAFT-CLEAN-GLOBAL-20260624	380	GPMC-REG-IMPORT-DRAFT-CLEAN-GLOBAL-20260624	380	docs/registry/batch-intake-working-queues/gpmc_clean_global_track_working_queue_20260624.tsv	381	gpm_stl.csv	167047386	Holding On	Holding On	G Putnam Music	Go for the Heart	GPMC-TRK-000380	DRAFT_TRACK_ID_RESERVED_PENDING_ADMIN_APPROVAL	TRACK_RECORD_NOT_CREATED	PIX_NOT_CREATED	LT_PIX_NOT_CREATED	KKR_NOT_STARTED	CI_NOT_CREATED	Draft assignment only; ID not official until final import is approved and registry row is created.
GPMC-TRK-ASSIGN-DRAFT-CLEAN-GLOBAL-20260624	381	GPMC-REG-IMPORT-DRAFT-CLEAN-GLOBAL-20260624	381	docs/registry/batch-intake-working-queues/gpmc_clean_global_track_working_queue_20260624.tsv	382	gpm_stl.csv	167047393	Hit Rewind - INSTRO	Hit Rewind - INSTRO	Erik W Nelson	Change Me	GPMC-TRK-000381	DRAFT_TRACK_ID_RESERVED_PENDING_ADMIN_APPROVAL	TRACK_RECORD_NOT_CREATED	PIX_NOT_CREATED	LT_PIX_NOT_CREATED	KKR_NOT_STARTED	CI_NOT_CREATED	Draft assignment only; ID not official until final import is approved and registry row is created.
GPMC-TRK-ASSIGN-DRAFT-CLEAN-GLOBAL-20260624	382	GPMC-REG-IMPORT-DRAFT-CLEAN-GLOBAL-20260624	382	docs/registry/batch-intake-working-queues/gpmc_clean_global_track_working_queue_20260624.tsv	383	gpm_stl.csv	167047394	Hit Rewind	Hit Rewind	NATU Visinia	NATU Ought To	GPMC-TRK-000382	DRAFT_TRACK_ID_RESERVED_PENDING_ADMIN_APPROVAL	TRACK_RECORD_NOT_CREATED	PIX_NOT_CREATED	LT_PIX_NOT_CREATED	KKR_NOT_STARTED	CI_NOT_CREATED	Draft assignment only; ID not official until final import is approved and registry row is created.
GPMC-TRK-ASSIGN-DRAFT-CLEAN-GLOBAL-20260624	383	GPMC-REG-IMPORT-DRAFT-CLEAN-GLOBAL-20260624	383	docs/registry/batch-intake-working-queues/gpmc_clean_global_track_working_queue_20260624.tsv	384	gpm_stl.csv	167047395	Hit Rewind - Demo	Hit Rewind - Demo	Erik W Nelson	Change Me	GPMC-TRK-000383	DRAFT_TRACK_ID_RESERVED_PENDING_ADMIN_APPROVAL	TRACK_RECORD_NOT_CREATED	PIX_NOT_CREATED	LT_PIX_NOT_CREATED	KKR_NOT_STARTED	CI_NOT_CREATED	Draft assignment only; ID not official until final import is approved and registry row is created.
GPMC-TRK-ASSIGN-DRAFT-CLEAN-GLOBAL-20260624	384	GPMC-REG-IMPORT-DRAFT-CLEAN-GLOBAL-20260624	384	docs/registry/batch-intake-working-queues/gpmc_clean_global_track_working_queue_20260624.tsv	385	gpm_stl.csv	167047400	Hope for Hope  - INSTRO	Hope for Hope - INSTRO	G Putnam Music	Slight Light	GPMC-TRK-000384	DRAFT_TRACK_ID_RESERVED_PENDING_ADMIN_APPROVAL	TRACK_RECORD_NOT_CREATED	PIX_NOT_CREATED	LT_PIX_NOT_CREATED	KKR_NOT_STARTED	CI_NOT_CREATED	Draft assignment only; ID not official until final import is approved and registry row is created.
GPMC-TRK-ASSIGN-DRAFT-CLEAN-GLOBAL-20260624	385	GPMC-REG-IMPORT-DRAFT-CLEAN-GLOBAL-20260624	385	docs/registry/batch-intake-working-queues/gpmc_clean_global_track_working_queue_20260624.tsv	386	gpm_stl.csv	167047407	How Could I?	How Could I?	KLEIGH	G Putnam Music	GPMC-TRK-000385	DRAFT_TRACK_ID_RESERVED_PENDING_ADMIN_APPROVAL	TRACK_RECORD_NOT_CREATED	PIX_NOT_CREATED	LT_PIX_NOT_CREATED	KKR_NOT_STARTED	CI_NOT_CREATED	Draft assignment only; ID not official until final import is approved and registry row is created.
GPMC-TRK-ASSIGN-DRAFT-CLEAN-GLOBAL-20260624	386	GPMC-REG-IMPORT-DRAFT-CLEAN-GLOBAL-20260624	386	docs/registry/batch-intake-working-queues/gpmc_clean_global_track_working_queue_20260624.tsv	387	gpm_stl.csv	167047420	Hurt Like This	Hurt Like This	KLEIGH		GPMC-TRK-000386	DRAFT_TRACK_ID_RESERVED_PENDING_ADMIN_APPROVAL	TRACK_RECORD_NOT_CREATED	PIX_NOT_CREATED	LT_PIX_NOT_CREATED	KKR_NOT_STARTED	CI_NOT_CREATED	Draft assignment only; ID not official until final import is approved and registry row is created.
GPMC-TRK-ASSIGN-DRAFT-CLEAN-GLOBAL-20260624	387	GPMC-REG-IMPORT-DRAFT-CLEAN-GLOBAL-20260624	387	docs/registry/batch-intake-working-queues/gpmc_clean_global_track_working_queue_20260624.tsv	388	gpm_stl.csv	167047423	Hurt Me For	Hurt Me For	KLEIGH	Memory’s Malice	GPMC-TRK-000387	DRAFT_TRACK_ID_RESERVED_PENDING_ADMIN_APPROVAL	TRACK_RECORD_NOT_CREATED	PIX_NOT_CREATED	LT_PIX_NOT_CREATED	KKR_NOT_STARTED	CI_NOT_CREATED	Draft assignment only; ID not official until final import is approved and registry row is created.
GPMC-TRK-ASSIGN-DRAFT-CLEAN-GLOBAL-20260624	388	GPMC-REG-IMPORT-DRAFT-CLEAN-GLOBAL-20260624	388	docs/registry/batch-intake-working-queues/gpmc_clean_global_track_working_queue_20260624.tsv	389	gpm_stl.csv	167047433	I AM A FIGHTER.- INSTRO	I AM A FIGHTER. - INSTRO	G Putnam Music	Slight Light	GPMC-TRK-000388	DRAFT_TRACK_ID_RESERVED_PENDING_ADMIN_APPROVAL	TRACK_RECORD_NOT_CREATED	PIX_NOT_CREATED	LT_PIX_NOT_CREATED	KKR_NOT_STARTED	CI_NOT_CREATED	Draft assignment only; ID not official until final import is approved and registry row is created.
GPMC-TRK-ASSIGN-DRAFT-CLEAN-GLOBAL-20260624	389	GPMC-REG-IMPORT-DRAFT-CLEAN-GLOBAL-20260624	389	docs/registry/batch-intake-working-queues/gpmc_clean_global_track_working_queue_20260624.tsv	390	gpm_stl.csv	167047440	I Believe In You	I Believe In You	KLEIGH	Walk With Me	GPMC-TRK-000389	DRAFT_TRACK_ID_RESERVED_PENDING_ADMIN_APPROVAL	TRACK_RECORD_NOT_CREATED	PIX_NOT_CREATED	LT_PIX_NOT_CREATED	KKR_NOT_STARTED	CI_NOT_CREATED	Draft assignment only; ID not official until final import is approved and registry row is created.
GPMC-TRK-ASSIGN-DRAFT-CLEAN-GLOBAL-20260624	390	GPMC-REG-IMPORT-DRAFT-CLEAN-GLOBAL-20260624	390	docs/registry/batch-intake-working-queues/gpmc_clean_global_track_working_queue_20260624.tsv	391	gpm_stl.csv	167047442	I'll Always Be Around	I'll Always Be Around	KLEIGH	Go or the Heart	GPMC-TRK-000390	DRAFT_TRACK_ID_RESERVED_PENDING_ADMIN_APPROVAL	TRACK_RECORD_NOT_CREATED	PIX_NOT_CREATED	LT_PIX_NOT_CREATED	KKR_NOT_STARTED	CI_NOT_CREATED	Draft assignment only; ID not official until final import is approved and registry row is created.
GPMC-TRK-ASSIGN-DRAFT-CLEAN-GLOBAL-20260624	391	GPMC-REG-IMPORT-DRAFT-CLEAN-GLOBAL-20260624	391	docs/registry/batch-intake-working-queues/gpmc_clean_global_track_working_queue_20260624.tsv	392	gpm_stl.csv	167047446	I've already Lost You	I've already Lost You	KLEIGH	Memory’s Malice	GPMC-TRK-000391	DRAFT_TRACK_ID_RESERVED_PENDING_ADMIN_APPROVAL	TRACK_RECORD_NOT_CREATED	PIX_NOT_CREATED	LT_PIX_NOT_CREATED	KKR_NOT_STARTED	CI_NOT_CREATED	Draft assignment only; ID not official until final import is approved and registry row is created.
GPMC-TRK-ASSIGN-DRAFT-CLEAN-GLOBAL-20260624	392	GPMC-REG-IMPORT-DRAFT-CLEAN-GLOBAL-20260624	392	docs/registry/batch-intake-working-queues/gpmc_clean_global_track_working_queue_20260624.tsv	393	gpm_stl.csv	167047460	In the Silence of My Mind - INSTRO	In the Silence of My Mind - INSTRO	G Putnam Music	Thrilling Feeling	GPMC-TRK-000392	DRAFT_TRACK_ID_RESERVED_PENDING_ADMIN_APPROVAL	TRACK_RECORD_NOT_CREATED	PIX_NOT_CREATED	LT_PIX_NOT_CREATED	KKR_NOT_STARTED	CI_NOT_CREATED	Draft assignment only; ID not official until final import is approved and registry row is created.
GPMC-TRK-ASSIGN-DRAFT-CLEAN-GLOBAL-20260624	393	GPMC-REG-IMPORT-DRAFT-CLEAN-GLOBAL-20260624	393	docs/registry/batch-intake-working-queues/gpmc_clean_global_track_working_queue_20260624.tsv	394	gpm_stl.csv	167047464	Into the New Sunset	Into the New Sunset	Lloyd G Miller	Lloyd’s Void	GPMC-TRK-000393	DRAFT_TRACK_ID_RESERVED_PENDING_ADMIN_APPROVAL	TRACK_RECORD_NOT_CREATED	PIX_NOT_CREATED	LT_PIX_NOT_CREATED	KKR_NOT_STARTED	CI_NOT_CREATED	Draft assignment only; ID not official until final import is approved and registry row is created.
GPMC-TRK-ASSIGN-DRAFT-CLEAN-GLOBAL-20260624	394	GPMC-REG-IMPORT-DRAFT-CLEAN-GLOBAL-20260624	394	docs/registry/batch-intake-working-queues/gpmc_clean_global_track_working_queue_20260624.tsv	395	gpm_stl.csv	167047465	Into the New Sunset - INSTRO	Into the New Sunset - INSTRO	G Putnam Music	Desperate & Dirty	GPMC-TRK-000394	DRAFT_TRACK_ID_RESERVED_PENDING_ADMIN_APPROVAL	TRACK_RECORD_NOT_CREATED	PIX_NOT_CREATED	LT_PIX_NOT_CREATED	KKR_NOT_STARTED	CI_NOT_CREATED	Draft assignment only; ID not official until final import is approved and registry row is created.
GPMC-TRK-ASSIGN-DRAFT-CLEAN-GLOBAL-20260624	395	GPMC-REG-IMPORT-DRAFT-CLEAN-GLOBAL-20260624	395	docs/registry/batch-intake-working-queues/gpmc_clean_global_track_working_queue_20260624.tsv	396	gpm_stl.csv	167047466	It's Happening - INSTRO	It's Happening - INSTRO	G Putnam Music	Thrilling Feeling	GPMC-TRK-000395	DRAFT_TRACK_ID_RESERVED_PENDING_ADMIN_APPROVAL	TRACK_RECORD_NOT_CREATED	PIX_NOT_CREATED	LT_PIX_NOT_CREATED	KKR_NOT_STARTED	CI_NOT_CREATED	Draft assignment only; ID not official until final import is approved and registry row is created.
GPMC-TRK-ASSIGN-DRAFT-CLEAN-GLOBAL-20260624	396	GPMC-REG-IMPORT-DRAFT-CLEAN-GLOBAL-20260624	396	docs/registry/batch-intake-working-queues/gpmc_clean_global_track_working_queue_20260624.tsv	397	gpm_stl.csv	167047469	Joy Is Cool - INSTRO	Joy Is Cool - INSTRO	Michael Scherer	Scherer Desire	GPMC-TRK-000396	DRAFT_TRACK_ID_RESERVED_PENDING_ADMIN_APPROVAL	TRACK_RECORD_NOT_CREATED	PIX_NOT_CREATED	LT_PIX_NOT_CREATED	KKR_NOT_STARTED	CI_NOT_CREATED	Draft assignment only; ID not official until final import is approved and registry row is created.
GPMC-TRK-ASSIGN-DRAFT-CLEAN-GLOBAL-20260624	397	GPMC-REG-IMPORT-DRAFT-CLEAN-GLOBAL-20260624	397	docs/registry/batch-intake-working-queues/gpmc_clean_global_track_working_queue_20260624.tsv	398	gpm_stl.csv	167047476	JOYFUL HARMONY - INSTRO	JOYFUL HARMONY - INSTRO	Michael Scherer	Scherer Delight	GPMC-TRK-000397	DRAFT_TRACK_ID_RESERVED_PENDING_ADMIN_APPROVAL	TRACK_RECORD_NOT_CREATED	PIX_NOT_CREATED	LT_PIX_NOT_CREATED	KKR_NOT_STARTED	CI_NOT_CREATED	Draft assignment only; ID not official until final import is approved and registry row is created.
GPMC-TRK-ASSIGN-DRAFT-CLEAN-GLOBAL-20260624	398	GPMC-REG-IMPORT-DRAFT-CLEAN-GLOBAL-20260624	398	docs/registry/batch-intake-working-queues/gpmc_clean_global_track_working_queue_20260624.tsv	399	gpm_stl.csv	167047491	Laying It Down	Laying It Down	KLEIGH	Still Walking	GPMC-TRK-000398	DRAFT_TRACK_ID_RESERVED_PENDING_ADMIN_APPROVAL	TRACK_RECORD_NOT_CREATED	PIX_NOT_CREATED	LT_PIX_NOT_CREATED	KKR_NOT_STARTED	CI_NOT_CREATED	Draft assignment only; ID not official until final import is approved and registry row is created.
GPMC-TRK-ASSIGN-DRAFT-CLEAN-GLOBAL-20260624	399	GPMC-REG-IMPORT-DRAFT-CLEAN-GLOBAL-20260624	399	docs/registry/batch-intake-working-queues/gpmc_clean_global_track_working_queue_20260624.tsv	400	gpm_stl.csv	167047496	Me n’ My Guitar	Me n’ My Guitar	Katie Beste	Dealin’ Feelin'	GPMC-TRK-000399	DRAFT_TRACK_ID_RESERVED_PENDING_ADMIN_APPROVAL	TRACK_RECORD_NOT_CREATED	PIX_NOT_CREATED	LT_PIX_NOT_CREATED	KKR_NOT_STARTED	CI_NOT_CREATED	Draft assignment only; ID not official until final import is approved and registry row is created.
GPMC-TRK-ASSIGN-DRAFT-CLEAN-GLOBAL-20260624	400	GPMC-REG-IMPORT-DRAFT-CLEAN-GLOBAL-20260624	400	docs/registry/batch-intake-working-queues/gpmc_clean_global_track_working_queue_20260624.tsv	401	gpm_stl.csv	167047497	Me n' My Guitar - INSTRO - Lt BGVs	Me n' My Guitar - INSTRO - Lt BGVs - INSTRO	G Putnam Music	Busting Out	GPMC-TRK-000400	DRAFT_TRACK_ID_RESERVED_PENDING_ADMIN_APPROVAL	TRACK_RECORD_NOT_CREATED	PIX_NOT_CREATED	LT_PIX_NOT_CREATED	KKR_NOT_STARTED	CI_NOT_CREATED	Draft assignment only; ID not official until final import is approved and registry row is created.
GPMC-TRK-ASSIGN-DRAFT-CLEAN-GLOBAL-20260624	401	GPMC-REG-IMPORT-DRAFT-CLEAN-GLOBAL-20260624	401	docs/registry/batch-intake-working-queues/gpmc_clean_global_track_working_queue_20260624.tsv	402	gpm_stl.csv	167047499	The Merry Man - INSTRO	The Merry Man - INSTRO	G Putnam Music	Busting Out	GPMC-TRK-000401	DRAFT_TRACK_ID_RESERVED_PENDING_ADMIN_APPROVAL	TRACK_RECORD_NOT_CREATED	PIX_NOT_CREATED	LT_PIX_NOT_CREATED	KKR_NOT_STARTED	CI_NOT_CREATED	Draft assignment only; ID not official until final import is approved and registry row is created.
GPMC-TRK-ASSIGN-DRAFT-CLEAN-GLOBAL-20260624	402	GPMC-REG-IMPORT-DRAFT-CLEAN-GLOBAL-20260624	402	docs/registry/batch-intake-working-queues/gpmc_clean_global_track_working_queue_20260624.tsv	403	gpm_stl.csv	167047503	Midnight Melody - INSTRO	Midnight Melody - INSTRO	G Putnam Music	Thrilling Feeling	GPMC-TRK-000402	DRAFT_TRACK_ID_RESERVED_PENDING_ADMIN_APPROVAL	TRACK_RECORD_NOT_CREATED	PIX_NOT_CREATED	LT_PIX_NOT_CREATED	KKR_NOT_STARTED	CI_NOT_CREATED	Draft assignment only; ID not official until final import is approved and registry row is created.
GPMC-TRK-ASSIGN-DRAFT-CLEAN-GLOBAL-20260624	403	GPMC-REG-IMPORT-DRAFT-CLEAN-GLOBAL-20260624	403	docs/registry/batch-intake-working-queues/gpmc_clean_global_track_working_queue_20260624.tsv	404	gpm_stl.csv	167047507	Misty Midnight Blue - INSTRO	Misty Midnight Blue - INSTRO	G Putnam Music	Remembering Forgetting	GPMC-TRK-000403	DRAFT_TRACK_ID_RESERVED_PENDING_ADMIN_APPROVAL	TRACK_RECORD_NOT_CREATED	PIX_NOT_CREATED	LT_PIX_NOT_CREATED	KKR_NOT_STARTED	CI_NOT_CREATED	Draft assignment only; ID not official until final import is approved and registry row is created.
GPMC-TRK-ASSIGN-DRAFT-CLEAN-GLOBAL-20260624	404	GPMC-REG-IMPORT-DRAFT-CLEAN-GLOBAL-20260624	404	docs/registry/batch-intake-working-queues/gpmc_clean_global_track_working_queue_20260624.tsv	405	gpm_stl.csv	167047508	Misty Midnight Blue - INSTRO - STRIPPED	Misty Midnight Blue - INSTRO - STRIPPED - INSTRO	G Putnam Music	Desperate & Dirty	GPMC-TRK-000404	DRAFT_TRACK_ID_RESERVED_PENDING_ADMIN_APPROVAL	TRACK_RECORD_NOT_CREATED	PIX_NOT_CREATED	LT_PIX_NOT_CREATED	KKR_NOT_STARTED	CI_NOT_CREATED	Draft assignment only; ID not official until final import is approved and registry row is created.
GPMC-TRK-ASSIGN-DRAFT-CLEAN-GLOBAL-20260624	405	GPMC-REG-IMPORT-DRAFT-CLEAN-GLOBAL-20260624	405	docs/registry/batch-intake-working-queues/gpmc_clean_global_track_working_queue_20260624.tsv	406	gpm_stl.csv	167047510	More Than One Way	More Than One Way	KLEIGH	Doin’ the Ev’ryday	GPMC-TRK-000405	DRAFT_TRACK_ID_RESERVED_PENDING_ADMIN_APPROVAL	TRACK_RECORD_NOT_CREATED	PIX_NOT_CREATED	LT_PIX_NOT_CREATED	KKR_NOT_STARTED	CI_NOT_CREATED	Draft assignment only; ID not official until final import is approved and registry row is created.
GPMC-TRK-ASSIGN-DRAFT-CLEAN-GLOBAL-20260624	406	GPMC-REG-IMPORT-DRAFT-CLEAN-GLOBAL-20260624	406	docs/registry/batch-intake-working-queues/gpmc_clean_global_track_working_queue_20260624.tsv	407	gpm_stl.csv	167047524	Music Is Awesome - INSTRO	Music Is Awesome - INSTRO	G Putnam Music	Cinema	GPMC-TRK-000406	DRAFT_TRACK_ID_RESERVED_PENDING_ADMIN_APPROVAL	TRACK_RECORD_NOT_CREATED	PIX_NOT_CREATED	LT_PIX_NOT_CREATED	KKR_NOT_STARTED	CI_NOT_CREATED	Draft assignment only; ID not official until final import is approved and registry row is created.
GPMC-TRK-ASSIGN-DRAFT-CLEAN-GLOBAL-20260624	407	GPMC-REG-IMPORT-DRAFT-CLEAN-GLOBAL-20260624	407	docs/registry/batch-intake-working-queues/gpmc_clean_global_track_working_queue_20260624.tsv	408	gpm_stl.csv	167047530	My All	My All	KLEIGH	Beautiful World	GPMC-TRK-000407	DRAFT_TRACK_ID_RESERVED_PENDING_ADMIN_APPROVAL	TRACK_RECORD_NOT_CREATED	PIX_NOT_CREATED	LT_PIX_NOT_CREATED	KKR_NOT_STARTED	CI_NOT_CREATED	Draft assignment only; ID not official until final import is approved and registry row is created.
GPMC-TRK-ASSIGN-DRAFT-CLEAN-GLOBAL-20260624	408	GPMC-REG-IMPORT-DRAFT-CLEAN-GLOBAL-20260624	408	docs/registry/batch-intake-working-queues/gpmc_clean_global_track_working_queue_20260624.tsv	409	gpm_stl.csv	167047534	My Life Is Yours My Lady - INSTRO	My Life Is Yours My Lady - INSTRO	G Putnam Music	Caught Off Guard	GPMC-TRK-000408	DRAFT_TRACK_ID_RESERVED_PENDING_ADMIN_APPROVAL	TRACK_RECORD_NOT_CREATED	PIX_NOT_CREATED	LT_PIX_NOT_CREATED	KKR_NOT_STARTED	CI_NOT_CREATED	Draft assignment only; ID not official until final import is approved and registry row is created.
GPMC-TRK-ASSIGN-DRAFT-CLEAN-GLOBAL-20260624	409	GPMC-REG-IMPORT-DRAFT-CLEAN-GLOBAL-20260624	409	docs/registry/batch-intake-working-queues/gpmc_clean_global_track_working_queue_20260624.tsv	410	gpm_stl.csv	167047538	My Sword Is Yours - INSTRO	My Sword Is Yours - INSTRO	G Putnam Music	TV/Film	GPMC-TRK-000409	DRAFT_TRACK_ID_RESERVED_PENDING_ADMIN_APPROVAL	TRACK_RECORD_NOT_CREATED	PIX_NOT_CREATED	LT_PIX_NOT_CREATED	KKR_NOT_STARTED	CI_NOT_CREATED	Draft assignment only; ID not official until final import is approved and registry row is created.
GPMC-TRK-ASSIGN-DRAFT-CLEAN-GLOBAL-20260624	410	GPMC-REG-IMPORT-DRAFT-CLEAN-GLOBAL-20260624	410	docs/registry/batch-intake-working-queues/gpmc_clean_global_track_working_queue_20260624.tsv	411	gpm_stl.csv	167047545	Never Ever Ever	Never Ever Ever	KLEIGH	Go for the Heart	GPMC-TRK-000410	DRAFT_TRACK_ID_RESERVED_PENDING_ADMIN_APPROVAL	TRACK_RECORD_NOT_CREATED	PIX_NOT_CREATED	LT_PIX_NOT_CREATED	KKR_NOT_STARTED	CI_NOT_CREATED	Draft assignment only; ID not official until final import is approved and registry row is created.
GPMC-TRK-ASSIGN-DRAFT-CLEAN-GLOBAL-20260624	411	GPMC-REG-IMPORT-DRAFT-CLEAN-GLOBAL-20260624	411	docs/registry/batch-intake-working-queues/gpmc_clean_global_track_working_queue_20260624.tsv	412	gpm_stl.csv	167047553	No Rest For Vengeance - INSTRO	No Rest For Vengeance - INSTRO	G Putnam Music	Thrilling Feeling	GPMC-TRK-000411	DRAFT_TRACK_ID_RESERVED_PENDING_ADMIN_APPROVAL	TRACK_RECORD_NOT_CREATED	PIX_NOT_CREATED	LT_PIX_NOT_CREATED	KKR_NOT_STARTED	CI_NOT_CREATED	Draft assignment only; ID not official until final import is approved and registry row is created.
GPMC-TRK-ASSIGN-DRAFT-CLEAN-GLOBAL-20260624	412	GPMC-REG-IMPORT-DRAFT-CLEAN-GLOBAL-20260624	412	docs/registry/batch-intake-working-queues/gpmc_clean_global_track_working_queue_20260624.tsv	413	gpm_stl.csv	167047556	noodle - INSTRO	noodle - INSTRO	G Putnam Music	Busting Out	GPMC-TRK-000412	DRAFT_TRACK_ID_RESERVED_PENDING_ADMIN_APPROVAL	TRACK_RECORD_NOT_CREATED	PIX_NOT_CREATED	LT_PIX_NOT_CREATED	KKR_NOT_STARTED	CI_NOT_CREATED	Draft assignment only; ID not official until final import is approved and registry row is created.
GPMC-TRK-ASSIGN-DRAFT-CLEAN-GLOBAL-20260624	413	GPMC-REG-IMPORT-DRAFT-CLEAN-GLOBAL-20260624	413	docs/registry/batch-intake-working-queues/gpmc_clean_global_track_working_queue_20260624.tsv	414	gpm_stl.csv	167047562	Normandy Battle - INSTRO	Normandy Battle - INSTRO	G Putnam Music	TV/Film	GPMC-TRK-000413	DRAFT_TRACK_ID_RESERVED_PENDING_ADMIN_APPROVAL	TRACK_RECORD_NOT_CREATED	PIX_NOT_CREATED	LT_PIX_NOT_CREATED	KKR_NOT_STARTED	CI_NOT_CREATED	Draft assignment only; ID not official until final import is approved and registry row is created.
GPMC-TRK-ASSIGN-DRAFT-CLEAN-GLOBAL-20260624	414	GPMC-REG-IMPORT-DRAFT-CLEAN-GLOBAL-20260624	414	docs/registry/batch-intake-working-queues/gpmc_clean_global_track_working_queue_20260624.tsv	415	gpm_stl.csv	167047570	Not Bad Just Sad  - INSTRO	Not Bad Just Sad - INSTRO	Michael Scherer	Scherer Delight	GPMC-TRK-000414	DRAFT_TRACK_ID_RESERVED_PENDING_ADMIN_APPROVAL	TRACK_RECORD_NOT_CREATED	PIX_NOT_CREATED	LT_PIX_NOT_CREATED	KKR_NOT_STARTED	CI_NOT_CREATED	Draft assignment only; ID not official until final import is approved and registry row is created.
GPMC-TRK-ASSIGN-DRAFT-CLEAN-GLOBAL-20260624	415	GPMC-REG-IMPORT-DRAFT-CLEAN-GLOBAL-20260624	415	docs/registry/batch-intake-working-queues/gpmc_clean_global_track_working_queue_20260624.tsv	416	gpm_stl.csv	167047583	Now - INSTRO	Now - INSTRO	G Putnam Music	Thrilling Feeling	GPMC-TRK-000415	DRAFT_TRACK_ID_RESERVED_PENDING_ADMIN_APPROVAL	TRACK_RECORD_NOT_CREATED	PIX_NOT_CREATED	LT_PIX_NOT_CREATED	KKR_NOT_STARTED	CI_NOT_CREATED	Draft assignment only; ID not official until final import is approved and registry row is created.
GPMC-TRK-ASSIGN-DRAFT-CLEAN-GLOBAL-20260624	416	GPMC-REG-IMPORT-DRAFT-CLEAN-GLOBAL-20260624	416	docs/registry/batch-intake-working-queues/gpmc_clean_global_track_working_queue_20260624.tsv	417	gpm_stl.csv	167047626	October - INSTRO	October - INSTRO	G Putnam Music	Slight Light	GPMC-TRK-000416	DRAFT_TRACK_ID_RESERVED_PENDING_ADMIN_APPROVAL	TRACK_RECORD_NOT_CREATED	PIX_NOT_CREATED	LT_PIX_NOT_CREATED	KKR_NOT_STARTED	CI_NOT_CREATED	Draft assignment only; ID not official until final import is approved and registry row is created.
GPMC-TRK-ASSIGN-DRAFT-CLEAN-GLOBAL-20260624	417	GPMC-REG-IMPORT-DRAFT-CLEAN-GLOBAL-20260624	417	docs/registry/batch-intake-working-queues/gpmc_clean_global_track_working_queue_20260624.tsv	418	gpm_stl.csv	167047652	OH SO CASUALLY-RACHEL	OH SO CASUALLY-RACHEL	Rachel Sharnett	Sexy Swagger	GPMC-TRK-000417	DRAFT_TRACK_ID_RESERVED_PENDING_ADMIN_APPROVAL	TRACK_RECORD_NOT_CREATED	PIX_NOT_CREATED	LT_PIX_NOT_CREATED	KKR_NOT_STARTED	CI_NOT_CREATED	Draft assignment only; ID not official until final import is approved and registry row is created.
GPMC-TRK-ASSIGN-DRAFT-CLEAN-GLOBAL-20260624	418	GPMC-REG-IMPORT-DRAFT-CLEAN-GLOBAL-20260624	418	docs/registry/batch-intake-working-queues/gpmc_clean_global_track_working_queue_20260624.tsv	419	gpm_stl.csv	167047655	On My Way	On My Way	KLEIGH	We Got This	GPMC-TRK-000418	DRAFT_TRACK_ID_RESERVED_PENDING_ADMIN_APPROVAL	TRACK_RECORD_NOT_CREATED	PIX_NOT_CREATED	LT_PIX_NOT_CREATED	KKR_NOT_STARTED	CI_NOT_CREATED	Draft assignment only; ID not official until final import is approved and registry row is created.
GPMC-TRK-ASSIGN-DRAFT-CLEAN-GLOBAL-20260624	419	GPMC-REG-IMPORT-DRAFT-CLEAN-GLOBAL-20260624	419	docs/registry/batch-intake-working-queues/gpmc_clean_global_track_working_queue_20260624.tsv	420	gpm_stl.csv	167047665	Still  Missing You - INSTRO	Still  Missing You - INSTRO	Michael Scherer	He Has Jazz	GPMC-TRK-000419	DRAFT_TRACK_ID_RESERVED_PENDING_ADMIN_APPROVAL	TRACK_RECORD_NOT_CREATED	PIX_NOT_CREATED	LT_PIX_NOT_CREATED	KKR_NOT_STARTED	CI_NOT_CREATED	Draft assignment only; ID not official until final import is approved and registry row is created.
GPMC-TRK-ASSIGN-DRAFT-CLEAN-GLOBAL-20260624	420	GPMC-REG-IMPORT-DRAFT-CLEAN-GLOBAL-20260624	420	docs/registry/batch-intake-working-queues/gpmc_clean_global_track_working_queue_20260624.tsv	421	gpm_stl.csv	167047666	Only Wanna Be with You	Only Wanna Be with You	KLEIGH	Lovin’ Loving	GPMC-TRK-000420	DRAFT_TRACK_ID_RESERVED_PENDING_ADMIN_APPROVAL	TRACK_RECORD_NOT_CREATED	PIX_NOT_CREATED	LT_PIX_NOT_CREATED	KKR_NOT_STARTED	CI_NOT_CREATED	Draft assignment only; ID not official until final import is approved and registry row is created.
GPMC-TRK-ASSIGN-DRAFT-CLEAN-GLOBAL-20260624	421	GPMC-REG-IMPORT-DRAFT-CLEAN-GLOBAL-20260624	421	docs/registry/batch-intake-working-queues/gpmc_clean_global_track_working_queue_20260624.tsv	422	gpm_stl.csv	167047668	OVER UNDER Ballad	OVER UNDER Ballad	Michael Scherer	Scherer Desire	GPMC-TRK-000421	DRAFT_TRACK_ID_RESERVED_PENDING_ADMIN_APPROVAL	TRACK_RECORD_NOT_CREATED	PIX_NOT_CREATED	LT_PIX_NOT_CREATED	KKR_NOT_STARTED	CI_NOT_CREATED	Draft assignment only; ID not official until final import is approved and registry row is created.
GPMC-TRK-ASSIGN-DRAFT-CLEAN-GLOBAL-20260624	422	GPMC-REG-IMPORT-DRAFT-CLEAN-GLOBAL-20260624	422	docs/registry/batch-intake-working-queues/gpmc_clean_global_track_working_queue_20260624.tsv	423	gpm_stl.csv	167047671	Over and Over	Over and Over	KLEIGH	Go for the Heart	GPMC-TRK-000422	DRAFT_TRACK_ID_RESERVED_PENDING_ADMIN_APPROVAL	TRACK_RECORD_NOT_CREATED	PIX_NOT_CREATED	LT_PIX_NOT_CREATED	KKR_NOT_STARTED	CI_NOT_CREATED	Draft assignment only; ID not official until final import is approved and registry row is created.
GPMC-TRK-ASSIGN-DRAFT-CLEAN-GLOBAL-20260624	423	GPMC-REG-IMPORT-DRAFT-CLEAN-GLOBAL-20260624	423	docs/registry/batch-intake-working-queues/gpmc_clean_global_track_working_queue_20260624.tsv	424	gpm_stl.csv	167047672	Overtaken - INSTRO	Overtaken - INSTRO	G Putnam Music	Cinema	GPMC-TRK-000423	DRAFT_TRACK_ID_RESERVED_PENDING_ADMIN_APPROVAL	TRACK_RECORD_NOT_CREATED	PIX_NOT_CREATED	LT_PIX_NOT_CREATED	KKR_NOT_STARTED	CI_NOT_CREATED	Draft assignment only; ID not official until final import is approved and registry row is created.
GPMC-TRK-ASSIGN-DRAFT-CLEAN-GLOBAL-20260624	424	GPMC-REG-IMPORT-DRAFT-CLEAN-GLOBAL-20260624	424	docs/registry/batch-intake-working-queues/gpmc_clean_global_track_working_queue_20260624.tsv	425	gpm_stl.csv	167047674	Paradise - INSTRO	Paradise - INSTRO	G Putnam Music	Cinema	GPMC-TRK-000424	DRAFT_TRACK_ID_RESERVED_PENDING_ADMIN_APPROVAL	TRACK_RECORD_NOT_CREATED	PIX_NOT_CREATED	LT_PIX_NOT_CREATED	KKR_NOT_STARTED	CI_NOT_CREATED	Draft assignment only; ID not official until final import is approved and registry row is created.
GPMC-TRK-ASSIGN-DRAFT-CLEAN-GLOBAL-20260624	425	GPMC-REG-IMPORT-DRAFT-CLEAN-GLOBAL-20260624	425	docs/registry/batch-intake-working-queues/gpmc_clean_global_track_working_queue_20260624.tsv	426	gpm_stl.csv	167047686	PAST TENNESSEE - Stripped	PAST TENNESSEE - Stripped	Simon Webb	Festive	GPMC-TRK-000425	DRAFT_TRACK_ID_RESERVED_PENDING_ADMIN_APPROVAL	TRACK_RECORD_NOT_CREATED	PIX_NOT_CREATED	LT_PIX_NOT_CREATED	KKR_NOT_STARTED	CI_NOT_CREATED	Draft assignment only; ID not official until final import is approved and registry row is created.
GPMC-TRK-ASSIGN-DRAFT-CLEAN-GLOBAL-20260624	426	GPMC-REG-IMPORT-DRAFT-CLEAN-GLOBAL-20260624	426	docs/registry/batch-intake-working-queues/gpmc_clean_global_track_working_queue_20260624.tsv	427	gpm_stl.csv	167047734	Peter Jackson - INSTRO	Peter Jackson - INSTRO	G Putnam Music	Cinema	GPMC-TRK-000426	DRAFT_TRACK_ID_RESERVED_PENDING_ADMIN_APPROVAL	TRACK_RECORD_NOT_CREATED	PIX_NOT_CREATED	LT_PIX_NOT_CREATED	KKR_NOT_STARTED	CI_NOT_CREATED	Draft assignment only; ID not official until final import is approved and registry row is created.
GPMC-TRK-ASSIGN-DRAFT-CLEAN-GLOBAL-20260624	427	GPMC-REG-IMPORT-DRAFT-CLEAN-GLOBAL-20260624	427	docs/registry/batch-intake-working-queues/gpmc_clean_global_track_working_queue_20260624.tsv	428	gpm_stl.csv	167047827	Poppin' Out - INSTRO	Poppin' Out - INSTRO	Michael Scherer	He Has Jazz	GPMC-TRK-000427	DRAFT_TRACK_ID_RESERVED_PENDING_ADMIN_APPROVAL	TRACK_RECORD_NOT_CREATED	PIX_NOT_CREATED	LT_PIX_NOT_CREATED	KKR_NOT_STARTED	CI_NOT_CREATED	Draft assignment only; ID not official until final import is approved and registry row is created.
GPMC-TRK-ASSIGN-DRAFT-CLEAN-GLOBAL-20260624	428	GPMC-REG-IMPORT-DRAFT-CLEAN-GLOBAL-20260624	428	docs/registry/batch-intake-working-queues/gpmc_clean_global_track_working_queue_20260624.tsv	429	gpm_stl.csv	167047830	The Rain It Falls - INSTRO	The Rain It Falls - INSTRO	G Putnam Music	For Real?	GPMC-TRK-000428	DRAFT_TRACK_ID_RESERVED_PENDING_ADMIN_APPROVAL	TRACK_RECORD_NOT_CREATED	PIX_NOT_CREATED	LT_PIX_NOT_CREATED	KKR_NOT_STARTED	CI_NOT_CREATED	Draft assignment only; ID not official until final import is approved and registry row is created.
GPMC-TRK-ASSIGN-DRAFT-CLEAN-GLOBAL-20260624	429	GPMC-REG-IMPORT-DRAFT-CLEAN-GLOBAL-20260624	429	docs/registry/batch-intake-working-queues/gpmc_clean_global_track_working_queue_20260624.tsv	430	gpm_stl.csv	167047860	01 Shooting Star	01 Shooting Star	KLEIGH	G Putnam Music	GPMC-TRK-000429	DRAFT_TRACK_ID_RESERVED_PENDING_ADMIN_APPROVAL	TRACK_RECORD_NOT_CREATED	PIX_NOT_CREATED	LT_PIX_NOT_CREATED	KKR_NOT_STARTED	CI_NOT_CREATED	Draft assignment only; ID not official until final import is approved and registry row is created.
GPMC-TRK-ASSIGN-DRAFT-CLEAN-GLOBAL-20260624	430	GPMC-REG-IMPORT-DRAFT-CLEAN-GLOBAL-20260624	430	docs/registry/batch-intake-working-queues/gpmc_clean_global_track_working_queue_20260624.tsv	431	gpm_stl.csv	167047865	SEMI-SWEET SAM	SEMI-SWEET SAM	Karen Bair	Scratch	GPMC-TRK-000430	DRAFT_TRACK_ID_RESERVED_PENDING_ADMIN_APPROVAL	TRACK_RECORD_NOT_CREATED	PIX_NOT_CREATED	LT_PIX_NOT_CREATED	KKR_NOT_STARTED	CI_NOT_CREATED	Draft assignment only; ID not official until final import is approved and registry row is created.
GPMC-TRK-ASSIGN-DRAFT-CLEAN-GLOBAL-20260624	431	GPMC-REG-IMPORT-DRAFT-CLEAN-GLOBAL-20260624	431	docs/registry/batch-intake-working-queues/gpmc_clean_global_track_working_queue_20260624.tsv	432	gpm_stl.csv	167047867	SING ME - Piano Short - INSTRO	SING ME - Piano Short - INSTRO	Michael Scherer	Scherer Desire	GPMC-TRK-000431	DRAFT_TRACK_ID_RESERVED_PENDING_ADMIN_APPROVAL	TRACK_RECORD_NOT_CREATED	PIX_NOT_CREATED	LT_PIX_NOT_CREATED	KKR_NOT_STARTED	CI_NOT_CREATED	Draft assignment only; ID not official until final import is approved and registry row is created.
GPMC-TRK-ASSIGN-DRAFT-CLEAN-GLOBAL-20260624	432	GPMC-REG-IMPORT-DRAFT-CLEAN-GLOBAL-20260624	432	docs/registry/batch-intake-working-queues/gpmc_clean_global_track_working_queue_20260624.tsv	433	gpm_stl.csv	167047868	Snazzy Times  - INSTRO	Snazzy Times - INSTRO	Michael Scherer	He Has Jazz	GPMC-TRK-000432	DRAFT_TRACK_ID_RESERVED_PENDING_ADMIN_APPROVAL	TRACK_RECORD_NOT_CREATED	PIX_NOT_CREATED	LT_PIX_NOT_CREATED	KKR_NOT_STARTED	CI_NOT_CREATED	Draft assignment only; ID not official until final import is approved and registry row is created.
GPMC-TRK-ASSIGN-DRAFT-CLEAN-GLOBAL-20260624	433	GPMC-REG-IMPORT-DRAFT-CLEAN-GLOBAL-20260624	433	docs/registry/batch-intake-working-queues/gpmc_clean_global_track_working_queue_20260624.tsv	434	gpm_stl.csv	167047887	Soft Touch - INSTRO - Lounge Jazz Trio	Soft Touch - INSTRO - Lounge Jazz Trio - INSTRO	Michael D Scherer	Scherer Delight	GPMC-TRK-000433	DRAFT_TRACK_ID_RESERVED_PENDING_ADMIN_APPROVAL	TRACK_RECORD_NOT_CREATED	PIX_NOT_CREATED	LT_PIX_NOT_CREATED	KKR_NOT_STARTED	CI_NOT_CREATED	Draft assignment only; ID not official until final import is approved and registry row is created.
GPMC-TRK-ASSIGN-DRAFT-CLEAN-GLOBAL-20260624	434	GPMC-REG-IMPORT-DRAFT-CLEAN-GLOBAL-20260624	434	docs/registry/batch-intake-working-queues/gpmc_clean_global_track_working_queue_20260624.tsv	435	gpm_stl.csv	167047888	SOFT PIANO THEME Ab Major	SOFT PIANO THEME Ab Major			GPMC-TRK-000434	DRAFT_TRACK_ID_RESERVED_PENDING_ADMIN_APPROVAL	TRACK_RECORD_NOT_CREATED	PIX_NOT_CREATED	LT_PIX_NOT_CREATED	KKR_NOT_STARTED	CI_NOT_CREATED	Draft assignment only; ID not official until final import is approved and registry row is created.
GPMC-TRK-ASSIGN-DRAFT-CLEAN-GLOBAL-20260624	435	GPMC-REG-IMPORT-DRAFT-CLEAN-GLOBAL-20260624	435	docs/registry/batch-intake-working-queues/gpmc_clean_global_track_working_queue_20260624.tsv	436	gpm_stl.csv	167047889	Steel Soldier - INSTRO	Steel Soldier - INSTRO	G Putnam Music	Cinema	GPMC-TRK-000435	DRAFT_TRACK_ID_RESERVED_PENDING_ADMIN_APPROVAL	TRACK_RECORD_NOT_CREATED	PIX_NOT_CREATED	LT_PIX_NOT_CREATED	KKR_NOT_STARTED	CI_NOT_CREATED	Draft assignment only; ID not official until final import is approved and registry row is created.
GPMC-TRK-ASSIGN-DRAFT-CLEAN-GLOBAL-20260624	436	GPMC-REG-IMPORT-DRAFT-CLEAN-GLOBAL-20260624	436	docs/registry/batch-intake-working-queues/gpmc_clean_global_track_working_queue_20260624.tsv	437	gpm_stl.csv	167047892	SUNDAY AFTERNOON -  INSTRO bpm	SUNDAY AFTERNOON -  INSTRO bpm - INSTRO	Michael Scherer	He Has Jazz	GPMC-TRK-000436	DRAFT_TRACK_ID_RESERVED_PENDING_ADMIN_APPROVAL	TRACK_RECORD_NOT_CREATED	PIX_NOT_CREATED	LT_PIX_NOT_CREATED	KKR_NOT_STARTED	CI_NOT_CREATED	Draft assignment only; ID not official until final import is approved and registry row is created.
GPMC-TRK-ASSIGN-DRAFT-CLEAN-GLOBAL-20260624	437	GPMC-REG-IMPORT-DRAFT-CLEAN-GLOBAL-20260624	437	docs/registry/batch-intake-working-queues/gpmc_clean_global_track_working_queue_20260624.tsv	438	gpm_stl.csv	167047895	LIFE’S A TEST	LIFE’S A TEST	Chris Krause	Cowboy Country	GPMC-TRK-000437	DRAFT_TRACK_ID_RESERVED_PENDING_ADMIN_APPROVAL	TRACK_RECORD_NOT_CREATED	PIX_NOT_CREATED	LT_PIX_NOT_CREATED	KKR_NOT_STARTED	CI_NOT_CREATED	Draft assignment only; ID not official until final import is approved and registry row is created.
GPMC-TRK-ASSIGN-DRAFT-CLEAN-GLOBAL-20260624	438	GPMC-REG-IMPORT-DRAFT-CLEAN-GLOBAL-20260624	438	docs/registry/batch-intake-working-queues/gpmc_clean_global_track_working_queue_20260624.tsv	439	gpm_stl.csv	167112028	Blue - INSTRO	Blue - INSTRO	G Putnam Music	Cinema	GPMC-TRK-000438	DRAFT_TRACK_ID_RESERVED_PENDING_ADMIN_APPROVAL	TRACK_RECORD_NOT_CREATED	PIX_NOT_CREATED	LT_PIX_NOT_CREATED	KKR_NOT_STARTED	CI_NOT_CREATED	Draft assignment only; ID not official until final import is approved and registry row is created.
GPMC-TRK-ASSIGN-DRAFT-CLEAN-GLOBAL-20260624	439	GPMC-REG-IMPORT-DRAFT-CLEAN-GLOBAL-20260624	439	docs/registry/batch-intake-working-queues/gpmc_clean_global_track_working_queue_20260624.tsv	440	gpm_stl.csv	167156882	Forever It's Goodbye - INSTRO	Forever It's Goodbye - INSTRO	KLEIGH	Rough House	GPMC-TRK-000439	DRAFT_TRACK_ID_RESERVED_PENDING_ADMIN_APPROVAL	TRACK_RECORD_NOT_CREATED	PIX_NOT_CREATED	LT_PIX_NOT_CREATED	KKR_NOT_STARTED	CI_NOT_CREATED	Draft assignment only; ID not official until final import is approved and registry row is created.
GPMC-TRK-ASSIGN-DRAFT-CLEAN-GLOBAL-20260624	440	GPMC-REG-IMPORT-DRAFT-CLEAN-GLOBAL-20260624	440	docs/registry/batch-intake-working-queues/gpmc_clean_global_track_working_queue_20260624.tsv	441	gpm_stl.csv	167158582	I Know That I Know	I Know That I Know	KLEIGH	Beautiful World	GPMC-TRK-000440	DRAFT_TRACK_ID_RESERVED_PENDING_ADMIN_APPROVAL	TRACK_RECORD_NOT_CREATED	PIX_NOT_CREATED	LT_PIX_NOT_CREATED	KKR_NOT_STARTED	CI_NOT_CREATED	Draft assignment only; ID not official until final import is approved and registry row is created.
GPMC-TRK-ASSIGN-DRAFT-CLEAN-GLOBAL-20260624	441	GPMC-REG-IMPORT-DRAFT-CLEAN-GLOBAL-20260624	441	docs/registry/batch-intake-working-queues/gpmc_clean_global_track_working_queue_20260624.tsv	442	gpm_stl.csv	167158879	Into the Blue	Into the Blue	G Putnam Music	Go for the Heart	GPMC-TRK-000441	DRAFT_TRACK_ID_RESERVED_PENDING_ADMIN_APPROVAL	TRACK_RECORD_NOT_CREATED	PIX_NOT_CREATED	LT_PIX_NOT_CREATED	KKR_NOT_STARTED	CI_NOT_CREATED	Draft assignment only; ID not official until final import is approved and registry row is created.
GPMC-TRK-ASSIGN-DRAFT-CLEAN-GLOBAL-20260624	442	GPMC-REG-IMPORT-DRAFT-CLEAN-GLOBAL-20260624	442	docs/registry/batch-intake-working-queues/gpmc_clean_global_track_working_queue_20260624.tsv	443	gpm_stl.csv	167159652	Little Miss Worry - UNPLUGGED	Little Miss Worry - UNPLUGGED	KLEIGH	Still Walking	GPMC-TRK-000442	DRAFT_TRACK_ID_RESERVED_PENDING_ADMIN_APPROVAL	TRACK_RECORD_NOT_CREATED	PIX_NOT_CREATED	LT_PIX_NOT_CREATED	KKR_NOT_STARTED	CI_NOT_CREATED	Draft assignment only; ID not official until final import is approved and registry row is created.
GPMC-TRK-ASSIGN-DRAFT-CLEAN-GLOBAL-20260624	443	GPMC-REG-IMPORT-DRAFT-CLEAN-GLOBAL-20260624	443	docs/registry/batch-intake-working-queues/gpmc_clean_global_track_working_queue_20260624.tsv	444	gpm_stl.csv	167188255	Oh Won't Do It Again - INSTRO	Oh Won't Do It Again - INSTRO	G Putnam Music	Cinema	GPMC-TRK-000443	DRAFT_TRACK_ID_RESERVED_PENDING_ADMIN_APPROVAL	TRACK_RECORD_NOT_CREATED	PIX_NOT_CREATED	LT_PIX_NOT_CREATED	KKR_NOT_STARTED	CI_NOT_CREATED	Draft assignment only; ID not official until final import is approved and registry row is created.
GPMC-TRK-ASSIGN-DRAFT-CLEAN-GLOBAL-20260624	444	GPMC-REG-IMPORT-DRAFT-CLEAN-GLOBAL-20260624	444	docs/registry/batch-intake-working-queues/gpmc_clean_global_track_working_queue_20260624.tsv	445	gpm_stl.csv	167188815	The 3rd Synthetic Adventure - INSTRO	The 3rd Synthetic Adventure - INSTRO	G Putnam Music	Cinema	GPMC-TRK-000444	DRAFT_TRACK_ID_RESERVED_PENDING_ADMIN_APPROVAL	TRACK_RECORD_NOT_CREATED	PIX_NOT_CREATED	LT_PIX_NOT_CREATED	KKR_NOT_STARTED	CI_NOT_CREATED	Draft assignment only; ID not official until final import is approved and registry row is created.
GPMC-TRK-ASSIGN-DRAFT-CLEAN-GLOBAL-20260624	445	GPMC-REG-IMPORT-DRAFT-CLEAN-GLOBAL-20260624	445	docs/registry/batch-intake-working-queues/gpmc_clean_global_track_working_queue_20260624.tsv	446	gpm_stl.csv	167188937	This Puzzle	This Puzzle	Elle Gerdes	Elle’s Bells	GPMC-TRK-000445	DRAFT_TRACK_ID_RESERVED_PENDING_ADMIN_APPROVAL	TRACK_RECORD_NOT_CREATED	PIX_NOT_CREATED	LT_PIX_NOT_CREATED	KKR_NOT_STARTED	CI_NOT_CREATED	Draft assignment only; ID not official until final import is approved and registry row is created.
GPMC-TRK-ASSIGN-DRAFT-CLEAN-GLOBAL-20260624	446	GPMC-REG-IMPORT-DRAFT-CLEAN-GLOBAL-20260624	446	docs/registry/batch-intake-working-queues/gpmc_clean_global_track_working_queue_20260624.tsv	447	gpm_stl.csv	167188938	This Puzzle - Stripped	This Puzzle - Stripped	Ashleigh Brucker	An Ash Bash	GPMC-TRK-000446	DRAFT_TRACK_ID_RESERVED_PENDING_ADMIN_APPROVAL	TRACK_RECORD_NOT_CREATED	PIX_NOT_CREATED	LT_PIX_NOT_CREATED	KKR_NOT_STARTED	CI_NOT_CREATED	Draft assignment only; ID not official until final import is approved and registry row is created.
GPMC-TRK-ASSIGN-DRAFT-CLEAN-GLOBAL-20260624	447	GPMC-REG-IMPORT-DRAFT-CLEAN-GLOBAL-20260624	447	docs/registry/batch-intake-working-queues/gpmc_clean_global_track_working_queue_20260624.tsv	448	gpm_stl.csv	167191228	Thinkin' about You	Thinkin' about You	Lilli O'Dowd	Really Lilli	GPMC-TRK-000447	DRAFT_TRACK_ID_RESERVED_PENDING_ADMIN_APPROVAL	TRACK_RECORD_NOT_CREATED	PIX_NOT_CREATED	LT_PIX_NOT_CREATED	KKR_NOT_STARTED	CI_NOT_CREATED	Draft assignment only; ID not official until final import is approved and registry row is created.
GPMC-TRK-ASSIGN-DRAFT-CLEAN-GLOBAL-20260624	448	GPMC-REG-IMPORT-DRAFT-CLEAN-GLOBAL-20260624	448	docs/registry/batch-intake-working-queues/gpmc_clean_global_track_working_queue_20260624.tsv	449	gpm_stl.csv	167191331	Those Days	Those Days	KLEIGH	Heart for Heart	GPMC-TRK-000448	DRAFT_TRACK_ID_RESERVED_PENDING_ADMIN_APPROVAL	TRACK_RECORD_NOT_CREATED	PIX_NOT_CREATED	LT_PIX_NOT_CREATED	KKR_NOT_STARTED	CI_NOT_CREATED	Draft assignment only; ID not official until final import is approved and registry row is created.
GPMC-TRK-ASSIGN-DRAFT-CLEAN-GLOBAL-20260624	449	GPMC-REG-IMPORT-DRAFT-CLEAN-GLOBAL-20260624	449	docs/registry/batch-intake-working-queues/gpmc_clean_global_track_working_queue_20260624.tsv	450	gpm_stl.csv	167191683	Twist n' Turns - INSTRO	Twist n' Turns - INSTRO	Michael Scherer	He Has Jazz	GPMC-TRK-000449	DRAFT_TRACK_ID_RESERVED_PENDING_ADMIN_APPROVAL	TRACK_RECORD_NOT_CREATED	PIX_NOT_CREATED	LT_PIX_NOT_CREATED	KKR_NOT_STARTED	CI_NOT_CREATED	Draft assignment only; ID not official until final import is approved and registry row is created.
GPMC-TRK-ASSIGN-DRAFT-CLEAN-GLOBAL-20260624	450	GPMC-REG-IMPORT-DRAFT-CLEAN-GLOBAL-20260624	450	docs/registry/batch-intake-working-queues/gpmc_clean_global_track_working_queue_20260624.tsv	451	gpm_stl.csv	167191822	Wanna Know You	Wanna Know You	KLEIGH	Lovin’ Love	GPMC-TRK-000450	DRAFT_TRACK_ID_RESERVED_PENDING_ADMIN_APPROVAL	TRACK_RECORD_NOT_CREATED	PIX_NOT_CREATED	LT_PIX_NOT_CREATED	KKR_NOT_STARTED	CI_NOT_CREATED	Draft assignment only; ID not official until final import is approved and registry row is created.
GPMC-TRK-ASSIGN-DRAFT-CLEAN-GLOBAL-20260624	451	GPMC-REG-IMPORT-DRAFT-CLEAN-GLOBAL-20260624	451	docs/registry/batch-intake-working-queues/gpmc_clean_global_track_working_queue_20260624.tsv	452	gpm_stl.csv	167191823	The War	The War	KLEIGH	Rough House	GPMC-TRK-000451	DRAFT_TRACK_ID_RESERVED_PENDING_ADMIN_APPROVAL	TRACK_RECORD_NOT_CREATED	PIX_NOT_CREATED	LT_PIX_NOT_CREATED	KKR_NOT_STARTED	CI_NOT_CREATED	Draft assignment only; ID not official until final import is approved and registry row is created.
GPMC-TRK-ASSIGN-DRAFT-CLEAN-GLOBAL-20260624	452	GPMC-REG-IMPORT-DRAFT-CLEAN-GLOBAL-20260624	452	docs/registry/batch-intake-working-queues/gpmc_clean_global_track_working_queue_20260624.tsv	453	gpm_stl.csv	167191851	A Woman Knows - NS	A Woman Knows - NS	Lisa Perry	Clearly	GPMC-TRK-000452	DRAFT_TRACK_ID_RESERVED_PENDING_ADMIN_APPROVAL	TRACK_RECORD_NOT_CREATED	PIX_NOT_CREATED	LT_PIX_NOT_CREATED	KKR_NOT_STARTED	CI_NOT_CREATED	Draft assignment only; ID not official until final import is approved and registry row is created.
GPMC-TRK-ASSIGN-DRAFT-CLEAN-GLOBAL-20260624	453	GPMC-REG-IMPORT-DRAFT-CLEAN-GLOBAL-20260624	453	docs/registry/batch-intake-working-queues/gpmc_clean_global_track_working_queue_20260624.tsv	454	gpm_stl.csv	167282487	A Woman Knows - No Steel	A Woman Knows - No Steel	Lisa Perry	G Putnam Music	GPMC-TRK-000453	DRAFT_TRACK_ID_RESERVED_PENDING_ADMIN_APPROVAL	TRACK_RECORD_NOT_CREATED	PIX_NOT_CREATED	LT_PIX_NOT_CREATED	KKR_NOT_STARTED	CI_NOT_CREATED	Draft assignment only; ID not official until final import is approved and registry row is created.
GPMC-TRK-ASSIGN-DRAFT-CLEAN-GLOBAL-20260624	454	GPMC-REG-IMPORT-DRAFT-CLEAN-GLOBAL-20260624	454	docs/registry/batch-intake-working-queues/gpmc_clean_global_track_working_queue_20260624.tsv	455	gpm_stl.csv	167283006	A WOMAN KNOWS	A WOMAN KNOWS	Dyanne Harvey	TRAD Rich n' All	GPMC-TRK-000454	DRAFT_TRACK_ID_RESERVED_PENDING_ADMIN_APPROVAL	TRACK_RECORD_NOT_CREATED	PIX_NOT_CREATED	LT_PIX_NOT_CREATED	KKR_NOT_STARTED	CI_NOT_CREATED	Draft assignment only; ID not official until final import is approved and registry row is created.
GPMC-TRK-ASSIGN-DRAFT-CLEAN-GLOBAL-20260624	455	GPMC-REG-IMPORT-DRAFT-CLEAN-GLOBAL-20260624	455	docs/registry/batch-intake-working-queues/gpmc_clean_global_track_working_queue_20260624.tsv	456	gpm_stl.csv	167283009	A WOMAN KNOWS - INSTRO	A WOMAN KNOWS - INSTRO	G Putnam Music	Slight Light	GPMC-TRK-000455	DRAFT_TRACK_ID_RESERVED_PENDING_ADMIN_APPROVAL	TRACK_RECORD_NOT_CREATED	PIX_NOT_CREATED	LT_PIX_NOT_CREATED	KKR_NOT_STARTED	CI_NOT_CREATED	Draft assignment only; ID not official until final import is approved and registry row is created.
GPMC-TRK-ASSIGN-DRAFT-CLEAN-GLOBAL-20260624	456	GPMC-REG-IMPORT-DRAFT-CLEAN-GLOBAL-20260624	456	docs/registry/batch-intake-working-queues/gpmc_clean_global_track_working_queue_20260624.tsv	457	gpm_stl.csv	167283567	ALL I WANT IS YOU - INSTRO	ALL I WANT IS YOU - INSTRO	G Putnam Music	Desperate & Dirty	GPMC-TRK-000456	DRAFT_TRACK_ID_RESERVED_PENDING_ADMIN_APPROVAL	TRACK_RECORD_NOT_CREATED	PIX_NOT_CREATED	LT_PIX_NOT_CREATED	KKR_NOT_STARTED	CI_NOT_CREATED	Draft assignment only; ID not official until final import is approved and registry row is created.
GPMC-TRK-ASSIGN-DRAFT-CLEAN-GLOBAL-20260624	457	GPMC-REG-IMPORT-DRAFT-CLEAN-GLOBAL-20260624	457	docs/registry/batch-intake-working-queues/gpmc_clean_global_track_working_queue_20260624.tsv	458	gpm_stl.csv	167434371	I Live For This	I Live For This	Billy Harper	Cowboy Country	GPMC-TRK-000457	DRAFT_TRACK_ID_RESERVED_PENDING_ADMIN_APPROVAL	TRACK_RECORD_NOT_CREATED	PIX_NOT_CREATED	LT_PIX_NOT_CREATED	KKR_NOT_STARTED	CI_NOT_CREATED	Draft assignment only; ID not official until final import is approved and registry row is created.
GPMC-TRK-ASSIGN-DRAFT-CLEAN-GLOBAL-20260624	458	GPMC-REG-IMPORT-DRAFT-CLEAN-GLOBAL-20260624	458	docs/registry/batch-intake-working-queues/gpmc_clean_global_track_working_queue_20260624.tsv	459	gpm_stl.csv	167505319	You Ain't Sayin' ASH	You Ain't Sayin' ASH	Ashleigh Brucker	An Ash Bash	GPMC-TRK-000458	DRAFT_TRACK_ID_RESERVED_PENDING_ADMIN_APPROVAL	TRACK_RECORD_NOT_CREATED	PIX_NOT_CREATED	LT_PIX_NOT_CREATED	KKR_NOT_STARTED	CI_NOT_CREATED	Draft assignment only; ID not official until final import is approved and registry row is created.
GPMC-TRK-ASSIGN-DRAFT-CLEAN-GLOBAL-20260624	459	GPMC-REG-IMPORT-DRAFT-CLEAN-GLOBAL-20260624	459	docs/registry/batch-intake-working-queues/gpmc_clean_global_track_working_queue_20260624.tsv	460	gpm_stl.csv	167505900	That Empty Chair - Radio Edit - INSTRO	That Empty Chair - Radio Edit - INSTRO	G Putnam Music	Slight Light	GPMC-TRK-000459	DRAFT_TRACK_ID_RESERVED_PENDING_ADMIN_APPROVAL	TRACK_RECORD_NOT_CREATED	PIX_NOT_CREATED	LT_PIX_NOT_CREATED	KKR_NOT_STARTED	CI_NOT_CREATED	Draft assignment only; ID not official until final import is approved and registry row is created.
GPMC-TRK-ASSIGN-DRAFT-CLEAN-GLOBAL-20260624	460	GPMC-REG-IMPORT-DRAFT-CLEAN-GLOBAL-20260624	460	docs/registry/batch-intake-working-queues/gpmc_clean_global_track_working_queue_20260624.tsv	461	gpm_stl.csv	167947697	AWAKE	AWAKE	KLEIGH	Universe Of Dreams	GPMC-TRK-000460	DRAFT_TRACK_ID_RESERVED_PENDING_ADMIN_APPROVAL	TRACK_RECORD_NOT_CREATED	PIX_NOT_CREATED	LT_PIX_NOT_CREATED	KKR_NOT_STARTED	CI_NOT_CREATED	Draft assignment only; ID not official until final import is approved and registry row is created.
GPMC-TRK-ASSIGN-DRAFT-CLEAN-GLOBAL-20260624	461	GPMC-REG-IMPORT-DRAFT-CLEAN-GLOBAL-20260624	461	docs/registry/batch-intake-working-queues/gpmc_clean_global_track_working_queue_20260624.tsv	462	gpm_stl.csv	167947724	Take Me Away	Take Me Away	KLEIGH	Universe of Dreams	GPMC-TRK-000461	DRAFT_TRACK_ID_RESERVED_PENDING_ADMIN_APPROVAL	TRACK_RECORD_NOT_CREATED	PIX_NOT_CREATED	LT_PIX_NOT_CREATED	KKR_NOT_STARTED	CI_NOT_CREATED	Draft assignment only; ID not official until final import is approved and registry row is created.
GPMC-TRK-ASSIGN-DRAFT-CLEAN-GLOBAL-20260624	462	GPMC-REG-IMPORT-DRAFT-CLEAN-GLOBAL-20260624	462	docs/registry/batch-intake-working-queues/gpmc_clean_global_track_working_queue_20260624.tsv	463	gpm_stl.csv	167947802	DIVE RIGHT INTO YOU	DIVE RIGHT INTO YOU	KLEIGH	Universe of Dreams	GPMC-TRK-000462	DRAFT_TRACK_ID_RESERVED_PENDING_ADMIN_APPROVAL	TRACK_RECORD_NOT_CREATED	PIX_NOT_CREATED	LT_PIX_NOT_CREATED	KKR_NOT_STARTED	CI_NOT_CREATED	Draft assignment only; ID not official until final import is approved and registry row is created.
GPMC-TRK-ASSIGN-DRAFT-CLEAN-GLOBAL-20260624	463	GPMC-REG-IMPORT-DRAFT-CLEAN-GLOBAL-20260624	463	docs/registry/batch-intake-working-queues/gpmc_clean_global_track_working_queue_20260624.tsv	464	gpm_stl.csv	168275759	Comin' True	Comin' True	G Putnam Music	Coming Up!	GPMC-TRK-000463	DRAFT_TRACK_ID_RESERVED_PENDING_ADMIN_APPROVAL	TRACK_RECORD_NOT_CREATED	PIX_NOT_CREATED	LT_PIX_NOT_CREATED	KKR_NOT_STARTED	CI_NOT_CREATED	Draft assignment only; ID not official until final import is approved and registry row is created.
GPMC-TRK-ASSIGN-DRAFT-CLEAN-GLOBAL-20260624	464	GPMC-REG-IMPORT-DRAFT-CLEAN-GLOBAL-20260624	464	docs/registry/batch-intake-working-queues/gpmc_clean_global_track_working_queue_20260624.tsv	465	gpm_stl.csv	168336641	No Luck with Luck	No Luck with Luck	KLEIGH	Beyond Me	GPMC-TRK-000464	DRAFT_TRACK_ID_RESERVED_PENDING_ADMIN_APPROVAL	TRACK_RECORD_NOT_CREATED	PIX_NOT_CREATED	LT_PIX_NOT_CREATED	KKR_NOT_STARTED	CI_NOT_CREATED	Draft assignment only; ID not official until final import is approved and registry row is created.
GPMC-TRK-ASSIGN-DRAFT-CLEAN-GLOBAL-20260624	465	GPMC-REG-IMPORT-DRAFT-CLEAN-GLOBAL-20260624	465	docs/registry/batch-intake-working-queues/gpmc_clean_global_track_working_queue_20260624.tsv	466	gpm_stl.csv	169636161	ALL LIFE’S ABOUT	ALL LIFE’S ABOUT	Kleigh	Newly New	GPMC-TRK-000465	DRAFT_TRACK_ID_RESERVED_PENDING_ADMIN_APPROVAL	TRACK_RECORD_NOT_CREATED	PIX_NOT_CREATED	LT_PIX_NOT_CREATED	KKR_NOT_STARTED	CI_NOT_CREATED	Draft assignment only; ID not official until final import is approved and registry row is created.
GPMC-TRK-ASSIGN-DRAFT-CLEAN-GLOBAL-20260624	466	GPMC-REG-IMPORT-DRAFT-CLEAN-GLOBAL-20260624	466	docs/registry/batch-intake-working-queues/gpmc_clean_global_track_working_queue_20260624.tsv	467	gpm_stl.csv	169987482	Is It Us?	Is It Us?	KLEIGH	We're Better than This	GPMC-TRK-000466	DRAFT_TRACK_ID_RESERVED_PENDING_ADMIN_APPROVAL	TRACK_RECORD_NOT_CREATED	PIX_NOT_CREATED	LT_PIX_NOT_CREATED	KKR_NOT_STARTED	CI_NOT_CREATED	Draft assignment only; ID not official until final import is approved and registry row is created.
GPMC-TRK-ASSIGN-DRAFT-CLEAN-GLOBAL-20260624	467	GPMC-REG-IMPORT-DRAFT-CLEAN-GLOBAL-20260624	467	docs/registry/batch-intake-working-queues/gpmc_clean_global_track_working_queue_20260624.tsv	468	gpm_stl.csv	170755269	Fly Again - INSTRO	Fly Again - INSTRO	G Putnam Music	G Putnam Music - INSTRO	GPMC-TRK-000467	DRAFT_TRACK_ID_RESERVED_PENDING_ADMIN_APPROVAL	TRACK_RECORD_NOT_CREATED	PIX_NOT_CREATED	LT_PIX_NOT_CREATED	KKR_NOT_STARTED	CI_NOT_CREATED	Draft assignment only; ID not official until final import is approved and registry row is created.
GPMC-TRK-ASSIGN-DRAFT-CLEAN-GLOBAL-20260624	468	GPMC-REG-IMPORT-DRAFT-CLEAN-GLOBAL-20260624	468	docs/registry/batch-intake-working-queues/gpmc_clean_global_track_working_queue_20260624.tsv	469	gpm_stl.csv	170829911	WHERE ARE YOU NOW?	WHERE ARE YOU NOW?	KLEIGH	Memory’s Malice	GPMC-TRK-000468	DRAFT_TRACK_ID_RESERVED_PENDING_ADMIN_APPROVAL	TRACK_RECORD_NOT_CREATED	PIX_NOT_CREATED	LT_PIX_NOT_CREATED	KKR_NOT_STARTED	CI_NOT_CREATED	Draft assignment only; ID not official until final import is approved and registry row is created.
GPMC-TRK-ASSIGN-DRAFT-CLEAN-GLOBAL-20260624	469	GPMC-REG-IMPORT-DRAFT-CLEAN-GLOBAL-20260624	469	docs/registry/batch-intake-working-queues/gpmc_clean_global_track_working_queue_20260624.tsv	470	gpm_stl.csv	172393407	WALKING ALONE(TOWARD MY DESTINY) - INSTRO	WALKING ALONE(TOWARD MY DESTINY) - INSTRO	G Putnam Music	Still Walking	GPMC-TRK-000469	DRAFT_TRACK_ID_RESERVED_PENDING_ADMIN_APPROVAL	TRACK_RECORD_NOT_CREATED	PIX_NOT_CREATED	LT_PIX_NOT_CREATED	KKR_NOT_STARTED	CI_NOT_CREATED	Draft assignment only; ID not official until final import is approved and registry row is created.
GPMC-TRK-ASSIGN-DRAFT-CLEAN-GLOBAL-20260624	470	GPMC-REG-IMPORT-DRAFT-CLEAN-GLOBAL-20260624	470	docs/registry/batch-intake-working-queues/gpmc_clean_global_track_working_queue_20260624.tsv	471	gpm_stl.csv	172393758	Claustraphobia	Claustraphobia	Kleigh		GPMC-TRK-000470	DRAFT_TRACK_ID_RESERVED_PENDING_ADMIN_APPROVAL	TRACK_RECORD_NOT_CREATED	PIX_NOT_CREATED	LT_PIX_NOT_CREATED	KKR_NOT_STARTED	CI_NOT_CREATED	Draft assignment only; ID not official until final import is approved and registry row is created.
GPMC-TRK-ASSIGN-DRAFT-CLEAN-GLOBAL-20260624	471	GPMC-REG-IMPORT-DRAFT-CLEAN-GLOBAL-20260624	471	docs/registry/batch-intake-working-queues/gpmc_clean_global_track_working_queue_20260624.tsv	472	gpm_stl.csv	173843246	Get So Down	Get So Down	KLEIGH	Newly New	GPMC-TRK-000471	DRAFT_TRACK_ID_RESERVED_PENDING_ADMIN_APPROVAL	TRACK_RECORD_NOT_CREATED	PIX_NOT_CREATED	LT_PIX_NOT_CREATED	KKR_NOT_STARTED	CI_NOT_CREATED	Draft assignment only; ID not official until final import is approved and registry row is created.
GPMC-TRK-ASSIGN-DRAFT-CLEAN-GLOBAL-20260624	472	GPMC-REG-IMPORT-DRAFT-CLEAN-GLOBAL-20260624	472	docs/registry/batch-intake-working-queues/gpmc_clean_global_track_working_queue_20260624.tsv	473	gpm_stl.csv	173897393	I Get So Down	I Get So Down			GPMC-TRK-000472	DRAFT_TRACK_ID_RESERVED_PENDING_ADMIN_APPROVAL	TRACK_RECORD_NOT_CREATED	PIX_NOT_CREATED	LT_PIX_NOT_CREATED	KKR_NOT_STARTED	CI_NOT_CREATED	Draft assignment only; ID not official until final import is approved and registry row is created.
GPMC-TRK-ASSIGN-DRAFT-CLEAN-GLOBAL-20260624	473	GPMC-REG-IMPORT-DRAFT-CLEAN-GLOBAL-20260624	473	docs/registry/batch-intake-working-queues/gpmc_clean_global_track_working_queue_20260624.tsv	474	gpm_stl.csv	174644040	Kleigh - Breathing Serenity	Kleigh - Breathing Serenity			GPMC-TRK-000473	DRAFT_TRACK_ID_RESERVED_PENDING_ADMIN_APPROVAL	TRACK_RECORD_NOT_CREATED	PIX_NOT_CREATED	LT_PIX_NOT_CREATED	KKR_NOT_STARTED	CI_NOT_CREATED	Draft assignment only; ID not official until final import is approved and registry row is created.
GPMC-TRK-ASSIGN-DRAFT-CLEAN-GLOBAL-20260624	474	GPMC-REG-IMPORT-DRAFT-CLEAN-GLOBAL-20260624	474	docs/registry/batch-intake-working-queues/gpmc_clean_global_track_working_queue_20260624.tsv	475	gpm_stl.csv	174644042	Kleigh - Nightfall	Kleigh - Nightfall			GPMC-TRK-000474	DRAFT_TRACK_ID_RESERVED_PENDING_ADMIN_APPROVAL	TRACK_RECORD_NOT_CREATED	PIX_NOT_CREATED	LT_PIX_NOT_CREATED	KKR_NOT_STARTED	CI_NOT_CREATED	Draft assignment only; ID not official until final import is approved and registry row is created.
GPMC-TRK-ASSIGN-DRAFT-CLEAN-GLOBAL-20260624	475	GPMC-REG-IMPORT-DRAFT-CLEAN-GLOBAL-20260624	475	docs/registry/batch-intake-working-queues/gpmc_clean_global_track_working_queue_20260624.tsv	476	gpm_stl.csv	174644047	Kleigh - A Calm Evening	Kleigh - A Calm Evening			GPMC-TRK-000475	DRAFT_TRACK_ID_RESERVED_PENDING_ADMIN_APPROVAL	TRACK_RECORD_NOT_CREATED	PIX_NOT_CREATED	LT_PIX_NOT_CREATED	KKR_NOT_STARTED	CI_NOT_CREATED	Draft assignment only; ID not official until final import is approved and registry row is created.
GPMC-TRK-ASSIGN-DRAFT-CLEAN-GLOBAL-20260624	476	GPMC-REG-IMPORT-DRAFT-CLEAN-GLOBAL-20260624	476	docs/registry/batch-intake-working-queues/gpmc_clean_global_track_working_queue_20260624.tsv	477	gpm_stl.csv	174644049	Kleigh - Reflections	Kleigh - Reflections			GPMC-TRK-000476	DRAFT_TRACK_ID_RESERVED_PENDING_ADMIN_APPROVAL	TRACK_RECORD_NOT_CREATED	PIX_NOT_CREATED	LT_PIX_NOT_CREATED	KKR_NOT_STARTED	CI_NOT_CREATED	Draft assignment only; ID not official until final import is approved and registry row is created.
GPMC-TRK-ASSIGN-DRAFT-CLEAN-GLOBAL-20260624	477	GPMC-REG-IMPORT-DRAFT-CLEAN-GLOBAL-20260624	477	docs/registry/batch-intake-working-queues/gpmc_clean_global_track_working_queue_20260624.tsv	478	gpm_stl.csv	174644050	Kleigh - Optimistic Expectations	Kleigh - Optimistic Expectations			GPMC-TRK-000477	DRAFT_TRACK_ID_RESERVED_PENDING_ADMIN_APPROVAL	TRACK_RECORD_NOT_CREATED	PIX_NOT_CREATED	LT_PIX_NOT_CREATED	KKR_NOT_STARTED	CI_NOT_CREATED	Draft assignment only; ID not official until final import is approved and registry row is created.
GPMC-TRK-ASSIGN-DRAFT-CLEAN-GLOBAL-20260624	478	GPMC-REG-IMPORT-DRAFT-CLEAN-GLOBAL-20260624	478	docs/registry/batch-intake-working-queues/gpmc_clean_global_track_working_queue_20260624.tsv	479	gpm_stl.csv	174644056	Kleigh - Tall Forest	Kleigh - Tall Forest			GPMC-TRK-000478	DRAFT_TRACK_ID_RESERVED_PENDING_ADMIN_APPROVAL	TRACK_RECORD_NOT_CREATED	PIX_NOT_CREATED	LT_PIX_NOT_CREATED	KKR_NOT_STARTED	CI_NOT_CREATED	Draft assignment only; ID not official until final import is approved and registry row is created.
GPMC-TRK-ASSIGN-DRAFT-CLEAN-GLOBAL-20260624	479	GPMC-REG-IMPORT-DRAFT-CLEAN-GLOBAL-20260624	479	docs/registry/batch-intake-working-queues/gpmc_clean_global_track_working_queue_20260624.tsv	480	gpm_stl.csv	174644058	Kleigh - Solace	Kleigh - Solace			GPMC-TRK-000479	DRAFT_TRACK_ID_RESERVED_PENDING_ADMIN_APPROVAL	TRACK_RECORD_NOT_CREATED	PIX_NOT_CREATED	LT_PIX_NOT_CREATED	KKR_NOT_STARTED	CI_NOT_CREATED	Draft assignment only; ID not official until final import is approved and registry row is created.
GPMC-TRK-ASSIGN-DRAFT-CLEAN-GLOBAL-20260624	480	GPMC-REG-IMPORT-DRAFT-CLEAN-GLOBAL-20260624	480	docs/registry/batch-intake-working-queues/gpmc_clean_global_track_working_queue_20260624.tsv	481	gpm_stl.csv	174644060	Kleigh - Waterfall	Kleigh - Waterfall			GPMC-TRK-000480	DRAFT_TRACK_ID_RESERVED_PENDING_ADMIN_APPROVAL	TRACK_RECORD_NOT_CREATED	PIX_NOT_CREATED	LT_PIX_NOT_CREATED	KKR_NOT_STARTED	CI_NOT_CREATED	Draft assignment only; ID not official until final import is approved and registry row is created.
GPMC-TRK-ASSIGN-DRAFT-CLEAN-GLOBAL-20260624	481	GPMC-REG-IMPORT-DRAFT-CLEAN-GLOBAL-20260624	481	docs/registry/batch-intake-working-queues/gpmc_clean_global_track_working_queue_20260624.tsv	482	gpm_stl.csv	174735510	Is-It-Us	Is-It-Us			GPMC-TRK-000481	DRAFT_TRACK_ID_RESERVED_PENDING_ADMIN_APPROVAL	TRACK_RECORD_NOT_CREATED	PIX_NOT_CREATED	LT_PIX_NOT_CREATED	KKR_NOT_STARTED	CI_NOT_CREATED	Draft assignment only; ID not official until final import is approved and registry row is created.
GPMC-TRK-ASSIGN-DRAFT-CLEAN-GLOBAL-20260624	482	GPMC-REG-IMPORT-DRAFT-CLEAN-GLOBAL-20260624	482	docs/registry/batch-intake-working-queues/gpmc_clean_global_track_working_queue_20260624.tsv	483	gpm_stl.csv	174735591	Bought-Into-Your-Game	Bought-Into-Your-Game	KLEIGH	Newly New	GPMC-TRK-000482	DRAFT_TRACK_ID_RESERVED_PENDING_ADMIN_APPROVAL	TRACK_RECORD_NOT_CREATED	PIX_NOT_CREATED	LT_PIX_NOT_CREATED	KKR_NOT_STARTED	CI_NOT_CREATED	Draft assignment only; ID not official until final import is approved and registry row is created.
GPMC-TRK-ASSIGN-DRAFT-CLEAN-GLOBAL-20260624	483	GPMC-REG-IMPORT-DRAFT-CLEAN-GLOBAL-20260624	483	docs/registry/batch-intake-working-queues/gpmc_clean_global_track_working_queue_20260624.tsv	484	gpm_stl.csv	174809729	Magical Miracle	Magical Miracle	Kleigh	Newly New	GPMC-TRK-000483	DRAFT_TRACK_ID_RESERVED_PENDING_ADMIN_APPROVAL	TRACK_RECORD_NOT_CREATED	PIX_NOT_CREATED	LT_PIX_NOT_CREATED	KKR_NOT_STARTED	CI_NOT_CREATED	Draft assignment only; ID not official until final import is approved and registry row is created.
GPMC-TRK-ASSIGN-DRAFT-CLEAN-GLOBAL-20260624	484	GPMC-REG-IMPORT-DRAFT-CLEAN-GLOBAL-20260624	484	docs/registry/batch-intake-working-queues/gpmc_clean_global_track_working_queue_20260624.tsv	485	gpm_stl.csv	175174138	AIN'T WASTED TIME	AIN'T WASTED TIME			GPMC-TRK-000484	DRAFT_TRACK_ID_RESERVED_PENDING_ADMIN_APPROVAL	TRACK_RECORD_NOT_CREATED	PIX_NOT_CREATED	LT_PIX_NOT_CREATED	KKR_NOT_STARTED	CI_NOT_CREATED	Draft assignment only; ID not official until final import is approved and registry row is created.
GPMC-TRK-ASSIGN-DRAFT-CLEAN-GLOBAL-20260624	485	GPMC-REG-IMPORT-DRAFT-CLEAN-GLOBAL-20260624	485	docs/registry/batch-intake-working-queues/gpmc_clean_global_track_working_queue_20260624.tsv	486	gpm_stl.csv	175174390	ALL ALONE	ALL ALONE	Zach Jackson	Zach’s Back	GPMC-TRK-000485	DRAFT_TRACK_ID_RESERVED_PENDING_ADMIN_APPROVAL	TRACK_RECORD_NOT_CREATED	PIX_NOT_CREATED	LT_PIX_NOT_CREATED	KKR_NOT_STARTED	CI_NOT_CREATED	Draft assignment only; ID not official until final import is approved and registry row is created.
GPMC-TRK-ASSIGN-DRAFT-CLEAN-GLOBAL-20260624	486	GPMC-REG-IMPORT-DRAFT-CLEAN-GLOBAL-20260624	486	docs/registry/batch-intake-working-queues/gpmc_clean_global_track_working_queue_20260624.tsv	487	gpm_stl.csv	175177650	ALIVE N' KICKIN'	ALIVE N' KICKIN'			GPMC-TRK-000486	DRAFT_TRACK_ID_RESERVED_PENDING_ADMIN_APPROVAL	TRACK_RECORD_NOT_CREATED	PIX_NOT_CREATED	LT_PIX_NOT_CREATED	KKR_NOT_STARTED	CI_NOT_CREATED	Draft assignment only; ID not official until final import is approved and registry row is created.
GPMC-TRK-ASSIGN-DRAFT-CLEAN-GLOBAL-20260624	487	GPMC-REG-IMPORT-DRAFT-CLEAN-GLOBAL-20260624	487	docs/registry/batch-intake-working-queues/gpmc_clean_global_track_working_queue_20260624.tsv	488	gpm_stl.csv	175178233	BATTLE CRIES	BATTLE CRIES			GPMC-TRK-000487	DRAFT_TRACK_ID_RESERVED_PENDING_ADMIN_APPROVAL	TRACK_RECORD_NOT_CREATED	PIX_NOT_CREATED	LT_PIX_NOT_CREATED	KKR_NOT_STARTED	CI_NOT_CREATED	Draft assignment only; ID not official until final import is approved and registry row is created.
GPMC-TRK-ASSIGN-DRAFT-CLEAN-GLOBAL-20260624	488	GPMC-REG-IMPORT-DRAFT-CLEAN-GLOBAL-20260624	488	docs/registry/batch-intake-working-queues/gpmc_clean_global_track_working_queue_20260624.tsv	489	gpm_stl.csv	175178347	BE TRUSTWORTHY	BE TRUSTWORTHY			GPMC-TRK-000488	DRAFT_TRACK_ID_RESERVED_PENDING_ADMIN_APPROVAL	TRACK_RECORD_NOT_CREATED	PIX_NOT_CREATED	LT_PIX_NOT_CREATED	KKR_NOT_STARTED	CI_NOT_CREATED	Draft assignment only; ID not official until final import is approved and registry row is created.
GPMC-TRK-ASSIGN-DRAFT-CLEAN-GLOBAL-20260624	489	GPMC-REG-IMPORT-DRAFT-CLEAN-GLOBAL-20260624	489	docs/registry/batch-intake-working-queues/gpmc_clean_global_track_working_queue_20260624.tsv	490	gpm_stl.csv	175178876	BIG 'N LOUD-STRIPPED DOWN	BIG 'N LOUD-STRIPPED DOWN			GPMC-TRK-000489	DRAFT_TRACK_ID_RESERVED_PENDING_ADMIN_APPROVAL	TRACK_RECORD_NOT_CREATED	PIX_NOT_CREATED	LT_PIX_NOT_CREATED	KKR_NOT_STARTED	CI_NOT_CREATED	Draft assignment only; ID not official until final import is approved and registry row is created.
GPMC-TRK-ASSIGN-DRAFT-CLEAN-GLOBAL-20260624	490	GPMC-REG-IMPORT-DRAFT-CLEAN-GLOBAL-20260624	490	docs/registry/batch-intake-working-queues/gpmc_clean_global_track_working_queue_20260624.tsv	491	gpm_stl.csv	175178883	BIG 'N LOUD	BIG 'N LOUD			GPMC-TRK-000490	DRAFT_TRACK_ID_RESERVED_PENDING_ADMIN_APPROVAL	TRACK_RECORD_NOT_CREATED	PIX_NOT_CREATED	LT_PIX_NOT_CREATED	KKR_NOT_STARTED	CI_NOT_CREATED	Draft assignment only; ID not official until final import is approved and registry row is created.
GPMC-TRK-ASSIGN-DRAFT-CLEAN-GLOBAL-20260624	491	GPMC-REG-IMPORT-DRAFT-CLEAN-GLOBAL-20260624	491	docs/registry/batch-intake-working-queues/gpmc_clean_global_track_working_queue_20260624.tsv	492	gpm_stl.csv	175180849	DON'T CALL IT LOVE	DON'T CALL IT LOVE			GPMC-TRK-000491	DRAFT_TRACK_ID_RESERVED_PENDING_ADMIN_APPROVAL	TRACK_RECORD_NOT_CREATED	PIX_NOT_CREATED	LT_PIX_NOT_CREATED	KKR_NOT_STARTED	CI_NOT_CREATED	Draft assignment only; ID not official until final import is approved and registry row is created.
GPMC-TRK-ASSIGN-DRAFT-CLEAN-GLOBAL-20260624	492	GPMC-REG-IMPORT-DRAFT-CLEAN-GLOBAL-20260624	492	docs/registry/batch-intake-working-queues/gpmc_clean_global_track_working_queue_20260624.tsv	493	gpm_stl.csv	175181059	I LIVE FOR THIS - Exclusive to SpiderCues	I LIVE FOR THIS - Exclusive to SpiderCues	G Putnam Music	Male	GPMC-TRK-000492	DRAFT_TRACK_ID_RESERVED_PENDING_ADMIN_APPROVAL	TRACK_RECORD_NOT_CREATED	PIX_NOT_CREATED	LT_PIX_NOT_CREATED	KKR_NOT_STARTED	CI_NOT_CREATED	Draft assignment only; ID not official until final import is approved and registry row is created.
GPMC-TRK-ASSIGN-DRAFT-CLEAN-GLOBAL-20260624	493	GPMC-REG-IMPORT-DRAFT-CLEAN-GLOBAL-20260624	493	docs/registry/batch-intake-working-queues/gpmc_clean_global_track_working_queue_20260624.tsv	494	gpm_stl.csv	175181060	HAD ME BELIEVIN' - Exclusive to SpiderCues	HAD ME BELIEVIN' - Exclusive to SpiderCues	G Putnam Music	Female	GPMC-TRK-000493	DRAFT_TRACK_ID_RESERVED_PENDING_ADMIN_APPROVAL	TRACK_RECORD_NOT_CREATED	PIX_NOT_CREATED	LT_PIX_NOT_CREATED	KKR_NOT_STARTED	CI_NOT_CREATED	Draft assignment only; ID not official until final import is approved and registry row is created.
GPMC-TRK-ASSIGN-DRAFT-CLEAN-GLOBAL-20260624	494	GPMC-REG-IMPORT-DRAFT-CLEAN-GLOBAL-20260624	494	docs/registry/batch-intake-working-queues/gpmc_clean_global_track_working_queue_20260624.tsv	495	gpm_stl.csv	175181061	GET A CLUE - Exclusive to SpiderCues	GET A CLUE - Exclusive to SpiderCues	G Putnam Music	Female	GPMC-TRK-000494	DRAFT_TRACK_ID_RESERVED_PENDING_ADMIN_APPROVAL	TRACK_RECORD_NOT_CREATED	PIX_NOT_CREATED	LT_PIX_NOT_CREATED	KKR_NOT_STARTED	CI_NOT_CREATED	Draft assignment only; ID not official until final import is approved and registry row is created.
GPMC-TRK-ASSIGN-DRAFT-CLEAN-GLOBAL-20260624	495	GPMC-REG-IMPORT-DRAFT-CLEAN-GLOBAL-20260624	495	docs/registry/batch-intake-working-queues/gpmc_clean_global_track_working_queue_20260624.tsv	496	gpm_stl.csv	175181520	LISTEN - Exclusive to SpiderCues	LISTEN - Exclusive to SpiderCues	G Putnam Music	Female	GPMC-TRK-000495	DRAFT_TRACK_ID_RESERVED_PENDING_ADMIN_APPROVAL	TRACK_RECORD_NOT_CREATED	PIX_NOT_CREATED	LT_PIX_NOT_CREATED	KKR_NOT_STARTED	CI_NOT_CREATED	Draft assignment only; ID not official until final import is approved and registry row is created.
GPMC-TRK-ASSIGN-DRAFT-CLEAN-GLOBAL-20260624	496	GPMC-REG-IMPORT-DRAFT-CLEAN-GLOBAL-20260624	496	docs/registry/batch-intake-working-queues/gpmc_clean_global_track_working_queue_20260624.tsv	497	gpm_stl.csv	175181606	FAR AWAY FROM HERE	FAR AWAY FROM HERE			GPMC-TRK-000496	DRAFT_TRACK_ID_RESERVED_PENDING_ADMIN_APPROVAL	TRACK_RECORD_NOT_CREATED	PIX_NOT_CREATED	LT_PIX_NOT_CREATED	KKR_NOT_STARTED	CI_NOT_CREATED	Draft assignment only; ID not official until final import is approved and registry row is created.
GPMC-TRK-ASSIGN-DRAFT-CLEAN-GLOBAL-20260624	497	GPMC-REG-IMPORT-DRAFT-CLEAN-GLOBAL-20260624	497	docs/registry/batch-intake-working-queues/gpmc_clean_global_track_working_queue_20260624.tsv	498	gpm_stl.csv	175182297	GOING OFF THE DEEP END - MASTER TV MIX	GOING OFF THE DEEP END - MASTER TV MIX			GPMC-TRK-000497	DRAFT_TRACK_ID_RESERVED_PENDING_ADMIN_APPROVAL	TRACK_RECORD_NOT_CREATED	PIX_NOT_CREATED	LT_PIX_NOT_CREATED	KKR_NOT_STARTED	CI_NOT_CREATED	Draft assignment only; ID not official until final import is approved and registry row is created.
GPMC-TRK-ASSIGN-DRAFT-CLEAN-GLOBAL-20260624	498	GPMC-REG-IMPORT-DRAFT-CLEAN-GLOBAL-20260624	498	docs/registry/batch-intake-working-queues/gpmc_clean_global_track_working_queue_20260624.tsv	499	gpm_stl.csv	175183479	CLEAN SWEEP - Exclusive to SpiderCues	CLEAN SWEEP - Exclusive to SpiderCues	G Putnam Music	Female	GPMC-TRK-000498	DRAFT_TRACK_ID_RESERVED_PENDING_ADMIN_APPROVAL	TRACK_RECORD_NOT_CREATED	PIX_NOT_CREATED	LT_PIX_NOT_CREATED	KKR_NOT_STARTED	CI_NOT_CREATED	Draft assignment only; ID not official until final import is approved and registry row is created.
GPMC-TRK-ASSIGN-DRAFT-CLEAN-GLOBAL-20260624	499	GPMC-REG-IMPORT-DRAFT-CLEAN-GLOBAL-20260624	499	docs/registry/batch-intake-working-queues/gpmc_clean_global_track_working_queue_20260624.tsv	500	gpm_stl.csv	175183483	A WOMAN KNOWS - Exclusive to SpiderCues	A WOMAN KNOWS - Exclusive to SpiderCues	G Putnam Music	Female	GPMC-TRK-000499	DRAFT_TRACK_ID_RESERVED_PENDING_ADMIN_APPROVAL	TRACK_RECORD_NOT_CREATED	PIX_NOT_CREATED	LT_PIX_NOT_CREATED	KKR_NOT_STARTED	CI_NOT_CREATED	Draft assignment only; ID not official until final import is approved and registry row is created.
GPMC-TRK-ASSIGN-DRAFT-CLEAN-GLOBAL-20260624	500	GPMC-REG-IMPORT-DRAFT-CLEAN-GLOBAL-20260624	500	docs/registry/batch-intake-working-queues/gpmc_clean_global_track_working_queue_20260624.tsv	501	gpm_stl.csv	179459166	Pop Star	Pop Star	Kleigh		GPMC-TRK-000500	DRAFT_TRACK_ID_RESERVED_PENDING_ADMIN_APPROVAL	TRACK_RECORD_NOT_CREATED	PIX_NOT_CREATED	LT_PIX_NOT_CREATED	KKR_NOT_STARTED	CI_NOT_CREATED	Draft assignment only; ID not official until final import is approved and registry row is created.
GPMC-TRK-ASSIGN-DRAFT-CLEAN-GLOBAL-20260624	501	GPMC-REG-IMPORT-DRAFT-CLEAN-GLOBAL-20260624	501	docs/registry/batch-intake-working-queues/gpmc_clean_global_track_working_queue_20260624.tsv	502	gpm_stl.csv	179462407	Pop Star instrumental	Pop Star - INSTRO	Kleigh		GPMC-TRK-000501	DRAFT_TRACK_ID_RESERVED_PENDING_ADMIN_APPROVAL	TRACK_RECORD_NOT_CREATED	PIX_NOT_CREATED	LT_PIX_NOT_CREATED	KKR_NOT_STARTED	CI_NOT_CREATED	Draft assignment only; ID not official until final import is approved and registry row is created.
GPMC-TRK-ASSIGN-DRAFT-CLEAN-GLOBAL-20260624	502	GPMC-REG-IMPORT-DRAFT-CLEAN-GLOBAL-20260624	502	docs/registry/batch-intake-working-queues/gpmc_clean_global_track_working_queue_20260624.tsv	503	gpm_stl.csv	179462454	DOWN BABY instrumental	DOWN BABY - INSTRO	KLEIGH	Go for the Heart	GPMC-TRK-000502	DRAFT_TRACK_ID_RESERVED_PENDING_ADMIN_APPROVAL	TRACK_RECORD_NOT_CREATED	PIX_NOT_CREATED	LT_PIX_NOT_CREATED	KKR_NOT_STARTED	CI_NOT_CREATED	Draft assignment only; ID not official until final import is approved and registry row is created.
GPMC-TRK-ASSIGN-DRAFT-CLEAN-GLOBAL-20260624	503	GPMC-REG-IMPORT-DRAFT-CLEAN-GLOBAL-20260624	503	docs/registry/batch-intake-working-queues/gpmc_clean_global_track_working_queue_20260624.tsv	504	gpm_stl.csv	179462498	DIVE RIGHT INTO YOU  instrumental	DIVE RIGHT INTO YOU - INSTRO	KLEIGH	Universe of Dreams	GPMC-TRK-000503	DRAFT_TRACK_ID_RESERVED_PENDING_ADMIN_APPROVAL	TRACK_RECORD_NOT_CREATED	PIX_NOT_CREATED	LT_PIX_NOT_CREATED	KKR_NOT_STARTED	CI_NOT_CREATED	Draft assignment only; ID not official until final import is approved and registry row is created.
GPMC-TRK-ASSIGN-DRAFT-CLEAN-GLOBAL-20260624	504	GPMC-REG-IMPORT-DRAFT-CLEAN-GLOBAL-20260624	504	docs/registry/batch-intake-working-queues/gpmc_clean_global_track_working_queue_20260624.tsv	505	gpm_stl.csv	180050979	Just like You	Just like You	Kleigh		GPMC-TRK-000504	DRAFT_TRACK_ID_RESERVED_PENDING_ADMIN_APPROVAL	TRACK_RECORD_NOT_CREATED	PIX_NOT_CREATED	LT_PIX_NOT_CREATED	KKR_NOT_STARTED	CI_NOT_CREATED	Draft assignment only; ID not official until final import is approved and registry row is created.
